entry_time,exit_time,dir,session,level,entry_px,exit_px,sl_dist%,tp1_hit,total_usd,equity,exit,bars,month
2025-03-31 09:00,2025-03-31 10:30,SHORT,London,PrevLow,81575.23,81909.0,0.5629,False,-164.9,9835.1,TIME,6,2025-03
2025-03-31 15:00,2025-03-31 16:30,SHORT,NY_open,PrevHigh,83438.9,83373.4,0.672,False,6.88,9841.98,TIME,6,2025-03
2025-03-31 16:30,2025-03-31 18:30,SHORT,NY_prime,PrevHigh,83373.4,83373.4,0.4943,True,155.11,9997.08,SL,8,2025-03
2025-04-01 09:00,2025-04-01 10:15,SHORT,London,SwingH,84150.54,84375.8,0.2677,False,-161.3,9835.79,SL,5,2025-04
2025-04-01 14:30,2025-04-01 15:30,LONG,NY_open,VWAP,83498.45,85239.5,0.834,True,364.08,10199.87,TP2,4,2025-04
2025-04-01 16:30,2025-04-01 18:00,SHORT,NY_prime,RoundNum,84940.04,84855.0,0.4236,False,21.73,10221.6,TIME,6,2025-04
2025-04-02 09:00,2025-04-02 10:30,LONG,London,PrevHigh,85303.25,85026.66,0.8771,False,-88.39,10133.21,TIME,6,2025-04
2025-04-02 14:45,2025-04-02 17:00,LONG,NY_open,RoundNum,85874.71,87078.6,0.5608,True,368.46,10501.67,TP2,9,2025-04
2025-04-03 14:30,2025-04-03 16:00,SHORT,NY_open,SwingL,81782.99,82129.31,0.9001,False,-111.64,10390.03,TIME,6,2025-04
2025-04-03 16:30,2025-04-03 18:00,SHORT,NY_prime,RoundNum,81979.72,81668.12,0.6032,False,111.99,10502.02,TIME,6,2025-04
2025-04-04 16:30,2025-04-05 13:15,LONG,NY_prime,VWAP,83094.72,83094.72,0.6795,True,171.92,10673.94,SL,83,2025-04
2025-04-06 09:15,2025-04-06 10:15,LONG,London,RoundNum,83079.96,82853.58,0.2725,False,-174.78,10499.16,SL,4,2025-04
2025-04-06 14:30,2025-04-06 16:00,LONG,NY_open,PrevLow,82528.82,82419.44,0.3122,False,-98.45,10400.71,TIME,6,2025-04
2025-04-06 16:30,2025-04-06 17:45,SHORT,NY_prime,SwingL,82115.1,81176.08,0.4574,True,373.49,10774.21,TP2,5,2025-04
2025-04-07 09:15,2025-04-07 13:30,LONG,London,RoundNum,76204.15,76204.15,0.9473,True,181.34,10955.54,SL,17,2025-04
2025-04-08 09:15,2025-04-08 10:45,SHORT,London,SwingL,78850.49,78980.02,0.3959,False,-120.11,10835.43,TIME,6,2025-04
2025-04-08 15:00,2025-04-08 16:30,SHORT,NY_open,SwingL,78302.12,77477.26,0.8811,False,245.56,11080.99,TIME,6,2025-04
2025-04-09 15:00,2025-04-09 16:30,LONG,NY_open,RoundNum,77327.61,77769.14,1.0145,False,112.72,11193.71,TIME,6,2025-04
2025-04-09 16:45,2025-04-09 17:30,LONG,NY_prime,SwingH,78205.91,80037.81,0.937,True,416.0,11609.71,TP2,3,2025-04
2025-04-10 09:45,2025-04-10 10:15,LONG,London,RoundNum,82016.82,81693.12,0.3947,False,-261.03,11348.68,SL,2,2025-04
2025-04-10 15:00,2025-04-11 03:30,SHORT,NY_open,SwingL,80664.3,80664.3,0.9826,True,191.48,11540.17,SL,50,2025-04
2025-04-11 09:30,2025-04-11 11:30,LONG,London,SwingH,82162.78,82162.78,0.33,True,139.47,11679.63,SL,8,2025-04
2025-04-11 14:45,2025-04-11 15:30,SHORT,NY_open,RoundNum,81848.71,82480.96,0.7725,False,-250.22,11429.41,SL,3,2025-04
2025-04-12 14:30,2025-04-12 16:00,SHORT,NY_open,RoundNum,84826.44,84881.94,0.6004,False,-45.85,11383.56,TIME,6,2025-04
2025-04-13 14:30,2025-04-13 16:00,LONG,NY_open,RoundNum,84004.46,84048.03,0.4335,False,-1.65,11381.91,TIME,6,2025-04
2025-04-14 09:15,2025-04-14 10:45,SHORT,London,VWAP,84483.15,84645.49,0.5534,False,-101.67,11280.24,TIME,6,2025-04
2025-04-14 14:30,2025-04-14 15:00,LONG,NY_open,SwingH,85515.63,84827.74,0.8044,False,-241.03,11039.21,SL,2,2025-04
2025-04-14 15:15,2025-04-14 16:45,SHORT,NY_open,VWAP,84545.42,84342.77,0.5454,False,74.76,11113.97,TIME,6,2025-04
2025-04-14 16:45,2025-04-14 17:45,SHORT,NY_prime,VWAP,84342.77,84864.54,0.6186,False,-242.04,10871.93,SL,4,2025-04
2025-04-15 09:00,2025-04-15 10:30,LONG,London,PrevHigh,85870.89,85695.06,0.2048,False,-141.21,10730.72,SL,6,2025-04
2025-04-15 14:30,2025-04-15 16:00,LONG,NY_open,VWAP,85240.01,84994.33,0.5854,False,-125.84,10604.89,TIME,6,2025-04
2025-04-15 16:45,2025-04-15 19:30,SHORT,NY_prime,RoundNum,84857.39,84072.12,0.3702,True,346.53,10951.42,TP2,11,2025-04
2025-04-16 09:45,2025-04-16 10:15,SHORT,London,PrevLow,83592.66,83846.25,0.3034,False,-196.23,10755.19,SL,2,2025-04
2025-04-16 14:30,2025-04-16 16:00,LONG,NY_open,SwingH,84680.86,84996.67,0.6303,False,108.5,10863.69,TIME,6,2025-04
2025-04-17 14:30,2025-04-17 16:00,LONG,NY_open,RoundNum,84127.89,84607.19,0.5856,False,190.98,11054.67,TIME,6,2025-04
2025-04-17 16:30,2025-04-17 18:00,SHORT,NY_prime,SwingH,84767.11,85193.9,0.5035,False,-245.25,10809.42,SL,6,2025-04
2025-04-19 09:00,2025-04-19 10:15,LONG,London,SwingH,85412.36,85231.22,0.2121,False,-144.35,10665.08,SL,5,2025-04
2025-04-19 16:30,2025-04-19 17:45,SHORT,NY_prime,RoundNum,84995.59,85169.75,0.2049,False,-138.6,10526.48,SL,5,2025-04
2025-04-20 09:15,2025-04-20 10:30,SHORT,London,SwingL,84581.02,84400.18,0.0855,True,56.65,10583.13,TP2,5,2025-04
2025-04-21 09:00,2025-04-21 10:30,SHORT,London,SwingH,87546.84,87269.23,0.3521,False,138.69,10721.82,TIME,6,2025-04
2025-04-21 14:30,2025-04-21 16:00,SHORT,NY_open,RoundNum,88164.85,88155.25,0.6171,False,-15.33,10706.49,TIME,6,2025-04
2025-04-21 16:45,2025-04-21 18:15,SHORT,NY_prime,VWAP,87195.83,86895.69,0.6694,False,92.51,10799.0,TIME,6,2025-04
2025-04-22 09:45,2025-04-22 10:15,LONG,London,PrevHigh,88583.53,88440.77,0.1612,False,-116.72,10682.29,SL,2,2025-04
2025-04-22 14:30,2025-04-22 16:00,LONG,NY_open,SwingH,90764.59,90900.0,0.8114,False,24.8,10707.09,TIME,6,2025-04
2025-04-23 09:45,2025-04-23 11:15,SHORT,London,PrevHigh,93918.94,93648.75,0.3461,False,124.57,10831.65,TIME,6,2025-04
2025-04-23 14:30,2025-04-23 15:15,LONG,NY_open,RoundNum,93227.64,92652.11,0.6173,False,-235.93,10595.72,SL,3,2025-04
2025-04-23 15:15,2025-04-23 15:45,SHORT,NY_open,RoundNum,92165.2,92839.92,0.7321,False,-227.84,10367.89,SL,2,2025-04
2025-04-24 09:00,2025-04-24 10:30,LONG,London,RoundNum,92300.14,92640.82,0.4357,False,149.48,10517.37,TIME,6,2025-04
2025-04-24 14:30,2025-04-24 16:00,LONG,NY_open,SwingH,93173.25,93529.39,0.4259,False,161.6,10678.97,TIME,6,2025-04
2025-04-24 16:30,2025-04-24 17:15,SHORT,NY_prime,SwingH,93564.67,93094.49,0.201,True,175.26,10854.23,TP2,3,2025-04
2025-04-25 14:30,2025-04-25 16:00,LONG,NY_open,SwingH,95424.18,94991.0,0.913,False,-121.01,10733.22,TIME,6,2025-04
2025-04-26 09:00,2025-04-26 10:30,LONG,London,SwingL,94388.1,94421.79,0.1962,False,-10.36,10722.86,TIME,6,2025-04
2025-04-27 15:00,2025-04-27 16:30,SHORT,NY_open,PrevLow,93901.12,93909.04,0.2096,False,-34.01,10688.85,TIME,6,2025-04
2025-04-27 16:30,2025-04-27 18:00,LONG,NY_prime,PrevLow,93909.04,94188.15,0.2044,False,129.45,10818.3,TIME,6,2025-04
2025-04-28 09:00,2025-04-28 10:30,SHORT,London,SwingH,94717.0,94986.06,0.2841,False,-183.41,10634.89,SL,6,2025-04
2025-04-28 15:00,2025-04-28 16:30,SHORT,NY_open,RoundNum,94190.96,94066.04,0.5697,False,28.98,10663.88,TIME,6,2025-04
2025-04-28 16:30,2025-04-28 18:00,LONG,NY_prime,RoundNum,94066.04,93842.71,0.5264,False,-118.47,10545.41,TIME,6,2025-04
2025-04-29 09:00,2025-04-29 10:30,SHORT,London,RoundNum,94947.13,94915.49,0.2697,False,-11.43,10533.98,TIME,6,2025-04
2025-04-29 14:30,2025-04-29 16:00,LONG,NY_open,SwingH,95182.64,94971.83,0.5646,False,-103.17,10430.81,TIME,6,2025-04
2025-04-29 16:30,2025-04-29 16:45,LONG,NY_prime,PrevHigh,95487.98,95015.64,0.4947,False,-231.81,10199.0,SL,1,2025-04
2025-04-30 09:15,2025-04-30 10:45,LONG,London,VWAP,94802.83,94972.01,0.1639,False,62.96,10261.96,TIME,6,2025-04
2025-04-30 14:45,2025-04-30 16:15,SHORT,NY_open,PrevLow,93713.8,93726.41,0.5563,False,-25.26,10236.7,TIME,6,2025-04
2025-04-30 16:30,2025-04-30 18:00,LONG,NY_prime,RoundNum,94089.18,94359.83,0.5616,False,84.81,10321.51,TIME,6,2025-04
2025-05-01 09:15,2025-05-01 10:15,LONG,London,PrevHigh,95360.85,95863.86,0.211,True,179.27,10500.78,TP2,4,2025-05
2025-05-01 14:30,2025-05-01 15:00,SHORT,NY_open,SwingH,96466.02,96927.73,0.4786,False,-234.15,10266.63,SL,2,2025-05
2025-05-01 15:00,2025-05-01 16:30,LONG,NY_open,RoundNum,97483.0,97429.15,0.7721,False,-29.32,10237.31,TIME,6,2025-05
2025-05-02 14:30,2025-05-02 16:00,SHORT,NY_open,SwingH,97419.28,97670.39,0.4258,False,-150.38,10086.93,TIME,6,2025-05
2025-05-02 16:45,2025-05-02 18:15,SHORT,NY_prime,PrevHigh,97404.26,97478.52,0.4547,False,-58.22,10028.71,TIME,6,2025-05
2025-05-03 09:45,2025-05-03 13:45,SHORT,London,PrevLow,96289.3,96289.3,0.1556,True,42.57,10071.28,SL,16,2025-05
2025-05-03 14:30,2025-05-03 16:00,LONG,NY_open,VWAP,96398.3,96322.14,0.1348,False,-67.48,10003.8,TIME,6,2025-05
2025-05-04 14:45,2025-05-04 15:30,LONG,NY_open,SwingH,95615.21,95487.25,0.1338,False,-94.45,9909.35,SL,3,2025-05
2025-05-05 14:30,2025-05-05 16:00,LONG,NY_open,PrevLow,94103.05,93976.15,0.5231,False,-71.93,9837.42,TIME,6,2025-05
2025-05-05 16:30,2025-05-05 18:30,LONG,NY_prime,VWAP,94239.68,94806.76,0.2407,True,198.88,10036.3,TP2,8,2025-05
2025-05-06 14:45,2025-05-06 15:15,SHORT,NY_open,VWAP,94143.35,94446.21,0.3217,False,-189.04,9847.26,SL,2,2025-05
2025-05-06 15:15,2025-05-06 16:45,LONG,NY_open,SwingH,94501.32,94241.89,0.4146,False,-156.52,9690.74,TIME,6,2025-05
2025-05-06 16:45,2025-05-06 17:15,SHORT,NY_prime,VWAP,94241.89,94610.43,0.3911,False,-216.13,9474.61,SL,2,2025-05
2025-05-07 09:00,2025-05-07 10:30,SHORT,London,PrevHigh,96955.28,97069.27,0.1603,False,-81.75,9392.86,TIME,6,2025-05
2025-05-07 14:30,2025-05-07 16:15,SHORT,NY_open,SwingH,97325.22,96657.23,0.2745,True,220.42,9613.27,TP2,7,2025-05
2025-05-07 16:30,2025-05-07 17:45,LONG,NY_prime,SwingL,96714.12,96426.65,0.2972,False,-169.31,9443.96,SL,5,2025-05
2025-05-08 09:45,2025-05-08 11:15,LONG,London,SwingH,99802.92,99562.42,0.241,False,-139.76,9304.21,SL,6,2025-05
2025-05-08 15:15,2025-05-08 16:45,LONG,NY_open,RoundNum,100648.18,101317.13,1.0614,False,106.88,9411.08,TIME,6,2025-05
2025-05-09 09:00,2025-05-09 10:30,SHORT,London,SwingL,102628.11,103248.78,0.7701,False,-161.25,9249.83,TIME,6,2025-05
2025-05-09 14:45,2025-05-09 16:15,LONG,NY_open,RoundNum,103193.22,102769.51,0.6818,False,-126.33,9123.5,TIME,6,2025-05
2025-05-10 16:30,2025-05-10 18:00,SHORT,NY_prime,VWAP,103387.98,103315.07,0.18,False,7.08,9130.58,TIME,6,2025-05
2025-05-11 09:00,2025-05-11 10:30,LONG,London,SwingH,104275.86,104385.02,0.5165,False,17.57,9148.15,TIME,6,2025-05
2025-05-11 14:30,2025-05-11 16:00,LONG,NY_open,VWAP,104271.16,104054.66,0.4251,False,-113.04,9035.11,TIME,6,2025-05
2025-05-11 16:30,2025-05-11 18:00,SHORT,NY_prime,RoundNum,103970.55,103946.42,0.2722,False,-14.36,9020.75,TIME,6,2025-05
2025-05-12 14:30,2025-05-12 16:00,LONG,NY_open,PrevLow,103460.86,102800.0,1.0363,False,-120.78,8899.97,TIME,6,2025-05
2025-05-12 16:45,2025-05-12 18:15,SHORT,NY_prime,RoundNum,102853.89,101832.73,0.3971,True,314.01,9213.97,TP2,6,2025-05
2025-05-13 09:00,2025-05-13 10:30,LONG,London,RoundNum,102994.13,103481.54,0.3394,False,192.68,9406.66,TIME,6,2025-05
2025-05-13 14:45,2025-05-13 17:45,LONG,NY_open,RoundNum,103211.63,104245.54,0.4007,True,334.54,9741.19,TP2,12,2025-05
2025-05-14 09:00,2025-05-14 11:00,LONG,London,SwingL,103123.44,103921.53,0.3096,True,261.41,10002.6,TP2,8,2025-05
2025-05-14 14:30,2025-05-14 16:00,LONG,NY_open,SwingL,103298.16,103632.63,0.4707,False,114.23,10116.83,TIME,6,2025-05
2025-05-15 09:30,2025-05-15 11:00,SHORT,London,SwingL,101724.62,102098.98,0.3694,False,-213.98,9902.85,TIME,6,2025-05
2025-05-15 14:30,2025-05-15 15:15,SHORT,NY_open,SwingL,101692.63,102234.45,0.5328,False,-218.5,9684.35,SL,3,2025-05
2025-05-15 15:15,2025-05-15 17:15,LONG,NY_open,VWAP,102535.05,103901.84,0.5332,True,351.14,10035.49,TP2,8,2025-05
2025-05-16 14:30,2025-05-16 15:00,SHORT,NY_open,SwingL,103377.66,103951.43,0.555,False,-220.6,9814.89,SL,2,2025-05
2025-05-16 15:00,2025-05-16 16:30,LONG,NY_open,SwingH,104146.26,104012.8,0.6009,False,-59.83,9755.06,TIME,6,2025-05
2025-05-16 16:45,2025-05-16 18:15,LONG,NY_prime,PrevHigh,104197.69,103913.28,0.362,False,-159.96,9595.1,TIME,6,2025-05
2025-05-17 09:00,2025-05-17 10:30,SHORT,London,SwingL,103192.66,102879.5,0.4274,False,111.56,9706.67,TIME,6,2025-05
2025-05-17 14:45,2025-05-17 15:45,LONG,NY_open,SwingH,103162.31,103037.49,0.121,False,-85.41,9621.25,SL,4,2025-05
2025-05-18 09:00,2025-05-18 09:30,LONG,London,RoundNum,104033.59,103890.94,0.1371,False,-92.42,9528.83,SL,2,2025-05
2025-05-18 09:30,2025-05-18 11:00,SHORT,London,RoundNum,103888.03,103890.54,0.1805,False,-27.36,9501.48,TIME,6,2025-05
2025-05-18 14:30,2025-05-18 16:00,LONG,NY_open,RoundNum,105230.78,105444.02,0.4403,False,63.72,9565.2,TIME,6,2025-05
2025-05-18 16:45,2025-05-18 17:45,LONG,NY_prime,SwingH,105844.34,105326.46,0.4893,False,-212.81,9352.39,SL,4,2025-05
2025-05-19 09:45,2025-05-19 11:15,SHORT,London,PrevLow,103091.87,103074.95,0.2759,False,-18.04,9334.35,TIME,6,2025-05
2025-05-19 14:30,2025-05-19 15:30,LONG,NY_open,SwingH,103773.43,104835.46,0.4094,True,332.52,9666.87,TP2,4,2025-05
2025-05-19 16:45,2025-05-19 18:15,LONG,NY_prime,SwingH,105398.79,105185.82,0.5711,False,-87.03,9579.84,TIME,6,2025-05
2025-05-20 15:15,2025-05-20 16:45,LONG,NY_open,RoundNum,105128.46,105242.22,0.5318,False,19.17,9599.01,TIME,6,2025-05
2025-05-21 09:00,2025-05-21 10:30,SHORT,London,SwingL,106359.17,106394.47,0.3029,False,-42.33,9556.68,TIME,6,2025-05
2025-05-21 14:30,2025-05-21 17:15,LONG,NY_open,SwingH,107822.22,107822.22,0.8072,True,158.91,9715.59,SL,11,2025-05
2025-05-22 09:45,2025-05-22 11:15,LONG,London,PrevHigh,110830.27,110508.52,0.313,False,-167.74,9547.85,TIME,6,2025-05
2025-05-22 14:30,2025-05-22 16:00,SHORT,NY_open,RoundNum,110941.19,111565.04,0.5649,False,-208.68,9339.17,TIME,6,2025-05
2025-05-23 09:00,2025-05-23 10:00,LONG,London,RoundNum,111014.3,111014.3,0.1582,True,40.76,9379.93,SL,4,2025-05
2025-05-23 15:15,2025-05-23 16:00,LONG,NY_open,PrevLow,109421.05,108871.74,0.502,False,-208.15,9171.78,SL,3,2025-05
2025-05-23 16:45,2025-05-23 18:15,LONG,NY_prime,RoundNum,109101.06,109116.13,0.5575,False,-13.55,9158.22,TIME,6,2025-05
2025-05-24 15:00,2025-05-24 16:00,LONG,NY_open,RoundNum,109202.6,108818.62,0.3516,False,-186.2,8972.03,SL,4,2025-05
2025-05-24 16:45,2025-05-24 18:15,LONG,NY_prime,RoundNum,109044.7,109042.53,0.2564,False,-25.57,8946.46,TIME,6,2025-05
2025-05-25 09:15,2025-05-25 10:45,LONG,London,RoundNum,107200.17,106976.48,0.3315,False,-117.94,8828.52,TIME,6,2025-05
2025-05-25 14:30,2025-05-25 16:00,SHORT,NY_open,RoundNum,107246.34,106947.15,0.4638,False,85.27,8913.79,TIME,6,2025-05
2025-05-25 16:30,2025-05-25 18:00,LONG,NY_prime,RoundNum,107154.0,107421.72,0.4945,False,70.25,8984.04,TIME,6,2025-05
2025-05-26 09:30,2025-05-26 11:00,SHORT,London,VWAP,109742.04,109703.01,0.3373,False,-8.73,8975.31,TIME,6,2025-05
2025-05-26 14:30,2025-05-26 15:15,SHORT,NY_open,VWAP,109658.35,109866.88,0.1902,False,-110.02,8865.29,SL,3,2025-05
2025-05-26 15:15,2025-05-26 16:15,LONG,NY_open,RoundNum,109935.39,109580.9,0.3225,False,-167.31,8697.98,SL,4,2025-05
2025-05-26 16:30,2025-05-26 18:00,LONG,NY_prime,VWAP,109629.3,109313.01,0.515,False,-116.04,8581.94,TIME,6,2025-05
2025-05-27 09:00,2025-05-27 10:30,SHORT,London,SwingH,109755.74,109706.89,0.1371,False,-4.5,8577.44,TIME,6,2025-05
2025-05-27 14:30,2025-05-27 16:00,LONG,NY_open,SwingL,109704.98,110202.0,1.0884,False,62.74,8640.18,TIME,6,2025-05
2025-05-27 16:30,2025-05-27 18:00,LONG,NY_prime,PrevHigh,110504.88,110192.92,0.4746,False,-122.81,8517.37,TIME,6,2025-05
2025-05-28 09:00,2025-05-28 10:30,SHORT,London,VWAP,108821.75,108800.66,0.3555,False,-15.17,8502.2,TIME,6,2025-05
2025-05-28 14:30,2025-05-28 16:00,SHORT,NY_open,SwingL,107630.99,107323.53,0.422,False,92.93,8595.14,TIME,6,2025-05
2025-05-29 14:30,2025-05-29 16:00,LONG,NY_open,RoundNum,107216.71,106944.95,0.7986,False,-66.4,8528.73,TIME,6,2025-05
2025-05-29 16:30,2025-05-29 17:15,LONG,NY_prime,RoundNum,106896.5,106608.5,0.2694,False,-138.34,8390.39,SL,3,2025-05
2025-05-30 09:00,2025-05-30 09:45,SHORT,London,PrevLow,105158.31,105463.64,0.2904,False,-144.88,8245.51,SL,3,2025-05
2025-05-30 09:45,2025-05-30 11:15,LONG,London,VWAP,105665.73,105799.4,0.6569,False,17.95,8263.46,TIME,6,2025-05
2025-05-30 14:30,2025-05-30 16:00,LONG,NY_open,PrevLow,105467.99,105344.96,0.3974,False,-70.92,8192.54,TIME,6,2025-05
2025-05-30 16:45,2025-05-30 18:15,SHORT,NY_prime,RoundNum,103901.99,104553.84,0.6274,False,-178.22,8014.32,SL,6,2025-05
2025-05-31 09:00,2025-05-31 10:30,SHORT,London,VWAP,103710.04,103399.78,0.1197,True,69.22,8083.54,TP2,6,2025-05
2025-05-31 14:45,2025-05-31 16:15,LONG,NY_open,SwingH,104630.07,104741.15,0.2621,False,20.68,8104.22,TIME,6,2025-05
2025-06-01 09:00,2025-06-01 10:30,SHORT,London,SwingL,104276.57,103877.28,0.2728,False,132.87,8237.09,TIME,6,2025-06
2025-06-01 14:45,2025-06-01 16:00,SHORT,NY_open,SwingH,104650.44,104884.83,0.224,False,-114.9,8122.19,SL,5,2025-06
2025-06-02 09:00,2025-06-02 10:30,SHORT,London,RoundNum,104962.28,104360.16,0.4994,False,168.71,8290.9,TIME,6,2025-06
2025-06-02 15:00,2025-06-02 16:30,LONG,NY_open,RoundNum,104259.99,104164.27,0.4367,False,-55.75,8235.15,TIME,6,2025-06
2025-06-03 14:30,2025-06-03 16:00,LONG,NY_open,PrevHigh,106438.79,106530.67,0.6087,False,8.47,8243.63,TIME,6,2025-06
2025-06-03 16:45,2025-06-03 18:15,SHORT,NY_prime,PrevHigh,105890.9,105810.76,0.5101,False,6.68,8250.31,TIME,6,2025-06
2025-06-04 09:00,2025-06-04 09:30,SHORT,London,VWAP,105438.07,105608.8,0.1619,False,-89.48,8160.83,SL,2,2025-06
2025-06-04 09:30,2025-06-04 11:00,LONG,London,SwingH,105728.82,105705.02,0.3278,False,-31.63,8129.2,TIME,6,2025-06
2025-06-04 14:45,2025-06-04 16:15,LONG,NY_open,RoundNum,105079.15,105174.95,0.4453,False,13.21,8142.41,TIME,6,2025-06
2025-06-04 16:45,2025-06-04 17:30,LONG,NY_prime,VWAP,105510.2,105213.03,0.2817,False,-137.06,8005.35,SL,3,2025-06
2025-06-05 09:45,2025-06-05 10:15,LONG,London,RoundNum,104944.64,104818.36,0.1203,False,-70.18,7935.17,SL,2,2025-06
2025-06-05 14:30,2025-06-05 16:00,LONG,NY_open,VWAP,104632.76,104406.17,0.6793,False,-63.44,7871.73,TIME,6,2025-06
2025-06-05 16:30,2025-06-05 19:15,SHORT,NY_prime,SwingL,103762.98,102553.11,0.4664,True,283.05,8154.78,TP2,11,2025-06
2025-06-06 09:15,2025-06-06 10:45,SHORT,London,SwingH,103640.28,103742.86,0.2411,False,-62.78,8092.0,TIME,6,2025-06
2025-06-06 14:30,2025-06-06 16:00,LONG,NY_open,RoundNum,104894.29,105117.66,0.4999,False,51.13,8143.13,TIME,6,2025-06
2025-06-06 16:45,2025-06-06 18:15,SHORT,NY_prime,RoundNum,104865.84,104600.0,0.4358,False,74.19,8217.32,TIME,6,2025-06
2025-06-07 09:30,2025-06-07 10:15,SHORT,London,VWAP,104851.45,105111.62,0.2481,False,-124.55,8092.77,SL,3,2025-06
2025-06-07 15:15,2025-06-07 16:45,LONG,NY_open,PrevHigh,105522.68,105405.01,0.1872,False,-67.38,8025.39,TIME,6,2025-06
2025-06-08 15:00,2025-06-08 16:30,LONG,NY_open,SwingH,106091.03,106250.0,0.2587,False,38.06,8063.45,TIME,6,2025-06
2025-06-09 09:15,2025-06-09 10:15,LONG,London,SwingH,106214.05,107098.03,0.3329,True,234.51,8297.96,TP2,4,2025-06
2025-06-09 14:45,2025-06-09 16:15,SHORT,NY_open,RoundNum,107678.77,108005.1,0.483,False,-123.02,8174.94,TIME,6,2025-06
2025-06-09 16:30,2025-06-09 17:00,SHORT,NY_prime,RoundNum,108021.96,108246.43,0.2078,False,-107.42,8067.52,SL,2,2025-06
2025-06-10 14:30,2025-06-10 15:00,SHORT,NY_open,SwingL,108632.06,109050.09,0.3848,False,-177.41,7890.11,SL,2,2025-06
2025-06-10 15:00,2025-06-10 16:30,LONG,NY_open,RoundNum,109128.53,108916.64,0.6604,False,-59.54,7830.58,TIME,6,2025-06
2025-06-10 16:30,2025-06-10 18:00,SHORT,NY_prime,RoundNum,108916.64,108734.8,0.2871,False,43.83,7874.41,TIME,6,2025-06
2025-06-11 09:30,2025-06-11 11:00,SHORT,London,SwingL,109287.09,109315.73,0.2212,False,-31.97,7842.44,TIME,6,2025-06
2025-06-11 14:30,2025-06-11 16:00,SHORT,NY_open,RoundNum,110064.14,109490.48,0.4331,False,168.84,8011.27,TIME,6,2025-06
2025-06-11 16:30,2025-06-11 18:00,SHORT,NY_prime,VWAP,109518.69,108886.01,0.2311,True,154.57,8165.84,TP2,6,2025-06
2025-06-12 15:00,2025-06-12 16:15,SHORT,NY_open,SwingH,107628.85,107628.85,0.3012,True,88.13,8253.97,SL,5,2025-06
2025-06-12 16:45,2025-06-12 18:30,LONG,NY_prime,VWAP,107757.41,107757.41,0.338,True,102.72,8356.68,SL,7,2025-06
2025-06-13 14:30,2025-06-14 16:30,LONG,NY_open,VWAP,104716.89,104716.89,0.647,True,136.12,8492.8,SL,104,2025-06
2025-06-14 16:45,2025-06-14 18:00,SHORT,NY_prime,SwingL,104500.9,104753.89,0.2421,False,-126.16,8366.64,SL,5,2025-06
2025-06-15 09:00,2025-06-15 10:30,SHORT,London,RoundNum,104985.76,105136.97,0.2988,False,-83.26,8283.38,TIME,6,2025-06
2025-06-15 14:30,2025-06-15 16:00,LONG,NY_open,SwingH,105566.79,105576.72,0.2797,False,-18.88,8264.5,TIME,6,2025-06
2025-06-15 16:30,2025-06-15 18:00,LONG,NY_prime,VWAP,105542.05,105595.36,0.2402,False,-1.86,8262.64,TIME,6,2025-06
2025-06-16 09:15,2025-06-16 10:00,SHORT,London,RoundNum,106968.84,107141.2,0.1611,False,-89.29,8173.36,SL,3,2025-06
2025-06-16 14:30,2025-06-16 16:00,LONG,NY_open,SwingH,107671.45,107717.12,0.3461,False,-5.14,8168.21,TIME,6,2025-06
2025-06-16 16:30,2025-06-16 18:00,SHORT,NY_prime,SwingH,107764.01,107985.14,0.2731,False,-106.27,8061.94,TIME,6,2025-06
2025-06-17 09:00,2025-06-17 11:00,SHORT,London,SwingL,106493.61,105765.83,0.2734,True,188.27,8250.22,TP2,8,2025-06
2025-06-17 14:45,2025-06-17 16:15,SHORT,NY_open,SwingL,104861.0,104193.67,0.5335,False,179.82,8430.03,TIME,6,2025-06
2025-06-17 16:45,2025-06-17 18:15,SHORT,NY_prime,RoundNum,103643.33,103689.26,0.6741,False,-24.84,8405.19,TIME,6,2025-06
2025-06-18 09:00,2025-06-18 10:30,SHORT,London,RoundNum,105017.34,104498.66,0.1976,True,135.17,8540.36,TP2,6,2025-06
2025-06-18 14:45,2025-06-18 16:15,SHORT,NY_open,VWAP,104646.82,104416.0,0.6231,False,45.39,8585.75,TIME,6,2025-06
2025-06-19 09:15,2025-06-19 10:45,LONG,London,RoundNum,104996.72,104941.84,0.229,False,-46.05,8539.7,TIME,6,2025-06
2025-06-19 14:45,2025-06-19 16:15,SHORT,NY_open,SwingL,104171.72,104392.38,0.2478,False,-113.93,8425.78,TIME,6,2025-06
2025-06-19 16:45,2025-06-19 17:30,SHORT,NY_prime,RoundNum,104033.85,104373.77,0.3267,False,-160.82,8264.95,SL,3,2025-06
2025-06-20 09:00,2025-06-20 10:30,LONG,London,RoundNum,106063.96,106146.6,0.3519,False,9.47,8274.42,TIME,6,2025-06
2025-06-20 14:30,2025-06-20 16:00,SHORT,NY_open,RoundNum,104893.33,104101.48,0.6484,False,178.65,8453.07,TIME,6,2025-06
2025-06-20 16:30,2025-06-21 08:45,SHORT,NY_prime,SwingL,103794.05,103794.05,0.5557,True,135.31,8588.38,SL,65,2025-06
2025-06-21 14:30,2025-06-21 16:00,LONG,NY_open,VWAP,103719.6,103592.0,0.3294,False,-76.45,8511.93,TIME,6,2025-06
2025-06-21 16:30,2025-06-21 18:00,SHORT,NY_prime,VWAP,103501.04,103389.12,0.2358,False,22.61,8534.55,TIME,6,2025-06
2025-06-22 09:15,2025-06-22 10:45,SHORT,London,SwingL,102395.79,102525.15,0.3301,False,-77.38,8457.17,TIME,6,2025-06
2025-06-22 16:30,2025-06-22 19:45,LONG,NY_prime,RoundNum,99116.34,99116.34,0.5835,True,136.18,8593.35,SL,13,2025-06
2025-06-23 15:00,2025-06-23 15:45,LONG,NY_open,RoundNum,102055.64,101531.89,0.5132,False,-190.29,8403.06,SL,3,2025-06
2025-06-24 09:00,2025-06-24 10:30,SHORT,London,VWAP,105169.4,105332.14,0.2854,False,-88.12,8314.94,TIME,6,2025-06
2025-06-24 14:30,2025-06-24 16:00,LONG,NY_open,SwingH,105688.93,105313.59,0.4359,False,-156.47,8158.46,TIME,6,2025-06
2025-06-24 16:30,2025-06-24 18:00,LONG,NY_prime,SwingH,105877.57,105941.88,0.5196,False,1.8,8160.27,TIME,6,2025-06
2025-06-25 09:00,2025-06-25 09:30,LONG,London,SwingH,106882.55,106589.18,0.2745,False,-134.43,8025.84,SL,2,2025-06
2025-06-25 09:30,2025-06-25 10:15,SHORT,London,VWAP,106574.08,107098.59,0.4922,False,-178.46,7847.38,SL,3,2025-06
2025-06-26 09:00,2025-06-26 10:30,SHORT,London,SwingL,107368.59,107405.01,0.5164,False,-27.03,7820.36,TIME,6,2025-06
2025-06-26 14:30,2025-06-26 15:15,LONG,NY_open,VWAP,107695.89,107188.28,0.4713,False,-174.66,7645.7,SL,3,2025-06
2025-06-26 15:15,2025-06-26 16:45,SHORT,NY_open,RoundNum,106972.63,107256.16,0.5517,False,-88.71,7556.99,TIME,6,2025-06
2025-06-27 09:00,2025-06-27 09:45,SHORT,London,SwingL,106859.61,107131.21,0.2542,False,-116.82,7440.18,SL,3,2025-06
2025-06-27 14:30,2025-06-27 15:45,LONG,NY_open,PrevLow,106608.11,107272.47,0.2493,True,156.54,7596.71,TP2,5,2025-06
2025-06-28 14:30,2025-06-28 15:30,SHORT,NY_open,VWAP,107271.08,107335.72,0.0603,False,-43.78,7552.93,SL,4,2025-06
2025-06-29 09:30,2025-06-29 11:45,LONG,London,RoundNum,107949.32,108305.62,0.132,True,74.14,7627.07,TP2,9,2025-06
2025-06-29 14:30,2025-06-29 16:00,SHORT,NY_open,SwingL,107906.79,107711.49,0.2597,False,48.05,7675.12,TIME,6,2025-06
2025-06-29 16:30,2025-06-29 18:00,SHORT,NY_prime,SwingL,107518.81,107485.77,0.1816,False,-9.31,7665.81,TIME,6,2025-06
2025-06-30 14:45,2025-06-30 15:45,SHORT,NY_open,RoundNum,106835.96,107372.92,0.5026,False,-170.09,7495.71,SL,4,2025-06
2025-07-01 09:15,2025-07-01 09:30,LONG,London,PrevLow,106715.82,106558.91,0.147,False,-75.72,7419.99,SL,1,2025-07
2025-07-01 09:30,2025-07-01 11:00,SHORT,London,SwingL,106541.86,106358.68,0.2093,False,43.38,7463.38,TIME,6,2025-07
2025-07-01 14:30,2025-07-01 16:00,SHORT,NY_open,RoundNum,106067.43,106285.73,0.7348,False,-52.98,7410.39,TIME,6,2025-07
2025-07-01 16:45,2025-07-01 18:15,LONG,NY_prime,RoundNum,106117.24,105871.95,0.2397,False,-106.02,7304.37,TIME,6,2025-07
2025-07-02 09:00,2025-07-02 10:30,SHORT,London,PrevHigh,107658.19,107849.04,0.2234,False,-84.83,7219.54,TIME,6,2025-07
2025-07-02 14:30,2025-07-02 14:45,SHORT,NY_open,RoundNum,107847.68,108194.68,0.3217,False,-136.0,7083.54,SL,1,2025-07
2025-07-02 14:45,2025-07-02 16:30,LONG,NY_open,SwingH,108209.44,109365.67,0.4274,True,253.16,7336.7,TP2,7,2025-07
2025-07-03 09:00,2025-07-03 11:15,LONG,London,SwingH,109685.58,109685.58,0.301,True,79.11,7415.81,SL,9,2025-07
2025-07-03 14:30,2025-07-03 15:00,LONG,NY_open,RoundNum,109918.63,109530.28,0.3533,False,-151.4,7264.41,SL,2,2025-07
2025-07-03 15:00,2025-07-03 16:30,SHORT,NY_open,VWAP,109521.4,109418.36,0.472,False,12.03,7276.44,TIME,6,2025-07
2025-07-03 16:30,2025-07-03 18:00,LONG,NY_prime,VWAP,109418.36,109510.77,0.3192,False,10.72,7287.16,TIME,6,2025-07
2025-07-04 09:15,2025-07-04 10:45,LONG,London,RoundNum,109083.24,108944.63,0.2443,False,-66.34,7220.82,TIME,6,2025-07
2025-07-04 14:30,2025-07-04 15:45,LONG,NY_open,RoundNum,108021.61,107739.28,0.2614,False,-114.22,7106.6,SL,5,2025-07
2025-07-05 09:00,2025-07-05 09:45,SHORT,London,RoundNum,107986.89,108099.45,0.1042,False,-56.58,7050.02,SL,3,2025-07
2025-07-05 09:45,2025-07-05 11:15,LONG,London,VWAP,108123.86,108213.08,0.1498,False,9.7,7059.72,TIME,6,2025-07
2025-07-05 16:45,2025-07-05 18:15,LONG,NY_prime,VWAP,108143.85,108019.54,0.221,False,-59.99,6999.73,TIME,6,2025-07
2025-07-06 09:45,2025-07-06 11:15,SHORT,London,PrevLow,107887.44,108029.7,0.1807,False,-65.4,6934.33,TIME,6,2025-07
2025-07-06 14:30,2025-07-06 16:00,SHORT,NY_open,RoundNum,108777.25,108780.01,0.3142,False,-19.95,6914.38,TIME,6,2025-07
2025-07-07 09:00,2025-07-07 10:30,SHORT,London,RoundNum,108914.27,108760.52,0.1518,False,29.79,6944.17,TIME,6,2025-07
2025-07-07 14:30,2025-07-07 16:00,LONG,NY_open,SwingL,108190.01,108281.59,0.291,False,10.29,6954.46,TIME,6,2025-07
2025-07-07 16:45,2025-07-07 18:15,SHORT,NY_prime,RoundNum,107980.23,107548.52,0.4367,False,109.83,7064.3,TIME,6,2025-07
2025-07-08 15:00,2025-07-08 16:00,LONG,NY_open,VWAP,108462.09,108249.04,0.1964,False,-88.81,6975.49,SL,4,2025-07
2025-07-08 16:45,2025-07-08 18:00,LONG,NY_prime,VWAP,108459.17,109103.15,0.2375,True,138.88,7114.37,TP2,5,2025-07
2025-07-09 09:30,2025-07-09 11:30,LONG,London,VWAP,108712.41,109084.7,0.137,True,73.2,7187.57,TP2,8,2025-07
2025-07-09 14:45,2025-07-09 16:15,LONG,NY_open,VWAP,108901.87,109211.72,0.3593,False,82.49,7270.06,TIME,6,2025-07
2025-07-09 16:30,2025-07-09 18:00,LONG,NY_prime,PrevHigh,109334.79,109490.17,0.1846,False,31.67,7301.72,TIME,6,2025-07
2025-07-10 09:15,2025-07-10 10:45,SHORT,London,VWAP,111181.73,111137.06,0.1152,False,-5.41,7296.31,TIME,6,2025-07
2025-07-10 14:30,2025-07-10 16:00,LONG,NY_open,VWAP,111117.98,111548.15,0.2966,False,121.17,7417.48,TIME,6,2025-07
2025-07-10 16:30,2025-07-10 17:30,LONG,NY_prime,SwingH,112718.29,113646.64,0.3294,True,213.25,7630.72,TP2,4,2025-07
2025-07-11 09:00,2025-07-11 10:45,LONG,London,RoundNum,118082.33,118082.33,0.2224,True,55.33,7686.05,SL,7,2025-07
2025-07-11 14:30,2025-07-11 15:00,LONG,NY_open,RoundNum,118064.83,117730.55,0.2831,False,-129.94,7556.11,SL,2,2025-07
2025-07-11 16:45,2025-07-11 18:15,LONG,NY_prime,VWAP,117442.21,117380.1,0.3903,False,-40.76,7515.35,TIME,6,2025-07
2025-07-12 09:30,2025-07-12 11:00,LONG,London,SwingH,118111.06,117997.06,0.189,False,-56.94,7458.41,TIME,6,2025-07
2025-07-13 09:30,2025-07-13 11:00,LONG,London,VWAP,117832.64,117959.47,0.1196,False,19.63,7478.04,TIME,6,2025-07
2025-07-13 14:30,2025-07-13 16:00,SHORT,NY_open,RoundNum,118798.62,118822.63,0.4463,False,-25.21,7452.83,TIME,6,2025-07
2025-07-14 14:30,2025-07-15 01:15,SHORT,NY_open,RoundNum,120924.85,119080.3,0.6101,True,272.2,7725.04,TP2,43,2025-07
2025-07-15 09:00,2025-07-15 10:30,LONG,London,RoundNum,117103.87,117144.91,0.3896,False,-7.71,7717.33,TIME,6,2025-07
2025-07-15 14:30,2025-07-15 16:00,SHORT,NY_open,RoundNum,116930.42,116846.71,0.7419,False,3.45,7720.78,TIME,6,2025-07
2025-07-15 16:30,2025-07-15 18:00,LONG,NY_prime,VWAP,117640.11,117115.57,0.8587,False,-90.07,7630.71,TIME,6,2025-07
2025-07-16 09:00,2025-07-16 10:30,LONG,London,RoundNum,119031.25,118853.59,0.3237,False,-77.93,7552.78,TIME,6,2025-07
2025-07-16 14:45,2025-07-16 16:15,LONG,NY_open,RoundNum,119097.52,119226.72,0.4816,False,16.77,7569.55,TIME,6,2025-07
2025-07-17 09:00,2025-07-17 10:30,LONG,London,VWAP,118601.91,118341.06,0.3473,False,-104.06,7465.5,TIME,6,2025-07
2025-07-17 15:00,2025-07-17 15:30,SHORT,NY_open,VWAP,118491.32,119104.6,0.5176,False,-165.18,7300.32,SL,2,2025-07
2025-07-17 16:45,2025-07-17 18:15,LONG,NY_prime,VWAP,118615.14,119451.61,0.2821,True,176.6,7476.92,TP2,6,2025-07
2025-07-18 09:45,2025-07-18 10:45,SHORT,London,RoundNum,118950.06,119199.32,0.2096,False,-98.9,7378.02,SL,4,2025-07
2025-07-18 14:30,2025-07-18 16:00,LONG,NY_open,SwingL,117824.98,117719.86,0.527,False,-40.38,7337.64,TIME,6,2025-07
2025-07-19 09:00,2025-07-19 10:30,LONG,London,VWAP,118213.87,118469.05,0.0863,True,40.06,7377.7,TP2,6,2025-07
2025-07-19 15:15,2025-07-19 16:45,LONG,NY_open,VWAP,118267.51,118038.34,0.3052,False,-91.77,7285.94,TIME,6,2025-07
2025-07-20 09:00,2025-07-20 10:30,SHORT,London,VWAP,118071.99,118024.87,0.2685,False,-5.5,7280.44,TIME,6,2025-07
2025-07-20 14:45,2025-07-20 15:15,SHORT,NY_open,PrevHigh,118519.06,118726.78,0.1753,False,-83.82,7196.62,SL,2,2025-07
2025-07-21 09:00,2025-07-21 11:45,SHORT,London,RoundNum,118967.3,118301.74,0.2238,True,133.81,7330.43,TP2,11,2025-07
2025-07-21 14:30,2025-07-21 15:30,LONG,NY_open,SwingH,119095.9,118655.8,0.3695,False,-155.6,7174.83,SL,4,2025-07
2025-07-21 16:30,2025-07-21 18:00,SHORT,NY_prime,RoundNum,117899.96,118006.95,0.346,False,-52.29,7122.55,TIME,6,2025-07
2025-07-22 09:15,2025-07-22 12:30,LONG,London,RoundNum,118248.7,119381.47,0.3832,True,241.7,7364.24,TP2,13,2025-07
2025-07-22 15:15,2025-07-22 16:45,SHORT,NY_open,RoundNum,118939.27,118726.41,0.4077,False,44.79,7409.03,TIME,6,2025-07
2025-07-23 09:15,2025-07-23 10:45,SHORT,London,RoundNum,118044.52,118381.25,0.2853,False,-126.05,7282.98,SL,6,2025-07
2025-07-23 14:30,2025-07-23 14:45,SHORT,NY_open,RoundNum,117972.5,118217.6,0.2078,False,-95.69,7187.3,SL,1,2025-07
2025-07-23 14:45,2025-07-23 16:15,LONG,NY_open,RoundNum,118272.86,117927.0,0.4749,False,-105.16,7082.14,TIME,6,2025-07
2025-07-24 09:00,2025-07-24 11:00,SHORT,London,SwingH,118717.39,118717.39,0.2291,True,53.47,7135.61,SL,8,2025-07
2025-07-24 14:30,2025-07-24 16:00,LONG,NY_open,SwingH,118684.9,118954.31,0.4767,False,51.49,7187.1,TIME,6,2025-07
2025-07-24 16:30,2025-07-24 17:15,SHORT,NY_prime,VWAP,118455.48,119015.19,0.4725,False,-160.47,7026.62,SL,3,2025-07
2025-07-25 09:00,2025-07-25 11:15,LONG,London,RoundNum,115333.35,116535.95,0.4171,True,250.67,7277.29,TP2,9,2025-07
2025-07-25 14:30,2025-07-25 16:00,SHORT,NY_open,RoundNum,115082.99,115801.08,0.624,False,-158.37,7118.91,SL,6,2025-07
2025-07-25 16:45,2025-07-25 18:15,LONG,NY_prime,VWAP,116205.78,116440.12,0.4122,False,50.66,7169.57,TIME,6,2025-07
2025-07-26 15:00,2025-07-26 16:30,SHORT,NY_open,RoundNum,117975.63,118114.95,0.2503,False,-62.05,7107.52,TIME,6,2025-07
2025-07-27 09:00,2025-07-27 10:30,LONG,London,RoundNum,117993.47,118258.04,0.1574,False,60.14,7167.66,TIME,6,2025-07
2025-07-27 14:30,2025-07-27 15:45,SHORT,NY_open,PrevHigh,118341.43,118558.92,0.1838,False,-85.57,7082.09,SL,5,2025-07
2025-07-27 16:30,2025-07-27 18:00,SHORT,NY_prime,SwingH,119337.37,119324.07,0.2652,False,-15.53,7066.56,TIME,6,2025-07
2025-07-28 09:00,2025-07-28 10:30,SHORT,London,RoundNum,118930.75,118678.95,0.1839,False,55.37,7121.93,TIME,6,2025-07
2025-07-28 14:30,2025-07-28 16:00,LONG,NY_open,SwingL,118255.98,118069.09,0.4174,False,-72.7,7049.23,TIME,6,2025-07
2025-07-29 14:45,2025-07-29 16:15,SHORT,NY_open,SwingL,117820.17,117278.5,0.5117,False,111.51,7160.74,TIME,6,2025-07
2025-07-29 16:30,2025-07-29 18:00,LONG,NY_prime,PrevLow,117435.95,117584.99,0.5497,False,18.74,7179.48,TIME,6,2025-07
2025-07-30 09:30,2025-07-30 10:00,SHORT,London,VWAP,118027.92,118222.22,0.1646,False,-78.84,7100.64,SL,2,2025-07
2025-07-30 14:30,2025-07-30 16:00,LONG,NY_open,RoundNum,118119.43,117820.22,0.4061,False,-107.82,6992.82,TIME,6,2025-07
2025-07-31 14:45,2025-07-31 15:45,SHORT,NY_open,RoundNum,117903.93,118279.85,0.3188,False,-130.71,6862.11,SL,4,2025-07
2025-07-31 16:30,2025-07-31 18:00,SHORT,NY_prime,SwingH,118604.07,117620.44,0.3317,True,198.8,7060.91,TP2,6,2025-07
2025-08-01 09:15,2025-08-01 10:45,LONG,London,VWAP,115286.12,114811.89,0.4114,False,-160.1,6900.81,SL,6,2025-08
2025-08-01 14:30,2025-08-01 16:00,SHORT,NY_open,VWAP,115381.28,115603.46,0.5086,False,-67.18,6833.63,TIME,6,2025-08
2025-08-01 16:30,2025-08-01 17:00,LONG,NY_prime,PrevLow,115388.7,114788.1,0.5205,False,-151.11,6682.52,SL,2,2025-08
2025-08-02 09:00,2025-08-02 09:30,LONG,London,VWAP,113761.45,113601.64,0.1405,False,-65.31,6617.2,SL,2,2025-08
2025-08-02 14:30,2025-08-02 16:00,SHORT,NY_open,RoundNum,112977.15,112744.87,0.2773,False,49.83,6667.03,TIME,6,2025-08
2025-08-02 16:30,2025-08-02 17:45,LONG,NY_prime,RoundNum,113083.62,112763.79,0.2828,False,-112.62,6554.41,SL,5,2025-08
2025-08-03 16:45,2025-08-03 18:45,LONG,NY_prime,RoundNum,114000.01,114382.06,0.1341,True,65.61,6620.02,TP2,8,2025-08
2025-08-04 09:15,2025-08-04 09:45,LONG,London,VWAP,114637.02,114409.39,0.1986,False,-83.93,6536.09,SL,2,2025-08
2025-08-04 14:45,2025-08-04 16:15,SHORT,NY_open,PrevHigh,114757.45,114900.18,0.4391,False,-53.4,6482.69,TIME,6,2025-08
2025-08-04 16:30,2025-08-04 18:00,LONG,NY_prime,RoundNum,115068.09,115068.09,0.2491,True,54.77,6537.46,SL,6,2025-08
2025-08-05 09:15,2025-08-05 12:15,LONG,London,SwingH,114569.24,114569.24,0.2369,True,51.65,6589.1,SL,12,2025-08
2025-08-05 14:30,2025-08-05 16:00,SHORT,NY_open,RoundNum,112775.93,113122.26,0.5484,False,-87.01,6502.09,TIME,6,2025-08
2025-08-05 16:45,2025-08-05 18:15,LONG,NY_prime,RoundNum,113131.78,113417.63,0.3969,False,64.26,6566.36,TIME,6,2025-08
2025-08-06 09:00,2025-08-06 10:30,LONG,London,RoundNum,114173.95,114123.07,0.3002,False,-32.69,6533.67,TIME,6,2025-08
2025-08-06 14:45,2025-08-06 16:15,LONG,NY_open,PrevHigh,115199.97,115151.83,1.0191,False,-12.41,6521.26,TIME,6,2025-08
2025-08-06 16:30,2025-08-06 17:15,SHORT,NY_prime,RoundNum,114964.91,115361.61,0.3451,False,-130.44,6390.81,SL,3,2025-08
2025-08-07 09:00,2025-08-07 10:00,SHORT,London,RoundNum,114936.79,115128.55,0.1668,False,-70.89,6319.93,SL,4,2025-08
2025-08-07 16:45,2025-08-07 18:15,LONG,NY_prime,SwingL,116293.19,116384.42,0.6267,False,4.73,6324.66,TIME,6,2025-08
2025-08-09 09:00,2025-08-09 10:30,LONG,London,SwingH,117422.38,117524.77,0.3583,False,10.18,6334.84,TIME,6,2025-08
2025-08-09 14:30,2025-08-09 15:00,SHORT,NY_open,VWAP,116849.5,117003.16,0.1315,False,-59.07,6275.77,SL,2,2025-08
2025-08-09 15:00,2025-08-09 15:15,LONG,NY_open,RoundNum,117008.43,116863.23,0.1241,False,-56.2,6219.57,SL,1,2025-08
2025-08-09 15:15,2025-08-09 16:45,SHORT,NY_open,VWAP,116849.43,116665.42,0.3106,False,31.87,6251.44,TIME,6,2025-08
2025-08-10 15:00,2025-08-10 16:30,SHORT,NY_open,SwingH,118899.99,118773.79,0.2473,False,15.98,6267.42,TIME,6,2025-08
2025-08-11 09:15,2025-08-11 10:45,SHORT,London,VWAP,121266.26,121150.11,0.2319,False,12.78,6280.2,TIME,6,2025-08
2025-08-11 14:45,2025-08-11 16:15,LONG,NY_open,RoundNum,120222.41,120542.31,0.3929,False,66.28,6346.48,TIME,6,2025-08
2025-08-11 16:45,2025-08-11 18:15,SHORT,NY_prime,RoundNum,119940.01,119608.15,0.3106,False,70.35,6416.83,TIME,6,2025-08
2025-08-12 09:45,2025-08-12 11:15,SHORT,London,SwingL,118413.72,118475.59,0.207,False,-34.41,6382.42,TIME,6,2025-08
2025-08-12 14:45,2025-08-12 16:15,LONG,NY_open,SwingH,119449.49,119727.61,0.5054,False,44.92,6427.34,TIME,6,2025-08
2025-08-13 09:00,2025-08-13 09:15,LONG,London,SwingH,120150.91,119865.86,0.2372,False,-93.92,6333.42,SL,1,2025-08
2025-08-13 09:15,2025-08-13 10:00,SHORT,London,RoundNum,119849.67,120229.31,0.3168,False,-117.73,6215.7,SL,3,2025-08
2025-08-13 15:15,2025-08-13 15:30,SHORT,NY_open,PrevHigh,120598.01,121182.03,0.4843,False,-138.43,6077.27,SL,1,2025-08
2025-08-14 14:45,2025-08-14 16:15,SHORT,NY_open,PrevLow,118871.3,117663.27,0.7199,False,162.28,6239.55,TIME,6,2025-08
2025-08-14 16:30,2025-08-14 18:00,LONG,NY_prime,RoundNum,117742.12,117711.61,0.4346,False,-23.23,6216.32,TIME,6,2025-08
2025-08-15 09:15,2025-08-15 10:45,SHORT,London,SwingL,118794.73,118966.31,0.2445,False,-61.99,6154.33,TIME,6,2025-08
2025-08-15 14:30,2025-08-16 00:45,SHORT,NY_open,SwingL,117804.57,117804.57,0.3315,True,74.8,6229.13,SL,41,2025-08
2025-08-16 09:00,2025-08-16 09:45,LONG,London,VWAP,117730.57,117576.23,0.1311,False,-57.96,6171.17,SL,3,2025-08
2025-08-16 09:45,2025-08-16 11:15,SHORT,London,SwingL,117390.63,117574.11,0.3454,False,-65.2,6105.97,TIME,6,2025-08
2025-08-17 09:00,2025-08-17 10:30,SHORT,London,SwingH,118380.24,118359.99,0.1329,False,-11.57,6094.4,TIME,6,2025-08
2025-08-17 16:30,2025-08-17 18:00,SHORT,NY_prime,SwingL,118038.35,117990.97,0.1701,False,-4.53,6089.87,TIME,6,2025-08
2025-08-18 09:15,2025-08-18 10:00,SHORT,London,SwingL,114737.22,115114.22,0.3286,False,-116.8,5973.07,SL,3,2025-08
2025-08-18 15:00,2025-08-18 15:45,SHORT,NY_open,VWAP,115527.65,115884.79,0.3091,False,-108.75,5864.32,SL,3,2025-08
2025-08-18 16:30,2025-08-18 18:00,LONG,NY_prime,RoundNum,116121.85,116432.61,0.2872,False,62.34,5926.67,TIME,6,2025-08
2025-08-19 09:15,2025-08-19 10:45,LONG,London,SwingH,115479.21,115441.66,0.2063,False,-25.93,5900.73,TIME,6,2025-08
2025-08-19 14:30,2025-08-19 16:00,SHORT,NY_open,RoundNum,113934.62,113699.58,0.5796,False,30.81,5931.54,TIME,6,2025-08
2025-08-19 16:45,2025-08-19 18:15,SHORT,NY_prime,SwingL,113375.27,113226.12,0.3338,False,22.7,5954.24,TIME,6,2025-08
2025-08-20 14:45,2025-08-20 15:15,SHORT,NY_open,VWAP,113456.47,113999.92,0.479,False,-132.76,5821.48,SL,2,2025-08
2025-08-20 15:15,2025-08-20 15:45,LONG,NY_open,SwingH,114312.14,113737.84,0.5024,False,-129.18,5692.31,SL,2,2025-08
2025-08-20 16:30,2025-08-20 18:00,SHORT,NY_prime,RoundNum,113959.65,113677.97,0.4397,False,49.76,5742.07,TIME,6,2025-08
2025-08-21 09:00,2025-08-21 10:30,SHORT,London,SwingL,113441.93,113399.89,0.1821,False,-5.15,5736.92,TIME,6,2025-08
2025-08-21 15:00,2025-08-21 16:30,SHORT,NY_open,SwingL,112664.49,112585.47,0.7363,False,2.36,5739.28,TIME,6,2025-08
2025-08-21 16:45,2025-08-21 18:15,SHORT,NY_prime,PrevLow,112354.93,112470.88,0.3658,False,-45.4,5693.88,TIME,6,2025-08
2025-08-22 09:30,2025-08-22 11:00,SHORT,London,VWAP,112856.94,112287.29,0.2019,True,93.94,5787.81,TP2,6,2025-08
2025-08-22 14:45,2025-08-22 15:00,SHORT,NY_open,RoundNum,115805.63,116325.34,0.4488,False,-129.94,5657.87,SL,1,2025-08
2025-08-22 15:00,2025-08-22 16:30,LONG,NY_open,RoundNum,116650.46,116452.54,0.9046,False,-28.1,5629.77,TIME,6,2025-08
2025-08-23 14:30,2025-08-23 16:00,SHORT,NY_open,SwingL,114681.06,114679.31,0.3722,False,-15.05,5614.71,TIME,6,2025-08
2025-08-24 09:00,2025-08-24 09:30,SHORT,London,SwingL,114627.45,114880.64,0.2209,False,-77.45,5537.26,SL,2,2025-08
2025-08-24 14:45,2025-08-24 16:15,SHORT,NY_open,PrevLow,114466.37,114384.58,0.1787,False,4.56,5541.82,TIME,6,2025-08
2025-08-24 16:45,2025-08-24 17:30,SHORT,NY_prime,SwingL,114229.61,114439.3,0.1836,False,-66.1,5475.72,SL,3,2025-08
2025-08-25 14:45,2025-08-25 16:15,LONG,NY_open,SwingH,112257.4,112628.24,0.3419,False,75.39,5551.1,TIME,6,2025-08
2025-08-26 16:45,2025-08-26 18:15,LONG,NY_prime,RoundNum,110159.26,110503.97,0.5509,False,51.98,5603.08,TIME,6,2025-08
2025-08-27 09:30,2025-08-27 11:00,SHORT,London,RoundNum,110903.75,111195.66,0.2632,False,-89.15,5513.93,SL,6,2025-08
2025-08-27 14:30,2025-08-27 16:00,SHORT,NY_open,RoundNum,111947.96,111939.0,0.7574,False,-6.84,5507.09,TIME,6,2025-08
2025-08-27 16:45,2025-08-27 18:15,LONG,NY_prime,RoundNum,112131.73,112487.7,0.4244,False,68.12,5575.21,TIME,6,2025-08
2025-08-28 14:30,2025-08-28 16:00,LONG,NY_open,RoundNum,112993.08,112937.47,0.502,False,-23.15,5552.06,TIME,6,2025-08
2025-08-28 16:30,2025-08-28 19:30,SHORT,NY_prime,RoundNum,112884.44,112150.98,0.2599,True,122.48,5674.53,TP2,12,2025-08
2025-08-29 14:45,2025-08-29 16:15,SHORT,NY_open,SwingL,108187.37,108507.61,0.6443,False,-61.83,5612.71,TIME,6,2025-08
2025-08-30 15:15,2025-08-30 16:45,LONG,NY_open,SwingH,108779.95,108825.08,0.2134,False,-3.79,5608.92,TIME,6,2025-08
2025-08-31 09:00,2025-08-31 09:15,LONG,London,RoundNum,109052.15,108924.45,0.1171,False,-48.27,5560.65,SL,1,2025-08
2025-08-31 09:15,2025-08-31 13:00,SHORT,London,PrevHigh,108891.55,108232.1,0.2422,True,113.24,5673.89,TP2,15,2025-08
2025-08-31 15:00,2025-08-31 15:45,SHORT,NY_open,SwingH,108450.0,108749.07,0.2758,False,-93.84,5580.06,SL,3,2025-08
2025-08-31 16:30,2025-08-31 18:00,LONG,NY_prime,SwingH,108870.21,108957.89,0.2969,False,7.12,5587.18,TIME,6,2025-08
2025-09-01 09:30,2025-09-01 10:00,LONG,London,SwingH,109816.51,109488.4,0.2988,False,-98.83,5488.35,SL,2,2025-09
2025-09-01 14:30,2025-09-01 15:15,LONG,NY_open,RoundNum,109082.25,108726.11,0.3265,False,-104.69,5383.66,SL,3,2025-09
2025-09-01 15:15,2025-09-01 16:45,SHORT,NY_open,VWAP,108713.28,108786.69,0.4788,False,-27.55,5356.11,TIME,6,2025-09
2025-09-02 14:30,2025-09-03 00:00,SHORT,NY_open,SwingH,111534.5,111534.5,0.3956,True,80.52,5436.63,SL,38,2025-09
2025-09-03 09:00,2025-09-03 09:30,SHORT,London,RoundNum,110922.17,111143.16,0.1992,False,-69.11,5367.52,SL,2,2025-09
2025-09-03 09:45,2025-09-03 11:15,LONG,London,SwingH,111318.29,111516.67,0.2109,False,33.07,5400.59,TIME,6,2025-09
2025-09-03 14:30,2025-09-03 16:00,LONG,NY_open,RoundNum,112505.0,112201.6,1.0319,False,-33.98,5366.6,TIME,6,2025-09
2025-09-03 16:30,2025-09-03 17:00,SHORT,NY_prime,PrevHigh,111750.02,112281.47,0.4756,False,-119.74,5246.86,SL,2,2025-09
2025-09-04 14:30,2025-09-04 15:00,LONG,NY_open,RoundNum,110128.45,109799.78,0.2984,False,-92.72,5154.13,SL,2,2025-09
2025-09-04 15:00,2025-09-04 16:30,SHORT,NY_open,SwingL,109453.86,109455.01,0.4883,False,-11.83,5142.3,TIME,6,2025-09
2025-09-05 09:15,2025-09-05 10:45,SHORT,London,PrevHigh,112227.65,112251.25,0.3368,False,-19.55,5122.75,TIME,6,2025-09
2025-09-05 14:30,2025-09-05 16:00,LONG,NY_open,SwingL,110899.3,110793.33,0.4583,False,-33.66,5089.1,TIME,6,2025-09
2025-09-06 09:00,2025-09-06 10:30,SHORT,London,SwingL,110720.65,110764.47,0.231,False,-24.07,5065.03,TIME,6,2025-09
2025-09-06 14:45,2025-09-06 15:45,SHORT,NY_open,VWAP,110822.01,110575.23,0.0891,True,28.97,5094.0,TP2,4,2025-09
2025-09-06 16:45,2025-09-06 18:15,LONG,NY_prime,PrevLow,110288.98,110216.81,0.2605,False,-30.68,5063.33,TIME,6,2025-09
2025-09-07 09:30,2025-09-07 11:00,SHORT,London,RoundNum,110993.63,111239.1,0.2212,False,-69.91,4993.41,SL,6,2025-09
2025-09-08 09:00,2025-09-08 10:30,LONG,London,RoundNum,111946.9,112116.02,0.4007,False,23.95,5017.36,TIME,6,2025-09
2025-09-08 14:30,2025-09-08 16:00,LONG,NY_open,SwingH,112592.02,112424.07,0.3924,False,-51.22,4966.14,TIME,6,2025-09
2025-09-09 09:00,2025-09-09 11:45,SHORT,London,PrevHigh,112943.65,112557.45,0.1368,True,51.0,5017.14,TP2,11,2025-09
2025-09-09 14:30,2025-09-09 16:00,SHORT,NY_open,RoundNum,111570.67,111114.79,0.77,False,46.08,5063.22,TIME,6,2025-09
2025-09-09 16:30,2025-09-09 18:00,SHORT,NY_prime,RoundNum,110985.54,111104.31,0.183,False,-41.02,5022.2,TIME,6,2025-09
2025-09-10 14:45,2025-09-10 16:15,SHORT,NY_open,RoundNum,113926.0,113699.63,0.2861,False,36.08,5058.29,TIME,6,2025-09
2025-09-11 09:00,2025-09-11 10:30,SHORT,London,SwingL,113931.27,114064.73,0.2061,False,-43.54,5014.75,TIME,6,2025-09
2025-09-11 14:30,2025-09-11 16:00,LONG,NY_open,SwingH,114565.0,114338.03,0.4877,False,-52.05,4962.7,TIME,6,2025-09
2025-09-12 09:15,2025-09-12 10:45,SHORT,London,SwingL,114982.0,115010.94,0.1996,False,-19.89,4942.8,TIME,6,2025-09
2025-09-12 14:30,2025-09-12 16:00,SHORT,NY_open,SwingL,114884.0,115305.99,0.485,False,-86.08,4856.72,TIME,6,2025-09
2025-09-12 16:45,2025-09-12 18:15,LONG,NY_prime,SwingH,115540.09,116254.49,0.2473,True,101.28,4957.99,TP2,6,2025-09
2025-09-13 09:00,2025-09-13 10:00,SHORT,London,VWAP,115972.0,116117.55,0.1255,False,-44.75,4913.25,SL,4,2025-09
2025-09-13 15:15,2025-09-13 16:30,SHORT,NY_open,VWAP,115889.75,115531.19,0.1238,True,44.35,4957.6,TP2,5,2025-09
2025-09-14 09:00,2025-09-14 10:30,LONG,London,RoundNum,116014.56,116040.36,0.0893,False,-8.12,4949.48,TIME,6,2025-09
2025-09-15 09:00,2025-09-15 10:30,LONG,London,RoundNum,114881.59,114811.75,0.2968,False,-28.66,4920.82,TIME,6,2025-09
2025-09-15 14:45,2025-09-15 16:15,SHORT,NY_open,RoundNum,114705.57,114706.83,0.349,False,-13.8,4907.02,TIME,6,2025-09
2025-09-16 09:45,2025-09-16 13:30,SHORT,London,VWAP,115501.17,115195.36,0.1059,True,35.94,4942.96,TP2,15,2025-09
2025-09-16 14:30,2025-09-16 16:00,LONG,NY_open,RoundNum,115070.17,115604.6,0.1858,True,73.92,5016.88,TP2,6,2025-09
2025-09-16 16:45,2025-09-17 05:45,LONG,NY_prime,SwingH,116087.56,116945.54,0.2956,True,127.9,5144.78,TP2,52,2025-09
2025-09-17 09:00,2025-09-17 12:30,SHORT,London,VWAP,116741.98,116231.25,0.175,True,71.63,5216.41,TP2,14,2025-09
2025-09-17 14:30,2025-09-17 15:30,SHORT,NY_open,SwingL,115620.02,115850.53,0.1994,False,-66.35,5150.06,SL,4,2025-09
2025-09-17 16:45,2025-09-17 18:15,LONG,NY_prime,SwingL,115671.97,116007.32,0.2972,False,60.49,5210.55,TIME,6,2025-09
2025-09-18 09:15,2025-09-18 10:45,SHORT,London,PrevHigh,117285.47,117226.94,0.1428,False,-1.33,5209.22,TIME,6,2025-09
2025-09-19 09:00,2025-09-19 09:15,LONG,London,RoundNum,117034.0,116885.29,0.1271,False,-47.42,5161.8,SL,1,2025-09
2025-09-19 09:15,2025-09-19 12:15,SHORT,London,RoundNum,116882.02,116389.58,0.1685,True,68.67,5230.47,TP2,12,2025-09
2025-09-19 14:45,2025-09-19 16:15,SHORT,NY_open,RoundNum,115949.36,116018.96,0.2815,False,-30.08,5200.39,TIME,6,2025-09
2025-09-19 16:30,2025-09-19 17:30,LONG,NY_prime,RoundNum,116045.79,115813.7,0.2,False,-66.31,5134.09,SL,4,2025-09
2025-09-20 14:30,2025-09-20 17:00,LONG,NY_open,SwingH,116021.19,116021.19,0.0655,True,1.01,5135.1,SL,10,2025-09
2025-09-21 09:00,2025-09-21 09:45,SHORT,London,VWAP,115637.28,115737.43,0.0866,False,-36.36,5098.74,SL,3,2025-09
2025-09-21 09:45,2025-09-21 11:15,LONG,London,VWAP,115747.91,115735.0,0.2149,False,-16.86,5081.88,TIME,6,2025-09
2025-09-21 14:30,2025-09-21 16:00,LONG,NY_open,VWAP,115718.42,115525.04,0.1712,False,-56.44,5025.44,TIME,6,2025-09
2025-09-21 16:30,2025-09-21 17:45,SHORT,NY_prime,SwingL,115386.65,115503.94,0.1016,False,-39.36,4986.08,SL,5,2025-09
2025-09-22 14:30,2025-09-22 16:00,SHORT,NY_open,RoundNum,113065.5,112883.57,0.5266,False,20.05,5006.13,TIME,6,2025-09
2025-09-23 09:00,2025-09-23 09:15,LONG,London,SwingH,113333.21,113090.42,0.2142,False,-67.39,4938.74,SL,1,2025-09
2025-09-23 09:45,2025-09-23 11:15,SHORT,London,RoundNum,112991.99,112921.32,0.1414,False,1.86,4940.61,TIME,6,2025-09
2025-09-23 14:30,2025-09-23 16:00,LONG,NY_open,VWAP,112875.12,112629.92,0.2479,False,-67.25,4873.36,TIME,6,2025-09
2025-09-23 16:30,2025-09-23 18:30,SHORT,NY_prime,SwingL,112636.95,111836.86,0.2841,True,118.85,4992.21,TP2,8,2025-09
2025-09-24 14:30,2025-09-24 16:00,LONG,NY_open,PrevHigh,113407.0,113315.26,0.2893,False,-33.92,4958.29,TIME,6,2025-09
2025-09-25 09:15,2025-09-25 09:45,LONG,London,RoundNum,112096.32,111816.32,0.2498,False,-75.56,4882.73,SL,2,2025-09
2025-09-25 15:15,2025-09-25 15:45,SHORT,NY_open,RoundNum,110988.0,111535.06,0.4929,False,-108.55,4774.18,SL,2,2025-09
2025-09-25 16:45,2025-09-25 17:15,SHORT,NY_prime,RoundNum,110998.39,110186.65,0.2925,True,120.29,4894.47,TP2,2,2025-09
2025-09-26 09:00,2025-09-26 10:00,LONG,London,SwingH,109749.0,109435.8,0.2854,False,-83.3,4811.17,SL,4,2025-09
2025-09-26 14:30,2025-09-26 15:15,SHORT,NY_open,RoundNum,108959.68,109309.15,0.3207,False,-90.39,4720.78,SL,3,2025-09
2025-09-26 15:15,2025-09-26 16:45,LONG,NY_open,VWAP,109357.55,109495.89,0.5057,False,13.35,4734.13,TIME,6,2025-09
2025-09-26 16:45,2025-09-26 18:15,LONG,NY_prime,VWAP,109495.89,110199.09,0.2569,True,103.07,4837.2,TP2,6,2025-09
2025-09-27 09:00,2025-09-27 10:30,SHORT,London,SwingL,109218.05,109367.43,0.1368,False,-46.38,4790.81,SL,6,2025-09
2025-09-27 15:00,2025-09-27 15:30,SHORT,NY_open,SwingL,109282.13,109377.98,0.0877,False,-34.18,4756.63,SL,2,2025-09
2025-09-28 09:00,2025-09-28 10:30,SHORT,London,VWAP,109403.31,109437.95,0.1942,False,-20.61,4736.02,TIME,6,2025-09
2025-09-28 14:30,2025-09-28 14:45,SHORT,NY_open,SwingH,109711.08,109817.68,0.0972,False,-36.03,4699.99,SL,1,2025-09
2025-09-28 14:45,2025-09-28 16:15,LONG,NY_open,PrevHigh,109876.39,110166.01,0.2062,False,49.02,4749.0,TIME,6,2025-09
2025-09-29 14:30,2025-09-29 16:00,LONG,NY_open,RoundNum,114157.19,114039.69,0.4458,False,-33.64,4715.36,TIME,6,2025-09
2025-09-29 16:30,2025-09-29 18:00,SHORT,NY_prime,RoundNum,113834.63,114097.42,0.3637,False,-67.39,4647.96,TIME,6,2025-09
2025-09-30 09:00,2025-09-30 12:30,SHORT,London,SwingL,113268.95,113268.95,0.2569,True,40.89,4688.86,SL,14,2025-09
2025-09-30 16:30,2025-09-30 17:15,SHORT,NY_prime,SwingL,112936.85,113212.04,0.2437,False,-70.02,4618.84,SL,3,2025-09
2025-10-01 09:00,2025-10-01 10:30,LONG,London,RoundNum,116277.98,116322.5,0.3454,False,-3.86,4614.98,TIME,6,2025-10
2025-10-01 15:15,2025-10-01 16:45,LONG,NY_open,SwingH,117569.77,117618.03,0.3501,False,-3.22,4611.76,TIME,6,2025-10
2025-10-01 16:45,2025-10-01 18:15,SHORT,NY_prime,RoundNum,117618.03,117091.26,0.467,False,77.59,4689.35,TIME,6,2025-10
2025-10-02 09:00,2025-10-02 09:30,SHORT,London,VWAP,118663.02,118800.64,0.116,False,-40.09,4649.26,SL,2,2025-10
2025-10-02 09:30,2025-10-02 11:00,LONG,London,SwingH,118800.89,118649.24,0.1636,False,-42.46,4606.8,TIME,6,2025-10
2025-10-02 14:30,2025-10-02 15:45,SHORT,NY_open,RoundNum,119087.1,119988.55,0.757,False,-98.83,4507.97,SL,5,2025-10
2025-10-02 16:30,2025-10-02 18:00,SHORT,NY_prime,RoundNum,119861.41,120211.99,0.3917,False,-78.32,4429.65,TIME,6,2025-10
2025-10-03 09:15,2025-10-03 10:45,LONG,London,SwingH,120386.05,120520.3,0.305,False,12.52,4442.16,TIME,6,2025-10
2025-10-03 14:45,2025-10-03 15:45,LONG,NY_open,RoundNum,121028.0,121952.31,0.3055,True,117.46,4559.63,TP2,4,2025-10
2025-10-04 09:45,2025-10-04 11:15,SHORT,London,SwingL,122286.5,122158.28,0.1332,False,11.37,4570.99,TIME,6,2025-10
2025-10-04 14:30,2025-10-04 15:15,SHORT,NY_open,VWAP,122305.52,121951.31,0.1158,True,37.81,4608.8,TP2,3,2025-10
2025-10-04 15:15,2025-10-04 16:45,SHORT,NY_open,SwingL,121820.0,121792.01,0.23,False,-7.38,4601.42,TIME,6,2025-10
2025-10-05 09:30,2025-10-05 11:00,SHORT,London,RoundNum,123000.64,122893.57,0.9323,False,3.16,4604.59,TIME,6,2025-10
2025-10-05 14:30,2025-10-05 16:00,SHORT,NY_open,RoundNum,122949.0,123114.0,0.3188,False,-43.56,4561.03,TIME,6,2025-10
2025-10-05 16:30,2025-10-05 18:00,LONG,NY_prime,RoundNum,123059.95,123013.99,0.1492,False,-21.06,4539.97,TIME,6,2025-10
2025-10-06 09:45,2025-10-06 13:00,LONG,London,RoundNum,124009.46,124658.5,0.2094,True,78.14,4618.11,TP2,13,2025-10
2025-10-06 14:30,2025-10-06 16:00,SHORT,NY_open,RoundNum,124791.18,124932.12,0.3709,False,-38.78,4579.33,TIME,6,2025-10
2025-10-06 16:30,2025-10-06 18:00,LONG,NY_prime,SwingH,125319.63,125325.56,0.4024,False,-11.44,4567.89,TIME,6,2025-10
2025-10-07 09:00,2025-10-07 10:30,LONG,London,VWAP,124198.63,124393.01,0.2827,False,23.18,4591.07,TIME,6,2025-10
2025-10-07 14:45,2025-10-07 16:00,SHORT,NY_open,SwingL,122829.0,121760.26,0.348,True,140.22,4731.29,TP2,5,2025-10
2025-10-07 16:45,2025-10-07 20:00,SHORT,NY_prime,RoundNum,121757.3,121757.3,0.5095,True,74.88,4806.17,SL,13,2025-10
2025-10-08 16:45,2025-10-08 20:45,LONG,NY_prime,RoundNum,123097.9,123097.9,0.428,True,74.08,4880.25,SL,16,2025-10
2025-10-09 14:30,2025-10-09 16:00,SHORT,NY_open,PrevLow,121324.0,121304.04,0.576,False,-6.53,4873.72,TIME,6,2025-10
2025-10-09 16:30,2025-10-09 18:00,SHORT,NY_prime,RoundNum,120865.11,120822.13,0.5655,False,-3.35,4870.37,TIME,6,2025-10
2025-10-10 09:45,2025-10-10 11:15,SHORT,London,VWAP,121360.09,121495.04,0.4245,False,-38.14,4832.23,TIME,6,2025-10
2025-10-10 14:45,2025-10-10 16:15,SHORT,NY_open,RoundNum,120524.03,119104.01,0.8695,False,124.85,4957.08,TIME,6,2025-10
2025-10-10 16:30,2025-10-10 19:00,SHORT,NY_prime,RoundNum,118926.56,116963.71,0.6602,True,181.74,5138.82,TP2,10,2025-10
2025-10-11 15:00,2025-10-11 15:45,LONG,NY_open,SwingH,112388.01,111960.96,0.38,False,-111.76,5027.06,SL,3,2025-10
2025-10-11 16:30,2025-10-11 17:00,SHORT,NY_prime,SwingL,111638.06,112056.75,0.375,False,-108.09,4918.96,SL,2,2025-10
2025-10-12 14:30,2025-10-12 15:00,LONG,NY_open,VWAP,111428.0,112235.02,0.2897,True,122.6,5041.57,TP2,2,2025-10
2025-10-12 15:15,2025-10-12 16:00,SHORT,NY_open,PrevHigh,113226.17,113965.34,0.6528,False,-109.33,4932.24,SL,3,2025-10
2025-10-12 16:30,2025-10-12 18:00,LONG,NY_prime,SwingH,114321.99,114120.16,0.9621,False,-23.74,4908.5,TIME,6,2025-10
2025-10-13 09:00,2025-10-13 10:30,SHORT,London,RoundNum,114902.81,114879.21,0.4638,False,-7.29,4901.21,TIME,6,2025-10
2025-10-14 09:00,2025-10-14 10:15,SHORT,London,RoundNum,111868.19,110971.61,0.3206,True,136.73,5037.93,TP2,5,2025-10
2025-10-14 16:30,2025-10-14 18:00,LONG,NY_prime,RoundNum,112829.56,113328.0,0.6072,False,64.18,5102.11,TIME,6,2025-10
2025-10-15 09:15,2025-10-15 10:45,SHORT,London,VWAP,112666.83,112346.01,0.4325,False,54.21,5156.32,TIME,6,2025-10
2025-10-15 15:00,2025-10-15 16:30,SHORT,NY_open,RoundNum,110916.89,110760.16,0.5418,False,16.43,5172.75,TIME,6,2025-10
2025-10-15 16:30,2025-10-15 18:00,SHORT,NY_prime,RoundNum,110760.16,111032.27,0.4788,False,-64.96,5107.79,TIME,6,2025-10
2025-10-16 14:45,2025-10-16 18:15,SHORT,NY_open,PrevLow,110577.05,107926.17,0.9589,True,189.96,5297.75,TP2,14,2025-10
2025-10-17 09:00,2025-10-17 09:45,LONG,London,RoundNum,105242.0,104622.18,0.5889,False,-115.85,5181.9,SL,3,2025-10
2025-10-17 09:45,2025-10-17 11:00,SHORT,London,SwingL,104519.84,105371.04,0.8144,False,-110.64,5071.27,SL,5,2025-10
2025-10-17 14:30,2025-10-17 21:00,LONG,NY_open,RoundNum,105217.99,107414.18,0.8349,True,187.73,5258.99,TP2,26,2025-10
2025-10-18 09:15,2025-10-18 10:45,LONG,London,VWAP,106893.4,106961.73,0.2784,False,2.35,5261.34,TIME,6,2025-10
2025-10-18 14:30,2025-10-18 16:00,SHORT,NY_open,RoundNum,106984.32,106959.87,0.2231,False,-8.46,5252.88,TIME,6,2025-10
2025-10-18 16:30,2025-10-18 17:15,SHORT,NY_prime,SwingL,106617.99,106911.02,0.2748,False,-86.63,5166.25,SL,3,2025-10
2025-10-19 09:00,2025-10-19 09:30,SHORT,London,SwingL,106322.24,106557.46,0.2212,False,-71.35,5094.9,SL,2,2025-10
2025-10-19 09:30,2025-10-19 11:00,LONG,London,RoundNum,106987.99,108160.32,0.8536,False,124.24,5219.14,TIME,6,2025-10
2025-10-19 15:15,2025-10-19 16:30,SHORT,NY_open,SwingH,108511.67,108749.42,0.2191,False,-71.53,5147.61,SL,5,2025-10
2025-10-19 16:30,2025-10-19 18:00,LONG,NY_prime,RoundNum,108928.34,109259.9,0.6612,False,38.83,5186.44,TIME,6,2025-10
2025-10-20 09:15,2025-10-20 10:45,SHORT,London,RoundNum,110846.17,110775.29,0.3656,False,2.32,5188.76,TIME,6,2025-10
2025-10-20 14:45,2025-10-20 16:15,SHORT,NY_open,SwingH,111236.18,111033.81,0.2393,False,32.93,5221.69,TIME,6,2025-10
2025-10-20 16:30,2025-10-20 18:00,SHORT,NY_prime,SwingL,110539.33,110363.93,0.5487,False,19.73,5241.42,TIME,6,2025-10
2025-10-21 15:00,2025-10-21 16:30,LONG,NY_open,SwingH,112447.24,113509.95,0.8287,False,112.59,5354.02,TIME,6,2025-10
2025-10-21 16:30,2025-10-21 20:00,SHORT,NY_prime,SwingH,113509.95,111456.95,0.7235,True,197.09,5551.1,TP2,14,2025-10
2025-10-22 09:00,2025-10-22 10:30,SHORT,London,RoundNum,108042.78,107884.89,0.3356,False,25.3,5576.4,TIME,6,2025-10
2025-10-22 14:30,2025-10-22 14:45,SHORT,NY_open,RoundNum,107835.5,108364.55,0.4906,False,-124.03,5452.37,SL,1,2025-10
2025-10-22 14:45,2025-10-22 16:15,LONG,NY_open,RoundNum,108962.0,108549.93,1.3488,False,-35.02,5417.35,TIME,6,2025-10
2025-10-22 16:30,2025-10-22 18:00,LONG,NY_prime,VWAP,108430.98,107749.12,0.7379,False,-100.41,5316.93,TIME,6,2025-10
2025-10-23 09:00,2025-10-23 10:30,SHORT,London,PrevHigh,109165.03,109482.95,0.4956,False,-74.29,5242.65,TIME,6,2025-10
2025-10-23 15:00,2025-10-23 16:30,LONG,NY_open,SwingH,109914.21,109875.2,0.4813,False,-19.71,5222.93,TIME,6,2025-10
2025-10-23 16:45,2025-10-23 19:45,LONG,NY_prime,SwingH,110286.6,110286.6,0.5281,True,83.06,5305.99,SL,12,2025-10
2025-10-24 09:00,2025-10-24 10:30,LONG,London,PrevHigh,111376.85,111212.14,0.3899,False,-53.83,5252.17,TIME,6,2025-10
2025-10-24 14:30,2025-10-24 16:00,LONG,NY_open,RoundNum,110081.99,110046.84,0.42,False,-21.74,5230.43,TIME,6,2025-10
2025-10-24 16:45,2025-10-24 18:15,LONG,NY_prime,RoundNum,110286.93,110524.36,0.4285,False,39.13,5269.55,TIME,6,2025-10
2025-10-26 09:15,2025-10-26 10:45,LONG,London,RoundNum,112678.29,112499.99,0.8782,False,-25.59,5243.97,TIME,6,2025-10
2025-10-27 09:00,2025-10-27 10:30,LONG,London,RoundNum,115131.95,115394.46,0.3705,False,45.36,5289.33,TIME,6,2025-10
2025-10-27 14:30,2025-10-27 16:00,SHORT,NY_open,RoundNum,114883.8,115163.47,0.2434,False,-78.93,5210.4,SL,6,2025-10
2025-10-28 09:00,2025-10-28 10:30,SHORT,London,SwingH,114362.66,114539.29,0.2921,False,-54.57,5155.84,TIME,6,2025-10
2025-10-28 14:45,2025-10-28 16:15,LONG,NY_open,RoundNum,115069.17,115078.0,0.8254,False,-5.91,5149.92,TIME,6,2025-10
2025-10-29 09:00,2025-10-29 10:30,SHORT,London,VWAP,112884.72,113053.77,0.2604,False,-52.72,5097.2,TIME,6,2025-10
2025-10-29 15:15,2025-10-29 18:30,SHORT,NY_open,RoundNum,112022.75,110613.71,0.5031,True,184.18,5281.38,TP2,13,2025-10
2025-10-30 09:15,2025-10-30 10:00,LONG,London,VWAP,110420.41,110013.74,0.3683,False,-111.78,5169.6,SL,3,2025-10
2025-10-30 14:30,2025-10-30 15:30,LONG,NY_open,RoundNum,108293.99,107673.31,0.5731,False,-113.31,5056.29,SL,4,2025-10
2025-10-30 16:45,2025-10-30 17:00,LONG,NY_prime,RoundNum,108142.46,107790.72,0.3253,False,-96.13,4960.15,SL,1,2025-10
2025-10-31 09:00,2025-10-31 10:30,SHORT,London,SwingH,110125.62,110040.72,0.281,False,5.48,4965.63,TIME,6,2025-10
2025-10-31 14:30,2025-10-31 16:00,LONG,NY_open,RoundNum,109948.25,110037.99,0.5256,False,5.03,4970.66,TIME,6,2025-10
2025-10-31 16:30,2025-10-31 18:00,SHORT,NY_prime,VWAP,109645.9,109341.98,0.5545,False,39.83,5010.5,TIME,6,2025-10
2025-11-01 09:30,2025-11-01 11:00,SHORT,London,VWAP,109943.66,110118.97,0.2012,False,-53.73,4956.77,TIME,6,2025-11
2025-11-01 15:00,2025-11-01 16:30,LONG,NY_open,SwingH,110140.6,110399.99,0.309,False,44.74,5001.51,TIME,6,2025-11
2025-11-02 14:30,2025-11-02 18:45,SHORT,NY_open,VWAP,110332.05,110332.05,0.2454,True,41.44,5042.94,SL,17,2025-11
2025-11-03 14:45,2025-11-03 15:15,LONG,NY_open,VWAP,108040.04,107379.48,0.6114,False,-109.93,4933.01,SL,2,2025-11
2025-11-04 09:00,2025-11-04 10:30,SHORT,London,SwingL,103773.51,103789.33,0.3971,False,-17.33,4915.69,TIME,6,2025-11
2025-11-04 14:45,2025-11-04 15:45,LONG,NY_open,SwingH,104457.6,103629.77,0.7925,False,-105.14,4810.55,SL,4,2025-11
2025-11-04 16:45,2025-11-04 21:00,SHORT,NY_prime,RoundNum,102195.72,100352.49,0.7215,True,177.06,4987.61,TP2,17,2025-11
2025-11-05 14:45,2025-11-05 16:15,LONG,NY_open,SwingH,103190.37,103508.54,0.4893,False,51.64,5039.25,TIME,6,2025-11
2025-11-05 16:45,2025-11-05 18:15,LONG,NY_prime,SwingH,103904.0,104114.02,0.471,False,31.48,5070.73,TIME,6,2025-11
2025-11-06 09:00,2025-11-06 10:30,LONG,London,RoundNum,103098.0,103077.71,0.3498,False,-18.93,5051.8,TIME,6,2025-11
2025-11-06 15:00,2025-11-06 16:30,LONG,NY_open,RoundNum,102165.25,101584.32,0.5686,False,-110.81,4940.99,SL,6,2025-11
2025-11-06 16:30,2025-11-06 18:00,SHORT,NY_prime,RoundNum,100527.93,101330.0,1.402,False,-60.11,4880.88,TIME,6,2025-11
2025-11-07 09:15,2025-11-07 10:45,SHORT,London,RoundNum,100952.05,100712.31,0.5565,False,32.01,4912.89,TIME,6,2025-11
2025-11-07 16:30,2025-11-07 18:15,LONG,NY_prime,VWAP,101330.15,102612.78,0.5063,True,177.59,5090.47,TP2,7,2025-11
2025-11-08 14:45,2025-11-08 16:15,SHORT,NY_open,RoundNum,101800.34,101812.65,0.3371,False,-17.08,5073.4,TIME,6,2025-11
2025-11-09 09:15,2025-11-09 10:45,SHORT,London,RoundNum,101940.11,101864.02,0.2258,False,4.98,5078.38,TIME,6,2025-11
2025-11-09 14:30,2025-11-09 16:00,SHORT,NY_open,PrevHigh,103345.67,103388.58,0.7642,False,-12.83,5065.55,TIME,6,2025-11
2025-11-09 16:30,2025-11-09 18:00,LONG,NY_prime,PrevHigh,103478.08,103578.62,0.2906,False,10.68,5076.23,TIME,6,2025-11
2025-11-10 09:00,2025-11-10 09:15,SHORT,London,RoundNum,105928.16,106162.75,0.2215,False,-70.17,5006.06,SL,1,2025-11
2025-11-10 09:15,2025-11-10 10:45,LONG,London,SwingH,106411.01,105976.34,0.6224,False,-74.56,4931.5,TIME,6,2025-11
2025-11-10 14:30,2025-11-10 16:00,SHORT,NY_open,PrevHigh,105623.03,105277.99,0.6559,False,40.85,4972.35,TIME,6,2025-11
2025-11-10 16:30,2025-11-10 17:30,SHORT,NY_prime,RoundNum,104940.24,105488.13,0.5221,False,-109.92,4862.43,SL,4,2025-11
2025-11-11 09:45,2025-11-11 10:30,SHORT,London,RoundNum,104957.11,105189.74,0.2216,False,-67.26,4795.17,SL,3,2025-11
2025-11-11 14:30,2025-11-11 16:00,SHORT,NY_open,RoundNum,104084.2,103502.29,0.4706,False,102.73,4897.9,TIME,6,2025-11
2025-11-12 09:00,2025-11-12 10:30,LONG,London,RoundNum,104775.86,104815.59,0.6962,False,-2.4,4895.5,TIME,6,2025-11
2025-11-12 14:45,2025-11-12 16:45,SHORT,NY_open,RoundNum,103980.77,101472.96,0.9647,True,182.1,5077.6,TP2,8,2025-11
2025-11-13 09:30,2025-11-13 11:00,LONG,London,RoundNum,103052.33,103072.97,0.3411,False,-8.88,5068.72,TIME,6,2025-11
2025-11-13 15:15,2025-11-13 17:45,SHORT,NY_open,RoundNum,102184.01,99895.76,0.8957,True,188.09,5256.82,TP2,10,2025-11
2025-11-14 09:30,2025-11-14 11:00,LONG,London,RoundNum,97100.7,96720.8,0.6878,False,-68.21,5188.6,TIME,6,2025-11
2025-11-14 15:15,2025-11-14 16:45,LONG,NY_open,RoundNum,96459.96,96954.45,0.8784,False,54.06,5242.67,TIME,6,2025-11
2025-11-14 16:45,2025-11-14 18:30,SHORT,NY_prime,RoundNum,96954.45,95735.58,0.5029,True,189.43,5432.09,TP2,7,2025-11
2025-11-15 09:00,2025-11-15 10:30,LONG,London,RoundNum,95981.46,95974.06,0.5055,False,-13.48,5418.62,TIME,6,2025-11
2025-11-15 14:30,2025-11-15 16:00,LONG,NY_open,RoundNum,96126.0,95869.05,0.2673,False,-87.32,5331.29,SL,6,2025-11
2025-11-15 16:30,2025-11-15 18:00,LONG,NY_prime,RoundNum,95979.56,96220.0,0.4331,False,48.14,5379.43,TIME,6,2025-11
2025-11-16 09:00,2025-11-16 11:00,LONG,London,RoundNum,96001.25,96001.25,0.2101,True,36.03,5415.46,SL,8,2025-11
2025-11-16 16:30,2025-11-16 18:30,LONG,NY_prime,PrevLow,94261.3,94261.3,0.3993,True,82.32,5497.79,SL,8,2025-11
2025-11-17 14:45,2025-11-17 19:00,SHORT,NY_open,RoundNum,94679.36,92228.21,1.0356,True,204.94,5702.73,TP2,17,2025-11
2025-11-18 09:00,2025-11-18 10:30,LONG,London,RoundNum,91067.22,91419.67,0.4027,False,94.04,5796.77,TIME,6,2025-11
2025-11-18 15:00,2025-11-18 16:30,LONG,NY_open,RoundNum,91948.49,93280.65,1.2978,False,124.52,5921.29,TIME,6,2025-11
2025-11-19 14:45,2025-11-19 15:15,LONG,NY_open,VWAP,91666.02,91325.54,0.3714,False,-126.25,5795.04,SL,2,2025-11
2025-11-19 15:15,2025-11-19 16:45,SHORT,NY_open,RoundNum,91179.86,89833.03,1.444,False,114.15,5909.18,TIME,6,2025-11
2025-11-20 09:15,2025-11-20 10:45,SHORT,London,SwingL,91729.95,91710.01,0.4192,False,-9.38,5899.81,TIME,6,2025-11
2025-11-20 14:45,2025-11-20 15:00,LONG,NY_open,RoundNum,91002.45,90405.81,0.6556,False,-127.89,5771.91,SL,1,2025-11
2025-11-20 15:15,2025-11-20 15:45,LONG,NY_open,SwingL,90523.5,89978.3,0.6023,False,-125.98,5645.93,SL,2,2025-11
2025-11-20 16:30,2025-11-21 02:45,SHORT,NY_prime,SwingL,88111.94,85763.02,1.0663,True,210.64,5856.57,TP2,41,2025-11
2025-11-21 09:30,2025-11-21 11:00,SHORT,London,RoundNum,82533.82,82970.99,0.989,False,-69.25,5787.33,TIME,6,2025-11
2025-11-21 15:00,2025-11-21 16:30,SHORT,NY_open,RoundNum,84092.0,83265.22,1.4328,False,74.98,5862.31,TIME,6,2025-11
2025-11-22 09:00,2025-11-22 10:15,LONG,London,VWAP,84242.61,83814.52,0.5082,False,-129.94,5732.37,SL,5,2025-11
2025-11-22 14:45,2025-11-22 15:30,LONG,NY_open,VWAP,84436.03,84091.2,0.4084,False,-130.09,5602.28,SL,3,2025-11
2025-11-22 16:30,2025-11-22 18:00,LONG,NY_prime,SwingH,84776.0,84560.11,0.4943,False,-70.19,5532.09,TIME,6,2025-11
2025-11-23 16:30,2025-11-23 16:45,LONG,NY_prime,SwingH,87311.52,86791.4,0.5957,False,-120.86,5411.24,SL,1,2025-11
2025-11-23 16:45,2025-11-23 18:15,SHORT,NY_prime,RoundNum,86643.21,86861.36,0.8899,False,-37.31,5373.93,TIME,6,2025-11
2025-11-24 09:15,2025-11-24 10:45,SHORT,London,RoundNum,85887.94,85996.0,0.9393,False,-20.69,5353.24,TIME,6,2025-11
2025-11-24 14:30,2025-11-24 16:00,SHORT,NY_open,SwingL,85517.79,86713.4,1.3981,False,-111.28,5241.96,SL,6,2025-11
2025-11-24 16:30,2025-11-24 20:45,LONG,NY_prime,SwingH,87461.57,88986.68,0.6975,True,192.66,5434.62,TP2,17,2025-11
2025-11-25 09:00,2025-11-25 09:45,SHORT,London,SwingL,86807.44,87095.75,0.3321,False,-105.19,5329.42,SL,3,2025-11
2025-11-25 09:45,2025-11-25 11:15,LONG,London,RoundNum,87209.26,87411.64,0.5119,False,36.87,5366.3,TIME,6,2025-11
2025-11-25 14:30,2025-11-25 16:00,SHORT,NY_open,SwingL,86557.71,86790.75,0.8911,False,-39.05,5327.25,TIME,6,2025-11
2025-11-25 16:45,2025-11-25 19:00,LONG,NY_prime,RoundNum,87068.02,87068.02,0.3983,True,80.74,5407.99,SL,9,2025-11
2025-11-26 09:30,2025-11-26 11:00,SHORT,London,RoundNum,86913.99,86943.57,0.2801,False,-24.07,5383.91,TIME,6,2025-11
2025-11-26 14:30,2025-11-26 16:00,SHORT,NY_open,VWAP,87268.48,87535.09,0.4134,False,-93.9,5290.01,TIME,6,2025-11
2025-11-26 16:30,2025-11-26 17:15,SHORT,NY_prime,SwingH,87594.16,88036.83,0.5054,False,-117.31,5172.7,SL,3,2025-11
2025-11-27 09:30,2025-11-27 11:00,LONG,London,SwingH,91780.34,91536.25,0.266,False,-83.01,5089.69,SL,6,2025-11
2025-11-27 14:45,2025-11-27 16:45,LONG,NY_open,PrevHigh,90768.0,91346.59,0.255,True,109.87,5199.56,TP2,8,2025-11
2025-11-28 14:30,2025-11-28 16:00,SHORT,NY_open,RoundNum,92006.54,91894.45,1.3814,False,5.03,5204.59,TIME,6,2025-11
2025-11-28 16:30,2025-11-28 17:15,LONG,NY_prime,VWAP,91590.0,90799.07,0.8636,False,-110.72,5093.87,SL,3,2025-11
2025-11-29 14:45,2025-11-29 15:00,SHORT,NY_open,VWAP,90650.38,90763.44,0.1247,False,-45.77,5048.1,SL,1,2025-11
2025-11-29 15:00,2025-11-29 17:00,LONG,NY_open,SwingH,90789.24,90789.24,0.1913,True,29.53,5077.63,SL,8,2025-11
2025-11-30 09:00,2025-11-30 10:30,LONG,London,SwingH,91502.25,91229.11,0.4503,False,-79.72,4997.9,TIME,6,2025-11
2025-12-01 09:00,2025-12-01 10:30,SHORT,London,VWAP,86634.0,86619.17,0.4295,False,-8.82,4989.09,TIME,6,2025-12
2025-12-01 14:30,2025-12-01 16:00,SHORT,NY_open,RoundNum,86034.07,84146.22,0.8777,True,185.01,5174.1,TP2,6,2025-12
2025-12-01 16:45,2025-12-01 18:00,SHORT,NY_prime,RoundNum,84549.85,85371.92,0.9723,False,-109.34,5064.76,SL,5,2025-12
2025-12-02 09:15,2025-12-02 10:45,LONG,London,VWAP,86871.47,87272.0,0.4549,False,90.42,5155.18,TIME,6,2025-12
2025-12-02 14:30,2025-12-02 15:30,LONG,NY_open,SwingH,88836.52,90213.43,0.62,True,188.43,5343.62,TP2,4,2025-12
2025-12-02 16:45,2025-12-02 17:15,SHORT,NY_prime,RoundNum,90769.31,91325.37,0.6126,False,-116.47,5227.15,SL,2,2025-12
2025-12-03 09:00,2025-12-03 10:30,LONG,London,RoundNum,92999.99,92969.55,0.391,False,-22.93,5204.22,TIME,6,2025-12
2025-12-03 15:00,2025-12-03 16:30,SHORT,NY_open,PrevHigh,92270.59,92749.54,0.988,False,-60.48,5143.74,TIME,6,2025-12
2025-12-03 16:30,2025-12-03 18:00,LONG,NY_prime,VWAP,92749.54,93448.02,0.7182,False,99.99,5243.73,TIME,6,2025-12
2025-12-04 09:00,2025-12-04 10:30,SHORT,London,VWAP,93384.77,93322.16,0.3615,False,3.16,5246.89,TIME,6,2025-12
2025-12-04 14:45,2025-12-04 15:30,SHORT,NY_open,RoundNum,91903.99,92771.26,0.9437,False,-111.05,5135.83,SL,3,2025-12
2025-12-05 09:00,2025-12-05 09:30,SHORT,London,SwingL,91893.56,91134.42,0.3304,True,148.15,5283.98,TP2,2,2025-12
2025-12-05 09:30,2025-12-05 11:00,SHORT,London,RoundNum,91070.96,91559.98,0.5504,False,-113.67,5170.32,TIME,6,2025-12
2025-12-05 14:45,2025-12-05 16:00,LONG,NY_open,RoundNum,90309.13,90309.13,0.4842,True,81.24,5251.56,SL,5,2025-12
2025-12-06 09:00,2025-12-06 10:30,LONG,London,VWAP,89531.84,89588.89,0.3516,False,2.29,5253.85,TIME,6,2025-12
2025-12-06 14:30,2025-12-06 15:00,LONG,NY_open,RoundNum,90087.27,89874.75,0.2359,False,-76.42,5177.43,SL,2,2025-12
2025-12-06 15:00,2025-12-06 16:30,SHORT,NY_open,RoundNum,89854.95,89851.24,0.2809,False,-13.17,5164.26,TIME,6,2025-12
2025-12-07 09:15,2025-12-07 10:45,SHORT,London,SwingL,89189.35,89252.14,0.3195,False,-32.38,5131.88,TIME,6,2025-12
2025-12-07 14:30,2025-12-07 16:45,LONG,NY_open,RoundNum,88252.0,89785.42,0.695,True,188.58,5320.47,TP2,9,2025-12
2025-12-07 16:45,2025-12-07 18:15,LONG,NY_prime,RoundNum,89889.95,91508.22,0.7201,True,195.81,5516.28,TP2,6,2025-12
2025-12-08 09:00,2025-12-08 10:30,LONG,London,RoundNum,92078.78,92204.0,0.3747,False,22.34,5538.62,TIME,6,2025-12
2025-12-08 14:30,2025-12-08 15:00,LONG,NY_open,VWAP,91500.02,90662.02,0.9158,False,-117.42,5421.19,SL,2,2025-12
2025-12-08 15:00,2025-12-08 16:30,SHORT,NY_open,RoundNum,90230.91,90290.29,0.9938,False,-13.18,5408.01,TIME,6,2025-12
2025-12-08 16:45,2025-12-08 18:15,SHORT,NY_prime,RoundNum,89982.34,90157.95,0.5396,False,-50.15,5357.86,TIME,6,2025-12
2025-12-09 09:30,2025-12-09 11:00,SHORT,London,VWAP,90185.0,90257.93,0.2648,False,-36.4,5321.47,TIME,6,2025-12
2025-12-09 14:30,2025-12-09 15:15,SHORT,NY_open,RoundNum,90089.8,90666.6,0.6403,False,-115.57,5205.89,SL,3,2025-12
2025-12-09 16:30,2025-12-09 18:00,LONG,NY_prime,RoundNum,94241.98,93989.54,1.1117,False,-30.24,5175.66,TIME,6,2025-12
2025-12-10 09:15,2025-12-10 09:45,SHORT,London,VWAP,92503.42,92674.28,0.1847,False,-62.03,5113.63,SL,2,2025-12
2025-12-10 09:45,2025-12-10 10:15,LONG,London,RoundNum,92930.28,92551.96,0.4071,False,-116.09,4997.54,SL,2,2025-12
2025-12-10 14:30,2025-12-10 16:00,SHORT,NY_open,RoundNum,91926.42,92179.92,0.2758,False,-82.65,4914.89,SL,6,2025-12
2025-12-10 16:45,2025-12-10 18:15,SHORT,NY_prime,RoundNum,92178.49,92246.36,0.3616,False,-31.61,4883.28,TIME,6,2025-12
2025-12-11 09:15,2025-12-11 10:30,LONG,London,SwingH,90468.43,90228.34,0.2654,False,-78.23,4805.05,SL,5,2025-12
2025-12-11 14:30,2025-12-11 14:45,LONG,NY_open,VWAP,90285.92,89717.89,0.6291,False,-104.5,4700.55,SL,1,2025-12
2025-12-11 14:45,2025-12-11 16:15,SHORT,NY_open,SwingL,89542.95,89566.0,1.0061,False,-7.54,4693.0,TIME,6,2025-12
2025-12-11 16:45,2025-12-11 18:15,SHORT,NY_prime,RoundNum,89756.0,90356.33,0.6688,False,-101.58,4591.42,SL,6,2025-12
2025-12-12 09:00,2025-12-12 09:15,LONG,London,VWAP,92360.55,92198.84,0.1751,False,-52.82,4538.6,SL,1,2025-12
2025-12-12 09:15,2025-12-12 09:45,SHORT,London,SwingL,92117.44,92457.62,0.3693,False,-96.29,4442.32,SL,2,2025-12
2025-12-12 09:45,2025-12-12 11:15,LONG,London,VWAP,92538.19,92376.01,0.4667,False,-43.84,4398.48,TIME,6,2025-12
2025-12-12 14:30,2025-12-12 15:15,LONG,NY_open,VWAP,92472.0,91844.44,0.6787,False,-95.1,4303.38,SL,3,2025-12
2025-12-12 15:15,2025-12-12 16:45,SHORT,NY_open,RoundNum,90846.47,90069.26,1.3922,False,49.49,4352.87,TIME,6,2025-12
2025-12-12 16:45,2025-12-12 18:15,LONG,NY_prime,RoundNum,90069.26,90580.05,0.6967,False,63.99,4416.87,TIME,6,2025-12
2025-12-13 14:30,2025-12-13 16:00,LONG,NY_open,VWAP,90187.99,90203.99,0.3661,False,-8.23,4408.64,TIME,6,2025-12
2025-12-14 09:30,2025-12-14 11:15,SHORT,London,RoundNum,90019.14,89645.08,0.1662,True,57.68,4466.31,TP2,7,2025-12
2025-12-14 14:30,2025-12-14 16:00,SHORT,NY_open,RoundNum,88992.0,89042.14,0.4588,False,-21.68,4444.64,TIME,6,2025-12
2025-12-14 16:30,2025-12-14 18:00,SHORT,NY_prime,SwingL,88835.99,88945.08,0.6758,False,-23.39,4421.25,TIME,6,2025-12
2025-12-15 09:45,2025-12-15 11:15,SHORT,London,SwingH,89870.01,89806.54,0.1914,False,3.45,4424.7,TIME,6,2025-12
2025-12-15 14:30,2025-12-15 15:00,SHORT,NY_open,SwingL,89259.99,87533.14,0.7739,True,163.32,4588.03,TP2,2,2025-12
2025-12-15 15:00,2025-12-15 16:30,SHORT,NY_open,PrevLow,87452.0,86301.8,0.9902,False,116.79,4704.82,TIME,6,2025-12
2025-12-15 16:30,2025-12-15 18:00,SHORT,NY_prime,SwingL,86301.8,85875.91,0.9544,False,43.23,4748.05,TIME,6,2025-12
2025-12-16 15:15,2025-12-16 17:45,LONG,NY_open,RoundNum,87152.02,87152.02,0.5259,True,75.47,4823.51,SL,10,2025-12
2025-12-17 14:30,2025-12-17 14:45,SHORT,NY_open,SwingH,87482.0,88013.31,0.6073,False,-105.21,4718.31,SL,1,2025-12
2025-12-17 15:00,2025-12-17 15:30,LONG,NY_open,RoundNum,90155.99,89219.43,1.0388,False,-99.36,4618.95,SL,2,2025-12
2025-12-17 16:30,2025-12-17 18:00,LONG,NY_prime,SwingL,86580.01,86526.02,0.8346,False,-12.99,4605.96,TIME,6,2025-12
2025-12-18 09:30,2025-12-18 11:00,LONG,London,SwingH,87340.0,87087.26,0.4805,False,-66.02,4539.94,TIME,6,2025-12
2025-12-18 14:45,2025-12-18 16:15,LONG,NY_open,RoundNum,88298.35,88037.56,0.874,False,-36.4,4503.54,TIME,6,2025-12
2025-12-18 16:45,2025-12-18 17:15,SHORT,NY_prime,RoundNum,87946.09,86607.25,0.6089,True,164.47,4668.01,TP2,2,2025-12
2025-12-19 09:00,2025-12-19 10:30,SHORT,London,RoundNum,87890.47,88019.72,0.3223,False,-47.16,4620.85,TIME,6,2025-12
2025-12-19 14:30,2025-12-19 16:00,LONG,NY_open,SwingH,88455.32,88324.87,1.2348,False,-15.15,4605.69,TIME,6,2025-12
2025-12-20 09:00,2025-12-20 10:15,LONG,London,VWAP,88263.64,88146.01,0.1333,False,-43.36,4562.34,SL,5,2025-12
2025-12-20 14:45,2025-12-20 15:15,LONG,NY_open,VWAP,88208.0,88096.65,0.1262,False,-41.34,4521.0,SL,2,2025-12
2025-12-21 09:00,2025-12-21 10:30,LONG,London,SwingH,88664.01,88689.32,0.2676,False,-5.98,4515.02,TIME,6,2025-12
2025-12-21 14:30,2025-12-21 16:00,LONG,NY_open,RoundNum,88010.0,88025.57,0.3551,False,-8.42,4506.59,TIME,6,2025-12
2025-12-21 16:45,2025-12-21 18:00,LONG,NY_prime,VWAP,88323.22,88060.37,0.2976,False,-79.45,4427.14,SL,5,2025-12
2025-12-22 14:45,2025-12-22 15:30,LONG,NY_open,RoundNum,90100.09,89559.05,0.6005,False,-96.65,4330.49,SL,3,2025-12
2025-12-22 16:30,2025-12-22 18:00,SHORT,NY_prime,VWAP,89562.81,89340.02,0.6937,False,24.19,4354.68,TIME,6,2025-12
2025-12-23 14:45,2025-12-23 16:00,SHORT,NY_open,RoundNum,86814.02,87466.88,0.752,False,-93.46,4261.22,SL,5,2025-12
2025-12-23 16:30,2025-12-23 17:45,LONG,NY_prime,VWAP,87785.97,87498.77,0.3272,False,-81.42,4179.8,SL,5,2025-12
2025-12-24 09:30,2025-12-24 11:00,LONG,London,SwingL,86738.87,87074.86,0.1549,True,50.18,4229.97,TP2,6,2025-12
2025-12-24 14:30,2025-12-24 16:00,LONG,NY_open,RoundNum,86938.7,87050.0,0.7516,False,8.22,4238.19,TIME,6,2025-12
2025-12-24 16:30,2025-12-24 18:00,LONG,NY_prime,SwingH,87455.88,87286.74,0.7513,False,-28.02,4210.17,TIME,6,2025-12
2025-12-25 14:45,2025-12-25 15:30,LONG,NY_open,SwingH,87672.06,88014.12,0.1561,True,50.99,4261.16,TP2,3,2025-12
2025-12-26 14:45,2025-12-26 16:15,SHORT,NY_open,RoundNum,87307.98,87189.99,1.3009,False,5.25,4266.41,TIME,6,2025-12
2025-12-26 16:45,2025-12-26 18:15,SHORT,NY_prime,PrevLow,86779.0,87128.02,0.6646,False,-58.7,4207.72,TIME,6,2025-12
2025-12-27 14:30,2025-12-27 16:00,LONG,NY_open,VWAP,87459.83,87440.67,0.1398,False,-16.18,4191.54,TIME,6,2025-12
2025-12-28 09:45,2025-12-28 12:30,LONG,London,VWAP,87739.47,87739.47,0.085,True,4.49,4196.03,SL,11,2025-12
2025-12-28 14:30,2025-12-28 17:45,SHORT,NY_open,PrevHigh,87926.35,87677.76,0.1131,True,33.61,4229.63,TP2,13,2025-12
2025-12-29 09:15,2025-12-29 09:45,SHORT,London,VWAP,89200.0,88580.87,0.2776,True,100.51,4330.15,TP2,2,2025-12
2025-12-29 09:45,2025-12-29 11:15,LONG,London,PrevHigh,88003.99,87621.81,0.4866,False,-87.08,4243.07,TIME,6,2025-12
2025-12-29 14:30,2025-12-29 16:00,LONG,NY_open,PrevHigh,87997.23,87684.0,0.9029,False,-38.62,4204.45,TIME,6,2025-12
2025-12-30 14:45,2025-12-30 16:15,LONG,NY_open,RoundNum,88767.99,89136.03,1.0424,False,29.01,4233.46,TIME,6,2025-12
2025-12-30 16:30,2025-12-30 18:00,SHORT,NY_prime,RoundNum,88638.02,88232.24,0.774,False,44.07,4277.52,TIME,6,2025-12
2025-12-31 09:00,2025-12-31 11:15,LONG,London,VWAP,88448.03,88830.11,0.1728,True,58.65,4336.18,TP2,9,2025-12
2025-12-31 15:15,2026-01-01 11:45,SHORT,NY_open,SwingL,87867.06,87867.06,0.3391,True,54.18,4390.35,SL,82,2025-12
2026-01-01 15:15,2026-01-01 16:45,SHORT,NY_open,SwingH,87905.26,87878.48,0.1062,False,-5.39,4384.97,TIME,6,2026-01
2026-01-02 09:00,2026-01-02 10:30,LONG,London,SwingH,89130.0,89554.85,0.1907,True,67.62,4452.59,TP2,6,2026-01
2026-01-02 14:30,2026-01-02 16:00,LONG,NY_open,RoundNum,89328.01,89722.01,1.1553,False,29.76,4482.35,TIME,6,2026-01
2026-01-02 16:45,2026-01-02 18:15,LONG,NY_prime,RoundNum,90329.0,90264.0,0.7395,False,-15.39,4466.96,TIME,6,2026-01
2026-01-03 14:45,2026-01-03 15:45,LONG,NY_open,RoundNum,90079.99,89942.88,0.1522,False,-46.28,4420.68,SL,4,2026-01
2026-01-04 14:45,2026-01-04 16:15,LONG,NY_open,VWAP,91299.33,91304.0,0.2573,False,-11.03,4409.65,TIME,6,2026-01
2026-01-04 16:30,2026-01-04 18:00,SHORT,NY_prime,VWAP,91255.53,91209.38,0.2117,False,-0.98,4408.67,TIME,6,2026-01
2026-01-05 09:15,2026-01-05 13:30,LONG,London,VWAP,92590.55,92590.55,0.2965,True,46.64,4455.32,SL,17,2026-01
2026-01-05 14:30,2026-01-05 16:00,LONG,NY_open,SwingH,93238.01,93916.42,1.0473,False,57.22,4512.54,TIME,6,2026-01
2026-01-06 15:15,2026-01-06 15:30,LONG,NY_open,RoundNum,94126.78,93653.55,0.5028,False,-100.12,4412.42,SL,1,2026-01
2026-01-06 16:30,2026-01-06 20:30,SHORT,NY_prime,SwingL,92510.32,92510.32,0.6401,True,71.79,4484.21,SL,16,2026-01
2026-01-07 09:00,2026-01-07 10:30,SHORT,London,RoundNum,92208.1,91801.32,0.5356,False,64.66,4548.87,TIME,6,2026-01
2026-01-07 14:30,2026-01-07 15:15,LONG,NY_open,RoundNum,91761.85,91197.86,0.6146,False,-99.12,4449.75,SL,3,2026-01
2026-01-07 15:15,2026-01-07 16:45,SHORT,NY_open,PrevLow,91180.92,91176.81,0.5957,False,-7.54,4442.21,TIME,6,2026-01
2026-01-07 16:45,2026-01-07 18:15,SHORT,NY_prime,PrevLow,91176.81,91185.9,0.4646,False,-12.42,4429.78,TIME,6,2026-01
2026-01-08 09:15,2026-01-08 10:45,SHORT,London,RoundNum,89911.62,90291.98,0.4617,False,-91.73,4338.05,TIME,6,2026-01
2026-01-08 14:30,2026-01-08 14:45,SHORT,NY_open,SwingL,89310.01,89900.34,0.661,False,-93.98,4244.07,SL,1,2026-01
2026-01-08 14:45,2026-01-08 16:15,LONG,NY_open,RoundNum,89906.34,90565.99,0.8892,False,64.79,4308.85,TIME,6,2026-01
2026-01-08 16:30,2026-01-08 18:00,LONG,NY_prime,PrevLow,90625.88,91100.01,0.6166,False,65.43,4374.28,TIME,6,2026-01
2026-01-09 09:00,2026-01-09 14:30,LONG,London,RoundNum,90043.99,90043.99,0.2493,True,36.99,4411.28,SL,22,2026-01
2026-01-09 14:45,2026-01-09 15:30,LONG,NY_open,RoundNum,90051.95,90795.04,0.3301,True,127.09,4538.37,TP2,3,2026-01
2026-01-10 09:45,2026-01-10 11:15,LONG,London,SwingH,90642.0,90658.14,0.1194,False,-8.44,4529.93,TIME,6,2026-01
2026-01-10 16:30,2026-01-10 17:45,LONG,NY_prime,VWAP,90579.36,90463.52,0.1279,False,-41.42,4488.5,SL,5,2026-01
2026-01-11 09:30,2026-01-11 11:00,LONG,London,VWAP,90620.56,90569.02,0.1089,False,-25.11,4463.4,TIME,6,2026-01
2026-01-11 14:30,2026-01-11 15:00,LONG,NY_open,SwingH,90920.55,90810.92,0.1206,False,-39.18,4424.21,SL,2,2026-01
2026-01-11 15:00,2026-01-11 16:30,SHORT,NY_open,PrevHigh,90790.35,90992.59,0.3069,False,-61.44,4362.77,TIME,6,2026-01
2026-01-11 16:30,2026-01-11 18:00,SHORT,NY_prime,RoundNum,90992.59,90757.98,0.2514,False,44.25,4407.02,TIME,6,2026-01
2026-01-12 14:30,2026-01-12 16:00,LONG,NY_open,SwingH,90693.95,91722.27,0.7764,False,122.47,4529.49,TIME,6,2026-01
2026-01-12 16:30,2026-01-12 17:15,LONG,NY_prime,SwingH,92098.05,91785.31,0.3396,False,-89.36,4440.13,SL,3,2026-01
2026-01-13 09:00,2026-01-13 10:30,LONG,London,PrevHigh,92340.05,92006.93,0.3608,False,-92.3,4347.83,SL,6,2026-01
2026-01-13 14:30,2026-01-13 19:15,LONG,NY_open,SwingH,92617.62,93807.43,0.5139,True,157.3,4505.13,TP2,19,2026-01
2026-01-14 09:00,2026-01-14 10:30,LONG,London,RoundNum,95058.0,95080.66,0.286,False,-7.02,4498.11,TIME,6,2026-01
2026-01-14 14:30,2026-01-14 16:00,LONG,NY_open,SwingH,95835.99,97317.93,0.6185,True,164.4,4662.51,TP2,6,2026-01
2026-01-14 16:30,2026-01-14 18:00,LONG,NY_prime,SwingH,97538.09,96865.95,0.6891,False,-100.69,4561.81,SL,6,2026-01
2026-01-15 09:30,2026-01-15 11:00,LONG,London,RoundNum,97053.9,96722.5,0.4574,False,-79.08,4482.73,TIME,6,2026-01
2026-01-15 14:30,2026-01-15 16:00,SHORT,NY_open,RoundNum,95782.59,96335.99,1.2565,False,-45.15,4437.58,TIME,6,2026-01
2026-01-15 16:30,2026-01-15 18:00,LONG,NY_prime,VWAP,96748.01,96209.94,0.607,False,-89.35,4348.23,TIME,6,2026-01
2026-01-16 14:30,2026-01-16 16:00,SHORT,NY_open,SwingL,95184.95,94745.7,0.7079,False,49.93,4398.16,TIME,6,2026-01
2026-01-17 14:30,2026-01-17 15:30,SHORT,NY_open,SwingH,95408.88,95537.71,0.135,False,-41.79,4356.37,SL,4,2026-01
2026-01-18 14:45,2026-01-18 16:15,SHORT,NY_open,SwingL,94916.02,95058.53,0.2251,False,-44.68,4311.69,TIME,6,2026-01
2026-01-18 16:30,2026-01-18 18:00,LONG,NY_prime,VWAP,95135.8,95190.06,0.1727,False,0.44,4312.13,TIME,6,2026-01
2026-01-19 09:00,2026-01-19 10:30,SHORT,London,RoundNum,92998.02,92952.71,0.3037,False,-1.35,4310.77,TIME,6,2026-01
2026-01-19 14:30,2026-01-19 15:45,SHORT,NY_open,VWAP,92740.0,92979.9,0.2587,False,-67.61,4243.16,SL,5,2026-01
2026-01-20 14:30,2026-01-20 14:45,LONG,NY_open,RoundNum,90981.99,90502.6,0.5269,False,-93.72,4149.44,SL,1,2026-01
2026-01-20 14:45,2026-01-20 16:15,SHORT,NY_open,SwingL,90435.99,90515.99,0.7099,False,-16.77,4132.67,TIME,6,2026-01
2026-01-20 16:45,2026-01-20 17:30,LONG,NY_prime,RoundNum,90061.11,89771.44,0.3216,False,-77.83,4054.84,SL,3,2026-01
2026-01-21 09:15,2026-01-21 09:45,LONG,London,VWAP,89301.64,89112.88,0.2114,False,-54.01,4000.84,SL,2,2026-01
2026-01-21 09:45,2026-01-21 11:15,SHORT,London,RoundNum,89001.07,89228.56,0.4542,False,-54.72,3946.12,TIME,6,2026-01
2026-01-21 14:30,2026-01-21 15:00,SHORT,NY_open,SwingH,89573.38,90041.58,0.5227,False,-87.23,3858.89,SL,2,2026-01
2026-01-21 15:00,2026-01-21 16:15,LONG,NY_open,RoundNum,90254.0,89511.55,0.8226,False,-82.34,3776.56,SL,5,2026-01
2026-01-22 09:00,2026-01-22 10:30,LONG,London,RoundNum,89951.03,89958.05,0.2249,False,-8.91,3767.65,TIME,6,2026-01
2026-01-22 14:30,2026-01-22 15:15,LONG,NY_open,SwingL,89395.01,88965.13,0.4809,False,-83.97,3683.67,SL,3,2026-01
2026-01-22 15:15,2026-01-22 16:45,SHORT,NY_open,SwingL,88562.76,88956.0,0.9173,False,-40.08,3643.6,TIME,6,2026-01
2026-01-22 16:45,2026-01-22 17:45,SHORT,NY_prime,RoundNum,88956.0,89335.78,0.4269,False,-82.26,3561.34,SL,4,2026-01
2026-01-23 09:15,2026-01-23 10:45,LONG,London,SwingL,89039.99,88930.31,0.2223,False,-31.73,3529.61,TIME,6,2026-01
2026-01-23 14:30,2026-01-23 16:00,SHORT,NY_open,SwingL,88838.0,89639.97,0.9547,False,-70.82,3458.79,TIME,6,2026-01
2026-01-23 16:30,2026-01-23 18:00,LONG,NY_prime,PrevHigh,90170.11,90658.15,1.0641,False,31.61,3490.4,TIME,6,2026-01
2026-01-26 14:30,2026-01-26 16:00,LONG,NY_open,RoundNum,88053.99,87315.82,0.8976,False,-69.48,3420.92,TIME,6,2026-01
2026-01-26 16:30,2026-01-26 18:00,SHORT,NY_prime,VWAP,87376.87,87760.17,0.5512,False,-61.28,3359.64,TIME,6,2026-01
2026-01-27 09:00,2026-01-27 10:30,SHORT,London,RoundNum,87881.23,87702.85,0.2336,False,24.86,3384.5,TIME,6,2026-01
2026-01-27 14:30,2026-01-27 16:00,SHORT,NY_open,SwingL,87549.42,88280.74,0.8353,False,-72.15,3312.36,SL,6,2026-01
2026-01-27 16:30,2026-01-27 17:00,LONG,NY_prime,SwingH,88636.0,88149.8,0.5485,False,-72.89,3239.47,SL,2,2026-01
2026-01-28 09:30,2026-01-28 11:00,LONG,London,SwingH,89184.39,89216.68,0.4264,False,-2.86,3236.61,TIME,6,2026-01
2026-01-28 14:30,2026-01-28 16:00,SHORT,NY_open,PrevHigh,89578.75,89144.1,0.6072,False,45.86,3282.47,TIME,6,2026-01
2026-01-28 16:30,2026-01-28 17:45,SHORT,NY_prime,PrevHigh,89427.39,89827.85,0.4478,False,-73.71,3208.76,SL,5,2026-01
2026-01-29 09:00,2026-01-29 10:30,SHORT,London,SwingL,87854.75,87768.92,0.2474,False,6.85,3215.61,TIME,6,2026-01
2026-01-29 14:30,2026-01-29 15:00,SHORT,NY_open,SwingL,87509.55,86634.36,0.4,True,114.34,3329.95,TP2,2,2026-01
2026-01-29 16:30,2026-01-29 18:00,LONG,NY_prime,SwingL,84490.0,84375.02,0.6247,False,-20.37,3309.58,TIME,6,2026-01
2026-01-30 14:30,2026-01-30 15:15,LONG,NY_open,PrevLow,83527.48,82510.26,1.2178,False,-69.18,3240.4,SL,3,2026-01
2026-01-30 15:15,2026-01-30 16:45,SHORT,NY_open,VWAP,82486.0,83019.89,1.3417,False,-33.92,3206.48,TIME,6,2026-01
2026-01-30 16:45,2026-01-30 18:45,SHORT,NY_prime,RoundNum,83019.89,83019.89,0.5169,True,50.85,3257.33,SL,8,2026-01
2026-01-31 09:00,2026-01-31 10:30,SHORT,London,RoundNum,82995.07,83028.43,0.2521,False,-15.5,3241.82,TIME,6,2026-01
2026-01-31 14:30,2026-01-31 16:00,SHORT,NY_open,RoundNum,80868.76,80869.54,0.9111,False,-3.98,3237.84,TIME,6,2026-01
2026-01-31 16:30,2026-01-31 17:15,SHORT,NY_prime,RoundNum,80857.88,79686.59,0.5794,True,117.94,3355.78,TP2,3,2026-01
2026-02-01 09:00,2026-02-01 10:30,LONG,London,VWAP,78682.46,78379.51,0.385,False,-73.83,3281.95,SL,6,2026-02
2026-02-01 14:45,2026-02-01 15:00,LONG,NY_open,RoundNum,78134.37,77600.87,0.6828,False,-70.93,3211.02,SL,1,2026-02
2026-02-01 15:00,2026-02-01 16:30,SHORT,NY_open,SwingL,77545.98,77177.09,0.9845,False,27.44,3238.47,TIME,6,2026-02
2026-02-02 09:45,2026-02-02 11:15,LONG,London,SwingH,77628.56,77739.28,0.5698,False,9.96,3248.43,TIME,6,2026-02
2026-02-02 14:30,2026-02-02 14:45,LONG,NY_open,SwingH,78446.37,77787.46,0.8399,False,-69.22,3179.21,SL,1,2026-02
2026-02-02 16:30,2026-02-02 16:45,LONG,NY_prime,RoundNum,79028.04,78582.52,0.5638,False,-69.79,3109.42,SL,1,2026-02
2026-02-02 16:45,2026-02-02 18:15,SHORT,NY_prime,RoundNum,78578.5,78362.01,0.8423,False,16.28,3125.7,TIME,6,2026-02
2026-02-03 09:00,2026-02-03 10:30,SHORT,London,RoundNum,78118.0,78084.73,0.9727,False,-0.8,3124.9,TIME,6,2026-02
2026-02-03 14:30,2026-02-03 16:00,SHORT,NY_open,SwingL,77809.0,77293.45,0.8251,False,46.02,3170.92,TIME,6,2026-02
2026-02-03 16:30,2026-02-03 17:00,LONG,NY_prime,SwingL,76682.0,76320.03,0.472,False,-70.81,3100.12,SL,2,2026-02
2026-02-04 09:00,2026-02-04 10:30,SHORT,London,VWAP,76195.02,76152.76,0.5114,False,0.06,3100.17,TIME,6,2026-02
2026-02-04 16:45,2026-02-04 17:15,LONG,NY_prime,RoundNum,73498.02,72655.68,1.1461,False,-64.98,3035.19,SL,2,2026-02
2026-02-05 09:15,2026-02-05 11:00,SHORT,London,PrevLow,71610.47,70662.87,0.5293,True,110.0,3145.2,TP2,7,2026-02
2026-02-05 16:30,2026-02-05 19:45,SHORT,NY_prime,RoundNum,67711.0,65455.38,1.3325,True,118.0,3263.2,TP2,13,2026-02
2026-02-06 09:45,2026-02-06 11:15,SHORT,London,RoundNum,65713.88,65978.06,0.8005,False,-37.26,3225.94,TIME,6,2026-02
2026-02-06 14:45,2026-02-06 16:00,SHORT,NY_open,SwingH,68182.15,68817.92,0.9325,False,-68.32,3157.62,SL,5,2026-02
2026-02-07 09:45,2026-02-07 11:15,LONG,London,RoundNum,68101.36,67890.0,0.6542,False,-35.27,3122.35,TIME,6,2026-02
2026-02-07 15:15,2026-02-07 16:45,SHORT,NY_open,VWAP,69199.18,68908.67,0.875,False,26.04,3148.39,TIME,6,2026-02
2026-02-07 16:45,2026-02-07 18:15,SHORT,NY_prime,RoundNum,68908.67,69302.88,0.8116,False,-48.65,3099.74,TIME,6,2026-02
2026-02-08 16:30,2026-02-08 18:00,SHORT,NY_prime,SwingL,70743.28,70848.58,0.6511,False,-19.41,3080.33,TIME,6,2026-02
2026-02-09 09:00,2026-02-09 10:30,SHORT,London,RoundNum,69807.34,68857.58,0.5442,True,111.82,3192.15,TP2,6,2026-02
2026-02-09 14:45,2026-02-09 16:15,LONG,NY_open,RoundNum,69232.41,69563.14,0.6691,False,40.33,3232.48,TIME,6,2026-02
2026-02-10 09:45,2026-02-10 11:15,LONG,London,RoundNum,69088.15,68870.01,0.4018,False,-59.65,3172.83,TIME,6,2026-02
2026-02-10 14:45,2026-02-11 03:15,LONG,NY_open,PrevLow,68402.0,68402.0,0.9886,True,53.56,3226.38,SL,50,2026-02
2026-02-11 09:00,2026-02-11 10:30,SHORT,London,RoundNum,66894.49,66695.41,0.4147,False,37.75,3264.14,TIME,6,2026-02
2026-02-11 16:45,2026-02-11 17:15,SHORT,NY_prime,RoundNum,65986.57,66514.12,0.7995,False,-69.77,3194.36,SL,2,2026-02
2026-02-12 09:00,2026-02-12 10:45,LONG,London,RoundNum,67129.62,67645.32,0.3073,True,85.02,3279.38,TP2,7,2026-02
2026-02-12 14:30,2026-02-12 16:00,SHORT,NY_open,VWAP,67586.46,66500.0,1.1439,False,89.01,3368.4,TIME,6,2026-02
2026-02-13 09:00,2026-02-13 09:45,SHORT,London,SwingH,66637.18,66882.3,0.3678,False,-71.22,3297.18,SL,3,2026-02
2026-02-13 14:30,2026-02-13 15:15,LONG,NY_open,RoundNum,67284.92,68687.79,0.834,True,122.05,3419.23,TP2,3,2026-02
2026-02-13 15:15,2026-02-13 16:45,LONG,NY_open,RoundNum,68874.13,68913.98,1.346,False,0.15,3419.38,TIME,6,2026-02
2026-02-13 16:45,2026-02-13 18:15,SHORT,NY_prime,RoundNum,68913.98,69034.5,0.6693,False,-23.49,3395.89,TIME,6,2026-02
2026-02-14 09:00,2026-02-14 10:30,SHORT,London,SwingH,69676.04,69566.02,0.3477,False,17.47,3413.36,TIME,6,2026-02
2026-02-14 16:30,2026-02-14 18:00,LONG,NY_prime,PrevHigh,69622.6,69730.02,0.6414,False,10.57,3423.93,TIME,6,2026-02
2026-02-15 09:00,2026-02-15 10:00,LONG,London,PrevHigh,70549.75,70271.99,0.3937,False,-76.82,3347.11,SL,4,2026-02
2026-02-15 14:30,2026-02-15 16:00,LONG,NY_open,RoundNum,69144.0,68954.0,0.461,False,-47.89,3299.22,TIME,6,2026-02
2026-02-15 16:45,2026-02-15 18:00,SHORT,NY_prime,RoundNum,68984.42,68641.6,0.1988,True,53.44,3352.66,TP2,5,2026-02
2026-02-16 09:15,2026-02-16 10:45,LONG,London,SwingH,68929.32,68761.26,0.3058,False,-50.09,3302.57,TIME,6,2026-02
2026-02-16 14:45,2026-02-16 20:45,SHORT,NY_open,SwingL,68382.15,68382.15,0.6644,True,53.94,3356.51,SL,24,2026-02
2026-02-17 09:15,2026-02-17 10:45,SHORT,London,RoundNum,67990.42,67799.89,0.2702,False,37.8,3394.31,TIME,6,2026-02
2026-02-17 14:45,2026-02-17 15:45,SHORT,NY_open,SwingL,66826.77,67177.94,0.5255,False,-74.99,3319.32,SL,4,2026-02
2026-02-17 16:30,2026-02-17 18:00,SHORT,NY_prime,RoundNum,67662.03,67307.27,0.8879,False,35.09,3354.41,TIME,6,2026-02
2026-02-18 09:00,2026-02-18 10:30,LONG,London,RoundNum,68155.29,67913.45,0.3548,False,-68.74,3285.67,SL,6,2026-02
2026-02-18 14:45,2026-02-18 16:00,LONG,NY_open,RoundNum,67183.19,67183.19,0.8846,True,55.03,3340.69,SL,5,2026-02
2026-02-19 09:15,2026-02-19 09:45,LONG,London,RoundNum,67095.08,66905.57,0.2825,False,-56.37,3284.33,SL,2,2026-02
2026-02-19 09:45,2026-02-19 11:15,SHORT,London,VWAP,66805.76,66806.96,0.4277,False,-8.72,3275.61,TIME,6,2026-02
2026-02-19 14:30,2026-02-19 16:00,LONG,NY_open,RoundNum,66241.27,66127.0,1.0837,False,-13.75,3261.85,TIME,6,2026-02
2026-02-20 09:00,2026-02-20 10:30,LONG,London,RoundNum,68102.92,68134.16,0.4431,False,-1.34,3260.51,TIME,6,2026-02
2026-02-20 14:45,2026-02-20 17:00,LONG,NY_open,RoundNum,67066.99,67066.99,0.4819,True,51.2,3311.71,SL,9,2026-02
2026-02-21 09:00,2026-02-21 09:15,SHORT,London,RoundNum,67973.78,68079.44,0.1554,False,-34.85,3276.86,SL,1,2026-02
2026-02-21 09:15,2026-02-21 10:45,LONG,London,PrevHigh,68214.39,68199.99,0.3938,False,-12.47,3264.39,TIME,6,2026-02
2026-02-21 16:30,2026-02-21 18:00,LONG,NY_prime,PrevHigh,68343.5,68392.57,0.416,False,2.64,3267.03,TIME,6,2026-02
2026-02-22 09:00,2026-02-22 10:30,LONG,London,RoundNum,68022.0,68078.04,0.1527,False,4.47,3271.5,TIME,6,2026-02
2026-02-22 14:30,2026-02-22 15:30,SHORT,NY_open,SwingL,67430.22,67719.43,0.4289,False,-73.82,3197.68,SL,4,2026-02
2026-02-22 16:30,2026-02-22 17:30,LONG,NY_prime,PrevLow,67552.96,67430.58,0.1812,False,-37.76,3159.92,SL,4,2026-02
2026-02-23 09:30,2026-02-23 11:00,LONG,London,RoundNum,66265.39,66372.64,0.7947,False,8.5,3168.42,TIME,6,2026-02
2026-02-23 14:30,2026-02-23 16:00,SHORT,NY_open,SwingL,65817.01,65210.49,0.7419,False,74.01,3242.43,TIME,6,2026-02
2026-02-24 09:30,2026-02-24 11:00,LONG,London,RoundNum,63132.01,63185.78,0.4494,False,4.35,3246.79,TIME,6,2026-02
2026-02-24 14:30,2026-02-24 16:00,LONG,NY_open,SwingH,63342.28,64163.81,1.0142,False,79.52,3326.31,TIME,6,2026-02
2026-02-24 16:30,2026-02-24 18:00,LONG,NY_prime,RoundNum,64055.39,63984.55,0.7321,False,-15.05,3311.26,TIME,6,2026-02
2026-02-25 09:00,2026-02-25 10:30,SHORT,London,SwingH,65547.3,65428.26,0.3251,False,20.96,3332.22,TIME,6,2026-02
2026-02-25 14:30,2026-02-25 14:45,SHORT,NY_open,RoundNum,66248.34,66877.97,0.9504,False,-70.5,3261.72,SL,1,2026-02
2026-02-25 15:00,2026-02-25 15:30,SHORT,NY_open,RoundNum,66856.95,67368.31,0.7649,False,-69.93,3191.79,SL,2,2026-02
2026-02-25 16:45,2026-02-25 23:15,LONG,NY_prime,SwingH,68332.01,68332.01,0.7224,True,52.56,3244.35,SL,26,2026-02
2026-02-26 09:00,2026-02-26 10:30,LONG,London,VWAP,68335.6,68444.58,0.6842,False,9.91,3254.26,TIME,6,2026-02
2026-02-26 14:30,2026-02-26 16:00,SHORT,NY_open,SwingL,67791.99,67166.04,0.8283,False,68.23,3322.49,TIME,6,2026-02
2026-02-26 16:45,2026-02-26 18:15,SHORT,NY_prime,SwingL,66641.04,66859.14,0.8554,False,-29.7,3292.79,TIME,6,2026-02
2026-02-27 09:30,2026-02-27 11:30,SHORT,London,VWAP,67613.38,66337.82,0.7546,True,121.42,3414.21,TP2,8,2026-02
2026-02-27 15:15,2026-02-27 16:30,LONG,NY_open,RoundNum,66118.0,65805.07,0.4733,False,-76.22,3337.99,SL,5,2026-02
2026-02-27 16:30,2026-02-27 18:00,SHORT,NY_prime,SwingL,65727.43,65544.39,0.6655,False,22.42,3360.41,TIME,6,2026-02
2026-02-28 14:45,2026-02-28 16:15,SHORT,NY_open,VWAP,64435.02,64942.9,1.0964,False,-51.69,3308.73,TIME,6,2026-02
2026-02-28 16:30,2026-02-28 18:00,LONG,NY_prime,RoundNum,65174.77,65282.02,0.6297,False,11.51,3320.24,TIME,6,2026-02
2026-03-01 09:00,2026-03-01 10:30,LONG,London,SwingL,66595.13,66407.21,0.4701,False,-47.63,3272.61,TIME,6,2026-03
2026-03-01 14:30,2026-03-01 15:30,SHORT,NY_open,VWAP,66845.08,67143.86,0.447,False,-73.51,3199.11,SL,4,2026-03
2026-03-01 16:30,2026-03-01 17:45,SHORT,NY_prime,VWAP,66832.63,65990.05,0.5043,True,115.61,3314.71,TP2,5,2026-03
2026-03-02 09:30,2026-03-02 11:00,SHORT,London,VWAP,66393.09,66094.79,0.3894,False,65.35,3380.06,TIME,6,2026-03
2026-03-02 14:45,2026-03-02 15:30,LONG,NY_open,RoundNum,67180.89,69223.38,1.2161,True,126.54,3506.61,TP2,3,2026-03
2026-03-02 16:45,2026-03-02 18:15,SHORT,NY_prime,SwingH,69483.28,69122.81,1.2417,False,26.19,3532.8,TIME,6,2026-03
2026-03-03 09:00,2026-03-03 09:15,LONG,London,RoundNum,67089.86,66785.6,0.4535,False,-79.22,3453.58,SL,1,2026-03
2026-03-03 09:15,2026-03-03 10:45,SHORT,London,SwingL,66612.0,66846.0,0.9163,False,-30.63,3422.95,TIME,6,2026-03
2026-03-03 14:45,2026-03-03 16:00,LONG,NY_open,SwingL,66550.32,67916.54,0.8212,True,126.63,3549.58,TP2,5,2026-03
2026-03-03 16:45,2026-03-03 18:15,LONG,NY_prime,RoundNum,68177.31,68474.04,0.9605,False,28.1,3577.69,TIME,6,2026-03
2026-03-04 09:00,2026-03-04 10:30,LONG,London,SwingH,71087.55,71319.93,0.7117,False,27.34,3605.02,TIME,6,2026-03
2026-03-04 16:30,2026-03-04 18:00,LONG,NY_prime,RoundNum,73200.01,73086.1,0.6136,False,-24.75,3580.28,TIME,6,2026-03
2026-03-05 09:00,2026-03-05 13:15,LONG,London,VWAP,72633.12,72633.12,0.5902,True,57.73,3638.0,SL,17,2026-03
2026-03-05 14:30,2026-03-05 16:00,SHORT,NY_open,RoundNum,72023.96,71024.37,1.3052,False,74.3,3712.3,TIME,6,2026-03
2026-03-06 09:00,2026-03-06 10:30,SHORT,London,PrevLow,70574.4,70560.0,0.4558,False,-5.64,3706.67,TIME,6,2026-03
2026-03-07 09:15,2026-03-07 10:45,SHORT,London,RoundNum,67959.99,67887.16,0.2434,False,9.67,3716.34,TIME,6,2026-03
2026-03-07 14:30,2026-03-07 16:00,LONG,NY_open,VWAP,68015.11,67882.94,0.3828,False,-46.33,3670.01,TIME,6,2026-03
2026-03-07 16:30,2026-03-07 18:00,LONG,NY_prime,PrevLow,67784.0,67650.27,0.1973,False,-46.3,3623.71,SL,6,2026-03
2026-03-08 09:00,2026-03-08 10:30,LONG,London,SwingH,67754.07,67972.35,0.4984,False,38.85,3662.56,TIME,6,2026-03
2026-03-08 14:30,2026-03-08 16:00,SHORT,NY_open,RoundNum,67128.01,67089.38,0.5218,False,0.36,3662.92,TIME,6,2026-03
2026-03-08 16:30,2026-03-08 18:00,LONG,NY_prime,RoundNum,66996.64,66912.44,0.35,False,-33.09,3629.83,TIME,6,2026-03
2026-03-09 09:15,2026-03-09 10:30,LONG,London,RoundNum,68001.3,67702.92,0.4388,False,-81.7,3548.13,SL,5,2026-03
2026-03-09 14:30,2026-03-09 15:30,LONG,NY_open,SwingH,69439.34,69006.31,0.6236,False,-77.22,3470.91,SL,4,2026-03
2026-03-09 16:45,2026-03-09 18:15,SHORT,NY_prime,RoundNum,68968.04,68559.65,0.5825,False,64.01,3534.92,TIME,6,2026-03
2026-03-10 09:15,2026-03-10 10:45,LONG,London,SwingH,71232.53,70777.62,0.8032,False,-61.06,3473.87,TIME,6,2026-03
2026-03-10 14:30,2026-03-10 16:00,LONG,NY_open,VWAP,70462.01,71184.98,1.1157,False,60.47,3534.34,TIME,6,2026-03
2026-03-11 09:30,2026-03-11 11:00,LONG,London,SwingL,69560.29,69611.96,0.3316,False,3.41,3537.74,TIME,6,2026-03
2026-03-11 14:45,2026-03-11 16:15,SHORT,NY_open,RoundNum,70599.99,70480.84,0.8169,False,9.85,3547.6,TIME,6,2026-03
2026-03-12 09:30,2026-03-12 11:00,LONG,London,SwingH,70280.0,70432.0,0.9309,False,12.29,3559.89,TIME,6,2026-03
2026-03-12 14:30,2026-03-12 15:15,SHORT,NY_open,SwingL,69613.54,70139.19,0.7551,False,-76.38,3483.51,SL,3,2026-03
2026-03-12 15:15,2026-03-12 16:45,LONG,NY_open,RoundNum,70320.92,70405.94,1.0373,False,4.43,3487.93,TIME,6,2026-03
2026-03-13 09:45,2026-03-13 12:45,LONG,London,RoundNum,72017.99,72597.01,0.3216,True,97.64,3585.57,TP2,12,2026-03
2026-03-13 16:45,2026-03-13 22:00,SHORT,NY_prime,VWAP,71904.49,70944.36,0.5341,True,130.02,3715.59,TP2,21,2026-03
2026-03-14 14:30,2026-03-14 16:00,SHORT,NY_open,VWAP,70622.67,70596.37,0.3848,False,-3.3,3712.29,TIME,6,2026-03
2026-03-15 09:15,2026-03-15 10:45,SHORT,London,SwingH,71858.29,71794.0,0.1941,False,6.4,3718.69,TIME,6,2026-03
2026-03-15 14:45,2026-03-15 16:15,LONG,NY_open,VWAP,71633.43,71420.3,0.3477,False,-65.55,3653.14,TIME,6,2026-03
2026-03-16 09:15,2026-03-16 12:15,LONG,London,VWAP,73292.0,73868.88,0.3148,True,99.89,3753.03,TP2,12,2026-03
2026-03-16 14:30,2026-03-16 15:15,SHORT,NY_open,SwingL,73146.34,73762.95,0.843,False,-79.96,3673.07,SL,3,2026-03
2026-03-16 16:30,2026-03-16 18:00,LONG,NY_prime,VWAP,73675.95,74225.4,0.6718,False,75.54,3748.61,TIME,6,2026-03
2026-03-17 09:45,2026-03-17 11:15,SHORT,London,RoundNum,73951.17,74021.34,0.4426,False,-25.39,3723.22,TIME,6,2026-03
2026-03-17 14:30,2026-03-17 16:00,LONG,NY_open,SwingH,74270.52,73995.09,0.6128,False,-51.74,3671.48,TIME,6,2026-03
2026-03-18 09:00,2026-03-18 10:30,LONG,London,VWAP,74176.73,73999.65,0.2387,False,-53.92,3617.56,SL,6,2026-03
2026-03-18 14:30,2026-03-18 16:00,SHORT,NY_open,SwingL,71497.01,71249.84,0.6844,False,30.73,3648.29,TIME,6,2026-03
2026-03-19 09:45,2026-03-19 10:30,LONG,London,PrevLow,70504.14,70319.48,0.2619,False,-57.81,3590.48,SL,3,2026-03
2026-03-20 09:00,2026-03-20 13:45,SHORT,London,RoundNum,70841.44,70174.22,0.3767,True,119.6,3710.08,TP2,19,2026-03
2026-03-20 14:30,2026-03-20 16:00,SHORT,NY_open,RoundNum,69964.9,69980.41,0.5703,False,-10.04,3700.04,TIME,6,2026-03
2026-03-20 16:30,2026-03-20 18:00,SHORT,NY_prime,RoundNum,69754.86,69949.71,0.55,False,-44.98,3655.06,TIME,6,2026-03
2026-03-21 09:00,2026-03-21 10:30,LONG,London,VWAP,70707.9,70575.89,0.2554,False,-44.17,3610.89,TIME,6,2026-03
2026-03-21 14:45,2026-03-21 16:15,SHORT,NY_open,VWAP,70614.45,70398.92,0.4929,False,36.66,3647.55,TIME,6,2026-03
2026-03-21 16:45,2026-03-21 18:15,SHORT,NY_prime,SwingL,70298.51,70389.91,0.2465,False,-33.74,3613.81,TIME,6,2026-03
2026-03-23 09:30,2026-03-23 11:15,LONG,London,VWAP,68131.88,68974.93,0.495,True,130.44,3744.25,TP2,7,2026-03
2026-03-24 09:00,2026-03-24 09:30,SHORT,London,RoundNum,70851.01,71088.81,0.3356,False,-73.13,3671.12,SL,2,2026-03
2026-03-24 09:30,2026-03-24 11:00,LONG,London,SwingH,71222.45,71107.12,0.4809,False,-33.12,3638.0,TIME,6,2026-03
2026-03-24 14:30,2026-03-24 16:00,SHORT,NY_open,SwingL,69812.98,69880.04,0.565,False,-19.45,3618.55,TIME,6,2026-03
2026-03-25 14:30,2026-03-25 16:15,SHORT,NY_open,PrevHigh,71351.19,71351.19,0.4215,True,55.63,3674.17,SL,7,2026-03
2026-03-25 16:45,2026-03-25 22:30,SHORT,NY_prime,PrevHigh,71301.79,71301.79,0.3776,True,52.27,3726.44,SL,23,2026-03
2026-03-26 09:30,2026-03-26 11:00,SHORT,London,SwingL,69472.68,69524.48,0.8358,False,-11.55,3714.89,TIME,6,2026-03
2026-03-26 15:00,2026-03-26 16:30,SHORT,NY_open,RoundNum,68900.01,68879.96,0.9298,False,-2.07,3712.82,TIME,6,2026-03
2026-03-27 14:45,2026-03-27 16:15,LONG,NY_open,RoundNum,66152.49,65908.15,0.808,False,-39.0,3673.82,TIME,6,2026-03
2026-03-27 16:45,2026-03-27 18:15,SHORT,NY_prime,RoundNum,65933.04,65703.78,0.4805,False,44.76,3718.58,TIME,6,2026-03
2026-03-28 09:30,2026-03-28 11:00,SHORT,London,VWAP,66212.28,66223.64,0.1896,False,-13.42,3705.16,TIME,6,2026-03
2026-03-28 15:15,2026-03-28 16:45,SHORT,NY_open,RoundNum,66975.74,66871.34,0.5121,False,14.6,3719.76,TIME,6,2026-03
2026-03-29 09:00,2026-03-29 10:15,LONG,London,VWAP,66638.58,66491.47,0.2208,False,-51.29,3668.47,SL,5,2026-03
2026-03-29 15:00,2026-03-29 16:30,SHORT,NY_open,VWAP,66535.54,66473.89,0.2729,False,6.91,3675.38,TIME,6,2026-03
2026-03-30 14:30,2026-03-30 14:45,SHORT,NY_open,PrevHigh,67078.0,67437.78,0.5364,False,-81.05,3594.34,SL,1,2026-03
2026-03-30 14:45,2026-03-30 16:15,LONG,NY_open,RoundNum,67753.09,67300.18,1.1915,False,-43.65,3550.69,TIME,6,2026-03
2026-03-31 09:15,2026-03-31 10:45,SHORT,London,SwingL,66363.29,66301.19,0.5446,False,5.03,3555.72,TIME,6,2026-03
2026-03-31 14:45,2026-03-31 16:15,SHORT,NY_open,RoundNum,66515.98,67030.14,1.1275,False,-52.22,3503.5,TIME,6,2026-03
2026-03-31 16:30,2026-03-31 18:00,LONG,NY_prime,SwingH,67716.06,67706.95,1.4225,False,-3.37,3500.12,TIME,6,2026-03
2026-04-01 09:00,2026-04-01 10:30,SHORT,London,PrevHigh,68466.56,68474.55,0.4603,False,-10.14,3489.98,TIME,6,2026-04
2026-04-01 14:30,2026-04-01 15:15,SHORT,NY_open,VWAP,68375.36,68712.91,0.4937,False,-77.58,3412.41,SL,3,2026-04
2026-04-01 15:15,2026-04-01 16:45,LONG,NY_open,SwingH,68729.59,68793.42,0.6317,False,4.09,3416.5,TIME,6,2026-04
2026-04-02 14:30,2026-04-02 16:00,LONG,NY_open,RoundNum,67047.4,66896.23,1.3431,False,-14.27,3402.23,TIME,6,2026-04
2026-04-02 16:30,2026-04-02 17:45,LONG,NY_prime,SwingH,67157.51,66736.04,0.6276,False,-74.01,3328.22,SL,5,2026-04
2026-04-03 09:00,2026-04-03 10:30,SHORT,London,RoundNum,66896.13,66784.5,0.2462,False,18.62,3346.84,TIME,6,2026-04
2026-04-04 15:00,2026-04-04 16:30,LONG,NY_open,PrevHigh,67372.2,67510.0,0.3343,False,25.02,3371.86,TIME,6,2026-04
2026-04-04 16:45,2026-04-04 18:15,SHORT,NY_prime,PrevHigh,67358.99,67317.49,0.2893,False,1.11,3372.98,TIME,6,2026-04
2026-04-05 09:15,2026-04-05 10:45,LONG,London,RoundNum,67001.75,67023.31,0.1892,False,-3.85,3369.13,TIME,6,2026-04
2026-04-05 15:15,2026-04-05 16:45,LONG,NY_open,PrevHigh,67480.56,67194.96,0.9117,False,-35.35,3333.78,TIME,6,2026-04
2026-04-06 09:00,2026-04-06 10:30,LONG,London,SwingH,69643.3,69896.01,0.7314,False,28.07,3361.85,TIME,6,2026-04
2026-04-06 16:30,2026-04-06 17:00,LONG,NY_prime,SwingH,70139.01,69760.32,0.5399,False,-74.09,3287.76,SL,2,2026-04
2026-04-07 09:00,2026-04-07 10:15,LONG,London,RoundNum,69111.29,68883.63,0.3294,False,-63.19,3224.57,SL,5,2026-04
2026-04-07 14:30,2026-04-07 16:00,SHORT,NY_open,RoundNum,67985.67,68129.32,0.462,False,-37.17,3187.39,TIME,6,2026-04
2026-04-07 16:30,2026-04-07 17:30,SHORT,NY_prime,PrevLow,68313.02,68478.15,0.2417,False,-47.29,3140.1,SL,4,2026-04
2026-04-08 09:00,2026-04-08 12:00,SHORT,London,SwingH,71825.4,71825.4,0.2599,True,28.05,3168.15,SL,12,2026-04
2026-04-08 14:30,2026-04-08 16:00,SHORT,NY_open,RoundNum,71080.01,71342.48,0.7952,False,-33.8,3134.35,TIME,6,2026-04
2026-04-09 09:15,2026-04-09 10:45,SHORT,London,SwingH,71297.22,71284.51,0.373,False,-5.83,3128.52,TIME,6,2026-04
2026-04-09 14:30,2026-04-09 15:45,LONG,NY_open,RoundNum,70893.9,71814.46,0.5194,True,113.26,3241.78,TP2,5,2026-04
2026-04-09 16:45,2026-04-09 18:15,LONG,NY_prime,RoundNum,72096.47,71904.18,0.645,False,-32.34,3209.44,TIME,6,2026-04
2026-04-10 14:30,2026-04-10 16:00,SHORT,NY_open,RoundNum,72908.16,72721.06,0.5165,False,25.06,3234.5,TIME,6,2026-04
2026-04-10 16:45,2026-04-10 18:15,LONG,NY_prime,RoundNum,73021.3,73016.2,0.5519,False,-7.26,3227.24,TIME,6,2026-04
2026-04-11 09:15,2026-04-11 10:45,LONG,London,SwingH,72903.51,72882.26,0.2991,False,-13.58,3213.66,TIME,6,2026-04
2026-04-11 15:15,2026-04-11 16:30,SHORT,NY_open,VWAP,72789.49,72969.07,0.2467,False,-48.48,3165.18,SL,5,2026-04
2026-04-11 16:30,2026-04-11 18:00,LONG,NY_prime,SwingH,73141.49,73148.28,0.3875,False,-7.24,3157.94,TIME,6,2026-04
2026-04-12 14:30,2026-04-12 16:00,SHORT,NY_open,SwingL,70884.0,70958.91,0.4078,False,-24.89,3133.05,TIME,6,2026-04
2026-04-13 14:30,2026-04-13 16:00,LONG,NY_open,RoundNum,72042.98,72067.91,0.6722,False,-1.9,3131.15,TIME,6,2026-04
2026-04-14 14:30,2026-04-14 16:00,SHORT,NY_open,RoundNum,75448.14,75531.52,1.0197,False,-10.16,3120.99,TIME,6,2026-04
2026-04-14 16:45,2026-04-14 18:15,SHORT,NY_prime,VWAP,74698.73,74569.99,0.9743,False,7.52,3128.51,TIME,6,2026-04
2026-04-15 09:15,2026-04-15 10:45,SHORT,London,RoundNum,73980.02,73890.9,0.2527,False,10.24,3138.75,TIME,6,2026-04
2026-04-15 14:30,2026-04-15 16:00,SHORT,NY_open,RoundNum,73979.88,74034.01,0.8083,False,-9.95,3128.79,TIME,6,2026-04
2026-04-15 16:30,2026-04-15 18:00,SHORT,NY_prime,PrevLow,73918.97,74291.15,0.5035,False,-69.41,3059.38,SL,6,2026-04
2026-04-16 09:15,2026-04-16 10:00,SHORT,London,VWAP,74840.14,74506.14,0.1785,True,43.62,3103.01,TP2,3,2026-04
2026-04-16 14:45,2026-04-16 15:00,SHORT,NY_open,RoundNum,73973.2,74311.62,0.4575,False,-69.52,3033.48,SL,1,2026-04
2026-04-16 15:00,2026-04-16 16:30,LONG,NY_open,RoundNum,74328.55,74342.43,0.676,False,-3.26,3030.22,TIME,6,2026-04
2026-04-17 09:00,2026-04-17 10:15,LONG,London,SwingH,75913.06,75588.62,0.4274,False,-68.4,2961.82,SL,5,2026-04
2026-04-17 14:30,2026-04-17 16:00,LONG,NY_open,RoundNum,78087.99,77924.99,0.9045,False,-17.27,2944.55,TIME,6,2026-04
2026-04-17 16:45,2026-04-18 08:00,SHORT,NY_prime,RoundNum,77907.27,76929.88,0.5018,True,106.38,3050.93,TP2,61,2026-04
2026-04-18 09:15,2026-04-18 10:00,LONG,London,SwingL,76608.28,76372.65,0.3076,False,-55.31,2995.62,SL,3,2026-04
2026-04-19 09:45,2026-04-19 11:15,LONG,London,RoundNum,75055.42,75407.48,0.1876,True,45.33,3040.94,TP2,6,2026-04
2026-04-19 14:30,2026-04-19 16:00,LONG,NY_open,RoundNum,76020.43,75754.96,0.3492,False,-61.46,2979.48,SL,6,2026-04
2026-04-19 16:45,2026-04-19 20:30,SHORT,NY_prime,SwingL,75417.16,74590.05,0.4387,True,106.68,3086.17,TP2,15,2026-04
2026-04-20 09:00,2026-04-20 10:30,LONG,London,RoundNum,75067.05,75206.35,0.5796,False,13.9,3100.07,TIME,6,2026-04
2026-04-20 15:00,2026-04-20 16:30,LONG,NY_open,RoundNum,75090.41,75520.05,0.6313,False,50.79,3150.86,TIME,6,2026-04
2026-04-21 15:00,2026-04-21 16:30,LONG,NY_open,SwingL,75787.03,75907.25,0.6069,False,10.76,3161.62,TIME,6,2026-04
2026-04-21 16:30,2026-04-21 18:00,SHORT,NY_prime,RoundNum,75907.25,75598.37,0.5347,False,41.61,3203.24,TIME,6,2026-04
2026-04-22 09:00,2026-04-22 10:30,LONG,London,RoundNum,78065.62,78145.31,0.1841,False,7.54,3210.78,TIME,6,2026-04
2026-04-22 14:30,2026-04-22 15:30,SHORT,NY_open,RoundNum,78734.15,79172.95,0.5573,False,-70.55,3140.22,SL,4,2026-04
2026-04-22 16:30,2026-04-22 18:00,SHORT,NY_prime,RoundNum,78843.65,78993.47,0.4135,False,-37.21,3103.01,TIME,6,2026-04
2026-04-23 09:00,2026-04-23 10:30,SHORT,London,SwingL,77595.05,77399.62,0.4567,False,26.75,3129.76,TIME,6,2026-04
2026-04-23 14:30,2026-04-23 17:00,LONG,NY_open,VWAP,77929.36,77929.36,0.3,True,33.6,3163.36,SL,10,2026-04
2026-04-24 09:30,2026-04-24 11:15,LONG,London,SwingL,77604.17,78185.68,0.2997,True,81.9,3245.26,TP2,7,2026-04
2026-04-24 14:30,2026-04-24 16:00,LONG,NY_open,RoundNum,78004.0,77805.35,0.4747,False,-42.34,3202.92,TIME,6,2026-04
2026-04-25 09:30,2026-04-25 11:00,LONG,London,SwingH,77756.44,77765.53,0.2108,False,-6.94,3195.98,TIME,6,2026-04
2026-04-25 16:30,2026-04-25 18:00,LONG,NY_prime,SwingL,77393.42,77305.44,0.323,False,-26.95,3169.03,TIME,6,2026-04
2026-04-26 09:00,2026-04-26 10:30,LONG,London,RoundNum,78040.0,78011.99,0.0941,False,-14.4,3154.63,TIME,6,2026-04
2026-04-26 16:45,2026-04-26 18:00,SHORT,NY_prime,PrevHigh,77945.43,78091.93,0.188,False,-38.32,3116.31,SL,5,2026-04
2026-04-27 14:30,2026-04-27 15:00,LONG,NY_open,VWAP,78179.55,77779.86,0.5112,False,-69.03,3047.27,SL,2,2026-04
2026-04-27 15:00,2026-04-27 16:30,SHORT,NY_open,PrevLow,77369.23,76582.24,0.7031,False,83.41,3130.68,TIME,6,2026-04
2026-04-27 16:45,2026-04-27 18:15,LONG,NY_prime,SwingL,76615.83,76678.16,0.2416,False,4.13,3134.81,TIME,6,2026-04
2026-04-28 14:30,2026-04-28 16:00,LONG,NY_open,SwingL,75843.91,75996.96,0.3567,False,23.01,3157.81,TIME,6,2026-04
2026-04-28 16:45,2026-04-28 18:15,LONG,NY_prime,RoundNum,76109.27,76221.18,0.4162,False,13.97,3171.78,TIME,6,2026-04
2026-04-29 09:00,2026-04-29 10:00,LONG,London,RoundNum,77049.93,77389.3,0.1762,True,44.52,3216.3,TP2,4,2026-04
2026-04-29 15:00,2026-04-29 16:30,SHORT,NY_open,SwingL,76231.89,75856.96,0.622,False,45.18,3261.48,TIME,6,2026-04
2026-04-30 09:00,2026-04-30 10:30,LONG,London,RoundNum,76050.7,76018.76,0.1292,False,-15.82,3245.66,TIME,6,2026-04
2026-05-03 09:30,2026-05-03 11:00,SHORT,London,SwingH,78507.41,78525.02,0.1588,False,-12.57,3233.09,TIME,6,2026-05
2026-05-04 09:30,2026-05-04 10:00,LONG,London,VWAP,79840.08,79619.33,0.2765,False,-53.59,3179.5,SL,2,2026-05
2026-05-04 14:30,2026-05-05 02:30,LONG,NY_open,VWAP,79541.71,80519.95,0.4919,True,114.72,3294.23,TP2,48,2026-05
2026-05-05 09:00,2026-05-05 10:30,SHORT,London,VWAP,80671.32,80830.0,0.2318,False,-41.46,3252.77,TIME,6,2026-05
2026-05-06 09:30,2026-05-06 11:00,LONG,London,RoundNum,82018.26,82413.78,0.3998,False,69.48,3322.25,TIME,6,2026-05
2026-05-06 14:30,2026-05-06 15:00,LONG,NY_open,PrevHigh,81882.22,81483.21,0.4873,False,-73.94,3248.31,SL,2,2026-05
2026-05-06 15:15,2026-05-06 16:45,LONG,NY_open,VWAP,81649.57,81626.3,0.4443,False,-12.21,3236.1,TIME,6,2026-05
2026-05-06 16:45,2026-05-06 18:15,SHORT,NY_prime,VWAP,81626.3,81446.25,0.3333,False,26.79,3262.89,TIME,6,2026-05
2026-05-07 09:00,2026-05-07 09:15,LONG,London,VWAP,81169.76,81053.05,0.1438,False,-32.43,3230.46,SL,1,2026-05
2026-05-07 09:15,2026-05-07 12:00,SHORT,London,RoundNum,81028.52,81028.52,0.2916,True,33.46,3263.92,SL,11,2026-05
2026-05-07 14:30,2026-05-07 16:00,SHORT,NY_open,SwingL,80134.47,79821.57,0.4775,False,45.87,3309.79,TIME,6,2026-05
2026-05-08 09:00,2026-05-08 10:30,LONG,London,RoundNum,79974.43,80149.1,0.2434,False,27.04,3336.83,TIME,6,2026-05
2026-05-08 14:30,2026-05-08 15:15,LONG,NY_open,RoundNum,80204.88,79696.56,0.6338,False,-72.53,3264.3,SL,3,2026-05
2026-05-09 09:00,2026-05-09 10:30,SHORT,London,VWAP,80333.03,80318.84,0.1274,False,-6.09,3258.21,TIME,6,2026-05
2026-05-09 15:15,2026-05-09 17:15,LONG,NY_open,SwingH,80406.75,80759.84,0.1756,True,45.57,3303.77,TP2,8,2026-05
2026-05-10 15:00,2026-05-10 16:00,LONG,NY_open,PrevHigh,81034.0,81385.55,0.1735,True,45.53,3349.3,TP2,4,2026-05
2026-05-11 14:30,2026-05-11 17:30,LONG,NY_open,SwingL,80765.68,81822.85,0.5236,True,121.31,3470.62,TP2,12,2026-05
2026-05-12 09:15,2026-05-12 09:30,SHORT,London,SwingL,80713.23,80818.09,0.1299,False,-32.09,3438.53,SL,1,2026-05
2026-05-12 14:30,2026-05-12 15:15,LONG,NY_open,SwingH,80781.99,80316.9,0.5757,False,-75.34,3363.19,SL,3,2026-05
2026-05-12 15:15,2026-05-12 16:45,SHORT,NY_open,SwingL,80180.3,79967.67,0.6118,False,23.11,3386.3,TIME,6,2026-05
2026-05-12 16:45,2026-05-12 17:15,SHORT,NY_prime,RoundNum,79967.67,80350.2,0.4784,False,-75.51,3310.78,SL,2,2026-05
2026-05-13 14:30,2026-05-13 15:45,SHORT,NY_open,PrevLow,79662.09,79051.78,0.3064,True,87.85,3398.64,TP2,5,2026-05
2026-05-13 16:30,2026-05-13 18:15,LONG,NY_prime,RoundNum,79099.03,79625.14,0.266,True,76.98,3475.62,TP2,7,2026-05
2026-05-14 09:30,2026-05-14 10:30,LONG,London,VWAP,79637.03,79496.51,0.1764,False,-40.22,3435.4,SL,4,2026-05
2026-05-14 14:30,2026-05-14 15:45,LONG,NY_open,SwingH,80330.0,81188.22,0.4273,True,122.77,3558.17,TP2,5,2026-05
2026-05-14 16:45,2026-05-14 18:15,LONG,NY_prime,RoundNum,81877.33,81884.68,1.1038,False,-2.97,3555.2,TIME,6,2026-05
2026-05-15 14:30,2026-05-15 16:00,LONG,NY_open,RoundNum,79175.96,79165.9,0.4132,False,-11.65,3543.55,TIME,6,2026-05
2026-05-16 14:30,2026-05-16 16:00,LONG,NY_open,SwingH,78186.25,78206.6,0.3318,False,-5.13,3538.42,TIME,6,2026-05
2026-05-17 15:00,2026-05-17 16:30,LONG,NY_open,RoundNum,78055.61,78140.01,0.1587,False,9.4,3547.82,TIME,6,2026-05
2026-05-17 16:30,2026-05-17 16:45,LONG,NY_prime,VWAP,78140.01,78034.16,0.1355,False,-33.79,3514.03,SL,1,2026-05
2026-05-17 16:45,2026-05-17 18:15,SHORT,NY_prime,RoundNum,78001.56,78098.31,0.2259,False,-31.46,3482.58,TIME,6,2026-05
2026-05-18 09:00,2026-05-18 10:30,SHORT,London,VWAP,76849.53,76766.85,0.2586,False,9.16,3491.73,TIME,6,2026-05
2026-05-18 15:15,2026-05-18 16:00,SHORT,NY_open,SwingL,76034.39,76359.38,0.4274,False,-78.82,3412.91,SL,3,2026-05
2026-05-19 09:00,2026-05-19 10:30,SHORT,London,RoundNum,76961.21,76724.45,0.1231,True,30.58,3443.49,TP2,6,2026-05
2026-05-19 14:30,2026-05-19 16:00,LONG,NY_open,SwingL,76384.62,76398.99,0.3667,False,-6.23,3437.26,TIME,6,2026-05
2026-05-19 16:45,2026-05-19 18:15,LONG,NY_prime,VWAP,76819.09,76703.0,0.304,False,-35.42,3401.84,TIME,6,2026-05
2026-05-20 09:00,2026-05-20 10:00,SHORT,London,PrevHigh,77337.01,77436.43,0.1286,False,-31.22,3370.61,SL,4,2026-05
2026-05-20 15:00,2026-05-20 15:15,SHORT,NY_open,PrevHigh,77245.55,77469.54,0.29,False,-58.14,3312.47,SL,1,2026-05
2026-05-20 15:15,2026-05-20 16:45,SHORT,NY_open,PrevHigh,77480.09,77248.65,0.4937,False,32.7,3345.18,TIME,6,2026-05
