date,weekday,entry_time,exit_time,entry_px,exit_px,gross_ret%,net_ret%,pnl_usd,equity,above_ema,month
2021-10-26,Tue,2021-10-26 21:00,2021-10-26 22:00,62102.0,60307.87,-2.889,-2.999,-29.99,9970.01,False,2021-10
2021-10-27,Wed,2021-10-27 21:00,2021-10-27 22:00,58919.4,58792.02,-0.2162,-0.3262,-3.25,9966.76,False,2021-10
2021-10-28,Thu,2021-10-28 21:00,2021-10-28 22:00,61395.88,60534.39,-1.4032,-1.5132,-15.08,9951.68,True,2021-10
2021-10-29,Fri,2021-10-29 21:00,2021-10-29 22:00,62383.76,62351.62,-0.0515,-0.1615,-1.61,9950.07,True,2021-10
2021-10-30,Sat,2021-10-30 21:00,2021-10-30 22:00,61669.88,61569.19,-0.1633,-0.2733,-2.72,9947.35,True,2021-10
2021-10-31,Sun,2021-10-31 21:00,2021-10-31 22:00,60980.93,61413.48,0.7093,0.5993,5.96,9953.31,True,2021-10
2021-11-01,Mon,2021-11-01 21:00,2021-11-01 22:00,60721.48,61128.3,0.67,0.56,5.57,9958.89,True,2021-11
2021-11-02,Tue,2021-11-02 21:00,2021-11-02 22:00,63132.67,62970.07,-0.2576,-0.3676,-3.66,9955.22,True,2021-11
2021-11-03,Wed,2021-11-03 21:00,2021-11-03 22:00,62768.95,62823.18,0.0864,-0.0236,-0.23,9954.99,True,2021-11
2021-11-04,Thu,2021-11-04 21:00,2021-11-04 22:00,61373.49,61183.14,-0.3101,-0.4201,-4.18,9950.81,True,2021-11
2021-11-05,Fri,2021-11-05 21:00,2021-11-05 22:00,60971.61,61109.74,0.2265,0.1165,1.16,9951.97,True,2021-11
2021-11-06,Sat,2021-11-06 21:00,2021-11-06 22:00,61200.0,61417.48,0.3554,0.2454,2.44,9954.41,True,2021-11
2021-11-07,Sun,2021-11-07 21:00,2021-11-07 22:00,62693.25,62867.8,0.2784,0.1684,1.68,9956.09,True,2021-11
2021-11-08,Mon,2021-11-08 21:00,2021-11-08 22:00,66076.89,66548.9,0.7143,0.6043,6.02,9962.1,True,2021-11
2021-11-09,Tue,2021-11-09 21:00,2021-11-09 22:00,67366.09,67303.16,-0.0934,-0.2034,-2.03,9960.08,True,2021-11
2021-11-10,Wed,2021-11-10 21:00,2021-11-10 22:00,65780.01,65168.95,-0.9289,-1.0389,-10.35,9949.73,True,2021-11
2021-11-11,Thu,2021-11-11 21:00,2021-11-11 22:00,64826.95,65203.52,0.5809,0.4709,4.69,9954.41,True,2021-11
2021-11-12,Fri,2021-11-12 21:00,2021-11-12 22:00,64158.26,63949.46,-0.3254,-0.4354,-4.33,9950.08,True,2021-11
2021-11-13,Sat,2021-11-13 21:00,2021-11-13 22:00,64376.12,64287.44,-0.1378,-0.2478,-2.47,9947.61,True,2021-11
2021-11-14,Sun,2021-11-14 21:00,2021-11-14 22:00,64240.94,64529.99,0.4499,0.3399,3.38,9950.99,True,2021-11
2021-11-15,Mon,2021-11-15 21:00,2021-11-15 22:00,63907.49,63975.63,0.1066,-0.0034,-0.03,9950.96,True,2021-11
2021-11-16,Tue,2021-11-16 21:00,2021-11-16 22:00,59763.86,60621.38,1.4348,1.3248,13.18,9964.14,False,2021-11
2021-11-17,Wed,2021-11-17 21:00,2021-11-17 22:00,60441.29,60002.55,-0.7259,-0.8359,-8.33,9955.82,False,2021-11
2021-11-18,Thu,2021-11-18 21:00,2021-11-18 22:00,57998.79,56646.55,-2.3315,-2.4415,-24.31,9931.51,False,2021-11
2021-11-19,Fri,2021-11-19 21:00,2021-11-19 22:00,57841.53,57884.13,0.0736,-0.0364,-0.36,9931.15,False,2021-11
2021-11-20,Sat,2021-11-20 21:00,2021-11-20 22:00,59473.82,59755.82,0.4742,0.3642,3.62,9934.76,False,2021-11
2021-11-21,Sun,2021-11-21 21:00,2021-11-21 22:00,59658.79,59175.23,-0.8105,-0.9205,-9.15,9925.62,False,2021-11
2021-11-22,Mon,2021-11-22 21:00,2021-11-22 22:00,55860.09,56732.0,1.5609,1.4509,14.4,9940.02,False,2021-11
2021-11-23,Tue,2021-11-23 21:00,2021-11-23 22:00,57871.64,57588.64,-0.489,-0.599,-5.95,9934.07,False,2021-11
2021-11-24,Wed,2021-11-24 21:00,2021-11-24 22:00,57428.9,57012.73,-0.7247,-0.8347,-8.29,9925.77,False,2021-11
2021-11-25,Thu,2021-11-25 21:00,2021-11-25 22:00,58901.86,58943.52,0.0707,-0.0393,-0.39,9925.38,False,2021-11
2021-11-26,Fri,2021-11-26 21:00,2021-11-26 22:00,54556.93,54095.65,-0.8455,-0.9555,-9.48,9915.9,False,2021-11
2021-11-27,Sat,2021-11-27 21:00,2021-11-27 22:00,54278.03,54896.41,1.1393,1.0293,10.21,9926.11,False,2021-11
2021-11-28,Sun,2021-11-28 21:00,2021-11-28 22:00,54971.72,56074.17,2.0055,1.8955,18.81,9944.92,False,2021-11
2021-11-29,Mon,2021-11-29 21:00,2021-11-29 22:00,58096.91,58115.02,0.0312,-0.0788,-0.78,9944.14,False,2021-11
2021-11-30,Tue,2021-11-30 21:00,2021-11-30 22:00,57477.37,57335.79,-0.2463,-0.3563,-3.54,9940.59,False,2021-11
2021-12-01,Wed,2021-12-01 21:00,2021-12-01 22:00,56801.31,57109.25,0.5421,0.4321,4.3,9944.89,False,2021-12
2021-12-02,Thu,2021-12-02 21:00,2021-12-02 22:00,57057.37,56887.14,-0.2983,-0.4083,-4.06,9940.83,False,2021-12
2021-12-03,Fri,2021-12-03 21:00,2021-12-03 22:00,53447.68,53431.06,-0.0311,-0.1411,-1.4,9939.43,False,2021-12
2021-12-04,Sat,2021-12-04 21:00,2021-12-04 22:00,49356.2,49307.01,-0.0997,-0.2097,-2.08,9937.34,False,2021-12
2021-12-05,Sun,2021-12-05 21:00,2021-12-05 22:00,48926.68,49335.6,0.8358,0.7258,7.21,9944.55,False,2021-12
2021-12-06,Mon,2021-12-06 21:00,2021-12-06 22:00,48889.67,50887.09,4.0856,3.9756,39.54,9984.09,False,2021-12
2021-12-07,Tue,2021-12-07 21:00,2021-12-07 22:00,50434.18,50285.37,-0.2951,-0.4051,-4.04,9980.05,False,2021-12
2021-12-08,Wed,2021-12-08 21:00,2021-12-08 22:00,50748.89,50233.01,-1.0165,-1.1265,-11.24,9968.8,False,2021-12
2021-12-09,Thu,2021-12-09 21:00,2021-12-09 22:00,47662.15,47969.65,0.6452,0.5352,5.33,9974.14,False,2021-12
2021-12-10,Fri,2021-12-10 21:00,2021-12-10 22:00,48417.86,47538.26,-1.8167,-1.9267,-19.22,9954.92,False,2021-12
2021-12-11,Sat,2021-12-11 21:00,2021-12-11 22:00,48603.59,48854.77,0.5168,0.4068,4.05,9958.97,False,2021-12
2021-12-12,Sun,2021-12-12 21:00,2021-12-12 22:00,50297.33,50307.66,0.0205,-0.0895,-0.89,9958.08,False,2021-12
2021-12-13,Mon,2021-12-13 21:00,2021-12-13 22:00,46652.38,46904.59,0.5406,0.4306,4.29,9962.37,False,2021-12
2021-12-14,Tue,2021-12-14 21:00,2021-12-14 22:00,47805.73,48284.21,1.0009,0.8909,8.88,9971.24,False,2021-12
2021-12-15,Wed,2021-12-15 21:00,2021-12-15 22:00,49262.78,48757.46,-1.0258,-1.1358,-11.32,9959.92,False,2021-12
2021-12-16,Thu,2021-12-16 21:00,2021-12-16 22:00,47912.4,47824.78,-0.1829,-0.2929,-2.92,9957.0,False,2021-12
2021-12-17,Fri,2021-12-17 21:00,2021-12-17 22:00,46193.98,46546.7,0.7636,0.6536,6.51,9963.51,False,2021-12
2021-12-18,Sat,2021-12-18 21:00,2021-12-18 22:00,46886.79,46798.55,-0.1882,-0.2982,-2.97,9960.54,False,2021-12
2021-12-19,Sun,2021-12-19 21:00,2021-12-19 22:00,46794.38,47333.95,1.1531,1.0431,10.39,9970.93,False,2021-12
2021-12-20,Mon,2021-12-20 21:00,2021-12-20 22:00,47020.27,46779.07,-0.513,-0.623,-6.21,9964.72,False,2021-12
2021-12-21,Tue,2021-12-21 21:00,2021-12-21 22:00,48608.66,49304.36,1.4312,1.3212,13.17,9977.88,False,2021-12
2021-12-22,Wed,2021-12-22 21:00,2021-12-22 22:00,48976.13,49000.13,0.049,-0.061,-0.61,9977.27,False,2021-12
2021-12-23,Thu,2021-12-23 21:00,2021-12-23 22:00,50945.69,50772.91,-0.3391,-0.4491,-4.48,9972.79,False,2021-12
2021-12-24,Fri,2021-12-24 21:00,2021-12-24 22:00,51138.49,50789.03,-0.6834,-0.7934,-7.91,9964.88,False,2021-12
2021-12-25,Sat,2021-12-25 21:00,2021-12-25 22:00,50894.52,50632.99,-0.5139,-0.6239,-6.22,9958.66,False,2021-12
2021-12-26,Sun,2021-12-26 21:00,2021-12-26 22:00,50301.22,50999.9,1.389,1.279,12.74,9971.4,False,2021-12
2021-12-27,Mon,2021-12-27 21:00,2021-12-27 22:00,51252.09,51041.0,-0.4119,-0.5219,-5.2,9966.2,False,2021-12
2021-12-28,Tue,2021-12-28 21:00,2021-12-28 22:00,47815.1,47695.56,-0.25,-0.36,-3.59,9962.61,False,2021-12
2021-12-29,Wed,2021-12-29 21:00,2021-12-29 22:00,47356.56,47284.0,-0.1532,-0.2632,-2.62,9959.99,False,2021-12
2021-12-30,Thu,2021-12-30 21:00,2021-12-30 22:00,47221.68,47074.44,-0.3118,-0.4218,-4.2,9955.78,False,2021-12
2021-12-31,Fri,2021-12-31 21:00,2021-12-31 22:00,45888.16,46313.58,0.9271,0.8171,8.13,9963.92,False,2021-12
2022-01-01,Sat,2022-01-01 21:00,2022-01-01 22:00,47415.56,47455.8,0.0849,-0.0251,-0.25,9963.67,False,2022-01
2022-01-02,Sun,2022-01-02 21:00,2022-01-02 22:00,47005.11,47269.89,0.5633,0.4533,4.52,9968.19,False,2022-01
2022-01-03,Mon,2022-01-03 21:00,2022-01-03 22:00,45915.32,46224.72,0.6738,0.5638,5.62,9973.81,False,2022-01
2022-01-04,Tue,2022-01-04 21:00,2022-01-04 22:00,46259.27,46148.35,-0.2398,-0.3498,-3.49,9970.32,False,2022-01
2022-01-05,Wed,2022-01-05 21:00,2022-01-05 22:00,43955.01,43424.44,-1.2071,-1.3171,-13.13,9957.19,False,2022-01
2022-01-06,Thu,2022-01-06 21:00,2022-01-06 22:00,43210.92,43171.86,-0.0904,-0.2004,-2.0,9955.19,False,2022-01
2022-01-07,Fri,2022-01-07 21:00,2022-01-07 22:00,41908.43,41535.73,-0.8893,-0.9993,-9.95,9945.24,False,2022-01
2022-01-08,Sat,2022-01-08 21:00,2022-01-08 22:00,40981.74,41927.22,2.3071,2.1971,21.85,9967.09,False,2022-01
2022-01-09,Sun,2022-01-09 21:00,2022-01-09 22:00,42447.45,42210.23,-0.5589,-0.6689,-6.67,9960.43,False,2022-01
2022-01-10,Mon,2022-01-10 21:00,2022-01-10 22:00,41680.0,41625.26,-0.1313,-0.2413,-2.4,9958.02,False,2022-01
2022-01-11,Tue,2022-01-11 21:00,2022-01-11 22:00,42823.29,42734.83,-0.2066,-0.3166,-3.15,9954.87,False,2022-01
2022-01-12,Wed,2022-01-12 21:00,2022-01-12 22:00,43849.4,43858.34,0.0204,-0.0896,-0.89,9953.98,False,2022-01
2022-01-13,Thu,2022-01-13 21:00,2022-01-13 22:00,42812.45,42608.71,-0.4759,-0.5859,-5.83,9948.15,False,2022-01
2022-01-14,Fri,2022-01-14 21:00,2022-01-14 22:00,43125.86,43287.23,0.3742,0.2642,2.63,9950.77,False,2022-01
2022-01-15,Sat,2022-01-15 21:00,2022-01-15 22:00,43506.17,43268.44,-0.5464,-0.6564,-6.53,9944.24,False,2022-01
2022-01-16,Sun,2022-01-16 21:00,2022-01-16 22:00,43061.82,43208.14,0.3398,0.2298,2.29,9946.53,False,2022-01
2022-01-17,Mon,2022-01-17 21:00,2022-01-17 22:00,42099.5,42098.46,-0.0025,-0.1125,-1.12,9945.41,False,2022-01
2022-01-18,Tue,2022-01-18 21:00,2022-01-18 22:00,41800.0,42498.85,1.6719,1.5619,15.53,9960.94,False,2022-01
2022-01-19,Wed,2022-01-19 21:00,2022-01-19 22:00,41640.52,41987.83,0.8341,0.7241,7.21,9968.15,False,2022-01
2022-01-20,Thu,2022-01-20 21:00,2022-01-20 22:00,42725.27,41165.21,-3.6514,-3.7614,-37.49,9930.66,False,2022-01
2022-01-21,Fri,2022-01-21 21:00,2022-01-21 22:00,38375.47,36138.04,-5.8304,-5.9404,-58.99,9871.67,False,2022-01
2022-01-22,Sat,2022-01-22 21:00,2022-01-22 22:00,35302.75,34871.98,-1.2202,-1.3302,-13.13,9858.54,False,2022-01
2022-01-23,Sun,2022-01-23 21:00,2022-01-23 22:00,35311.01,35528.62,0.6163,0.5063,4.99,9863.53,False,2022-01
2022-01-24,Mon,2022-01-24 21:00,2022-01-24 22:00,37230.95,36373.81,-2.3022,-2.4122,-23.79,9839.73,False,2022-01
2022-01-25,Tue,2022-01-25 21:00,2022-01-25 22:00,36904.54,36776.29,-0.3475,-0.4575,-4.5,9835.23,False,2022-01
2022-01-26,Wed,2022-01-26 21:00,2022-01-26 22:00,37115.54,36516.31,-1.6145,-1.7245,-16.96,9818.27,False,2022-01
2022-01-27,Thu,2022-01-27 21:00,2022-01-27 22:00,35562.39,36726.16,3.2725,3.1625,31.05,9849.32,False,2022-01
2022-01-28,Fri,2022-01-28 21:00,2022-01-28 22:00,37765.92,37679.99,-0.2275,-0.3375,-3.32,9846.0,False,2022-01
2022-01-29,Sat,2022-01-29 21:00,2022-01-29 22:00,38369.89,38162.64,-0.5401,-0.6501,-6.4,9839.6,False,2022-01
2022-01-30,Sun,2022-01-30 21:00,2022-01-30 22:00,37709.92,37796.38,0.2293,0.1193,1.17,9840.77,False,2022-01
2022-01-31,Mon,2022-01-31 21:00,2022-01-31 22:00,38493.55,38439.15,-0.1413,-0.2513,-2.47,9838.3,False,2022-01
2022-02-01,Tue,2022-02-01 21:00,2022-02-01 22:00,38599.26,38689.33,0.2333,0.1233,1.21,9839.51,False,2022-02
2022-02-02,Wed,2022-02-02 21:00,2022-02-02 22:00,37600.21,37074.36,-1.3985,-1.5085,-14.84,9824.67,False,2022-02
2022-02-03,Thu,2022-02-03 21:00,2022-02-03 22:00,36353.99,36969.52,1.6932,1.5832,15.55,9840.22,False,2022-02
2022-02-04,Fri,2022-02-04 21:00,2022-02-04 22:00,40609.15,40675.14,0.1625,0.0525,0.52,9840.74,False,2022-02
2022-02-05,Sat,2022-02-05 21:00,2022-02-05 22:00,41630.35,41607.55,-0.0548,-0.1648,-1.62,9839.12,False,2022-02
2022-02-06,Sun,2022-02-06 21:00,2022-02-06 22:00,41592.67,41602.5,0.0236,-0.0864,-0.85,9838.27,False,2022-02
2022-02-07,Mon,2022-02-07 21:00,2022-02-07 22:00,44154.9,44109.07,-0.1038,-0.2138,-2.1,9836.16,True,2022-02
2022-02-08,Tue,2022-02-08 21:00,2022-02-08 22:00,44292.7,44132.83,-0.3609,-0.4709,-4.63,9831.53,True,2022-02
2022-02-09,Wed,2022-02-09 21:00,2022-02-09 22:00,44775.0,44600.88,-0.3889,-0.4989,-4.9,9826.63,True,2022-02
2022-02-10,Thu,2022-02-10 21:00,2022-02-10 22:00,44145.63,43938.46,-0.4693,-0.5793,-5.69,9820.93,True,2022-02
2022-02-11,Fri,2022-02-11 21:00,2022-02-11 22:00,42340.77,42171.02,-0.4009,-0.5109,-5.02,9815.92,False,2022-02
2022-02-12,Sat,2022-02-12 21:00,2022-02-12 22:00,42635.92,42187.98,-1.0506,-1.1606,-11.39,9804.52,False,2022-02
2022-02-13,Sun,2022-02-13 21:00,2022-02-13 22:00,42414.77,42430.17,0.0363,-0.0737,-0.72,9803.8,False,2022-02
2022-02-14,Mon,2022-02-14 21:00,2022-02-14 22:00,42205.08,42675.72,1.1151,1.0051,9.85,9813.65,False,2022-02
2022-02-15,Tue,2022-02-15 21:00,2022-02-15 22:00,44161.49,44199.47,0.086,-0.024,-0.24,9813.42,True,2022-02
2022-02-16,Wed,2022-02-16 21:00,2022-02-16 22:00,44134.45,44034.1,-0.2274,-0.3374,-3.31,9810.11,True,2022-02
2022-02-17,Thu,2022-02-17 21:00,2022-02-17 22:00,40886.85,40718.08,-0.4128,-0.5228,-5.13,9804.98,False,2022-02
2022-02-18,Fri,2022-02-18 21:00,2022-02-18 22:00,39969.54,39979.22,0.0242,-0.0858,-0.84,9804.14,False,2022-02
2022-02-19,Sat,2022-02-19 21:00,2022-02-19 22:00,39923.06,40041.22,0.296,0.186,1.82,9805.96,False,2022-02
2022-02-20,Sun,2022-02-20 21:00,2022-02-20 22:00,38331.6,38838.61,1.3227,1.2127,11.89,9817.85,False,2022-02
2022-02-21,Mon,2022-02-21 21:00,2022-02-21 22:00,38240.08,37564.27,-1.7673,-1.8773,-18.43,9799.42,False,2022-02
2022-02-22,Tue,2022-02-22 21:00,2022-02-22 22:00,37931.49,37900.24,-0.0824,-0.1924,-1.89,9797.54,False,2022-02
2022-02-23,Wed,2022-02-23 21:00,2022-02-23 22:00,37662.6,37649.99,-0.0335,-0.1435,-1.41,9796.13,False,2022-02
2022-02-24,Thu,2022-02-24 21:00,2022-02-24 22:00,38414.18,37834.22,-1.5098,-1.6198,-15.87,9780.26,False,2022-02
2022-02-25,Fri,2022-02-25 21:00,2022-02-25 22:00,39135.49,39450.35,0.8045,0.6945,6.79,9787.06,False,2022-02
2022-02-26,Sat,2022-02-26 21:00,2022-02-26 22:00,39351.11,39125.19,-0.5741,-0.6841,-6.7,9780.36,False,2022-02
2022-02-27,Sun,2022-02-27 21:00,2022-02-27 22:00,37985.27,37790.61,-0.5125,-0.6225,-6.09,9774.27,False,2022-02
2022-02-28,Mon,2022-02-28 21:00,2022-02-28 22:00,41928.26,43221.56,3.0845,2.9745,29.07,9803.35,True,2022-02
2022-03-01,Tue,2022-03-01 21:00,2022-03-01 22:00,44122.49,44189.92,0.1528,0.0428,0.42,9803.77,True,2022-03
2022-03-02,Wed,2022-03-02 21:00,2022-03-02 22:00,43830.64,44088.15,0.5875,0.4775,4.68,9808.45,True,2022-03
2022-03-03,Thu,2022-03-03 21:00,2022-03-03 22:00,42002.13,42532.75,1.2633,1.1533,11.31,9819.76,True,2022-03
2022-03-04,Fri,2022-03-04 21:00,2022-03-04 22:00,42080.02,42464.41,0.9135,0.8035,7.89,9827.65,False,2022-03
2022-03-05,Sat,2022-03-05 21:00,2022-03-05 22:00,39519.6,39465.65,-0.1365,-0.2465,-2.42,9825.23,False,2022-03
2022-03-06,Sun,2022-03-06 21:00,2022-03-06 22:00,39473.31,38969.44,-1.2765,-1.3865,-13.62,9811.61,False,2022-03
2022-03-07,Mon,2022-03-07 21:00,2022-03-07 22:00,37585.69,38408.38,2.1888,2.0788,20.4,9832.0,False,2022-03
2022-03-08,Tue,2022-03-08 21:00,2022-03-08 22:00,38507.45,38600.01,0.2404,0.1304,1.28,9833.28,False,2022-03
2022-03-09,Wed,2022-03-09 21:00,2022-03-09 22:00,41846.89,41900.5,0.1281,0.0181,0.18,9833.46,True,2022-03
2022-03-10,Thu,2022-03-10 21:00,2022-03-10 22:00,39630.65,39462.21,-0.425,-0.535,-5.26,9828.2,False,2022-03
2022-03-11,Fri,2022-03-11 21:00,2022-03-11 22:00,38360.23,38899.04,1.4046,1.2946,12.72,9840.93,False,2022-03
2022-03-12,Sat,2022-03-12 21:00,2022-03-12 22:00,39142.92,39107.6,-0.0902,-0.2002,-1.97,9838.96,False,2022-03
2022-03-13,Sun,2022-03-13 21:00,2022-03-13 22:00,38685.12,37701.46,-2.5427,-2.6527,-26.1,9812.85,False,2022-03
2022-03-14,Mon,2022-03-14 21:00,2022-03-14 22:00,38716.64,39348.03,1.6308,1.5208,14.92,9827.78,False,2022-03
2022-03-15,Tue,2022-03-15 21:00,2022-03-15 22:00,39397.91,39495.02,0.2465,0.1365,1.34,9829.12,False,2022-03
2022-03-16,Wed,2022-03-16 21:00,2022-03-16 22:00,41284.81,40907.3,-0.9144,-1.0244,-10.07,9819.05,True,2022-03
2022-03-17,Thu,2022-03-17 21:00,2022-03-17 22:00,40721.44,41033.4,0.7661,0.6561,6.44,9825.49,True,2022-03
2022-03-18,Fri,2022-03-18 21:00,2022-03-18 22:00,41833.91,41729.89,-0.2486,-0.3586,-3.52,9821.97,True,2022-03
2022-03-19,Sat,2022-03-19 21:00,2022-03-19 22:00,42254.64,41972.53,-0.6676,-0.7776,-7.64,9814.33,True,2022-03
2022-03-20,Sun,2022-03-20 21:00,2022-03-20 22:00,41321.72,41412.64,0.22,0.11,1.08,9815.41,True,2022-03
2022-03-21,Mon,2022-03-21 21:00,2022-03-21 22:00,41145.7,41145.29,-0.001,-0.111,-1.09,9814.32,True,2022-03
2022-03-22,Tue,2022-03-22 21:00,2022-03-22 22:00,42619.88,42547.67,-0.1694,-0.2794,-2.74,9811.58,True,2022-03
2022-03-23,Wed,2022-03-23 21:00,2022-03-23 22:00,42366.95,42518.32,0.3573,0.2473,2.43,9814.01,True,2022-03
2022-03-24,Thu,2022-03-24 21:00,2022-03-24 22:00,43898.83,43984.04,0.1941,0.0841,0.83,9814.83,True,2022-03
2022-03-25,Fri,2022-03-25 21:00,2022-03-25 22:00,44610.03,44301.41,-0.6918,-0.8018,-7.87,9806.96,True,2022-03
2022-03-26,Sat,2022-03-26 21:00,2022-03-26 22:00,44593.97,44392.23,-0.4524,-0.5624,-5.52,9801.45,True,2022-03
2022-03-27,Sun,2022-03-27 21:00,2022-03-27 22:00,46086.33,46643.16,1.2082,1.0982,10.76,9812.21,True,2022-03
2022-03-28,Mon,2022-03-28 21:00,2022-03-28 22:00,47964.86,47532.38,-0.9017,-1.0117,-9.93,9802.28,True,2022-03
2022-03-29,Tue,2022-03-29 21:00,2022-03-29 22:00,47449.96,47337.48,-0.2371,-0.3471,-3.4,9798.88,True,2022-03
2022-03-30,Wed,2022-03-30 21:00,2022-03-30 22:00,47276.49,47096.07,-0.3816,-0.4916,-4.82,9794.06,True,2022-03
2022-03-31,Thu,2022-03-31 21:00,2022-03-31 22:00,45757.35,45817.09,0.1306,0.0206,0.2,9794.27,True,2022-03
2022-04-01,Fri,2022-04-01 21:00,2022-04-01 22:00,46161.13,46375.3,0.464,0.354,3.47,9797.73,True,2022-04
2022-04-02,Sat,2022-04-02 21:00,2022-04-02 22:00,46174.0,46144.78,-0.0633,-0.1733,-1.7,9796.03,True,2022-04
2022-04-03,Sun,2022-04-03 21:00,2022-04-03 22:00,46395.8,46720.08,0.6989,0.5889,5.77,9801.8,True,2022-04
2022-04-04,Mon,2022-04-04 21:00,2022-04-04 22:00,46307.61,46714.94,0.8796,0.7696,7.54,9809.35,True,2022-04
2022-04-05,Tue,2022-04-05 21:00,2022-04-05 22:00,45719.81,45855.36,0.2965,0.1865,1.83,9811.18,True,2022-04
2022-04-06,Wed,2022-04-06 21:00,2022-04-06 22:00,43886.11,43508.83,-0.8597,-0.9697,-9.51,9801.66,True,2022-04
2022-04-07,Thu,2022-04-07 21:00,2022-04-07 22:00,43579.65,43626.34,0.1071,-0.0029,-0.03,9801.63,True,2022-04
2022-04-08,Fri,2022-04-08 21:00,2022-04-08 22:00,42814.01,42316.97,-1.1609,-1.2709,-12.46,9789.18,False,2022-04
2022-04-09,Sat,2022-04-09 21:00,2022-04-09 22:00,42446.31,42557.05,0.2609,0.1509,1.48,9790.65,False,2022-04
2022-04-10,Sun,2022-04-10 21:00,2022-04-10 22:00,43118.18,42114.81,-2.327,-2.437,-23.86,9766.79,False,2022-04
2022-04-11,Mon,2022-04-11 21:00,2022-04-11 22:00,39849.83,39757.41,-0.2319,-0.3419,-3.34,9763.46,False,2022-04
2022-04-12,Tue,2022-04-12 21:00,2022-04-12 22:00,39521.13,39859.78,0.8569,0.7469,7.29,9770.75,False,2022-04
2022-04-13,Wed,2022-04-13 21:00,2022-04-13 22:00,41257.8,41241.98,-0.0383,-0.1483,-1.45,9769.3,False,2022-04
2022-04-14,Thu,2022-04-14 21:00,2022-04-14 22:00,39916.9,39828.08,-0.2225,-0.3325,-3.25,9766.05,False,2022-04
2022-04-15,Fri,2022-04-15 21:00,2022-04-15 22:00,40402.42,40472.8,0.1742,0.0642,0.63,9766.68,False,2022-04
2022-04-16,Sat,2022-04-16 21:00,2022-04-16 22:00,40310.1,40429.05,0.2951,0.1851,1.81,9768.48,False,2022-04
2022-04-17,Sun,2022-04-17 21:00,2022-04-17 22:00,40270.34,40005.85,-0.6568,-0.7668,-7.49,9760.99,False,2022-04
2022-04-18,Mon,2022-04-18 21:00,2022-04-18 22:00,40670.4,40927.85,0.633,0.523,5.11,9766.1,False,2022-04
2022-04-19,Tue,2022-04-19 21:00,2022-04-19 22:00,41293.86,41408.0,0.2764,0.1664,1.63,9767.72,False,2022-04
2022-04-20,Wed,2022-04-20 21:00,2022-04-20 22:00,41431.57,41500.44,0.1662,0.0562,0.55,9768.27,False,2022-04
2022-04-21,Thu,2022-04-21 21:00,2022-04-21 22:00,40618.58,40411.54,-0.5097,-0.6197,-6.05,9762.22,False,2022-04
2022-04-22,Fri,2022-04-22 21:00,2022-04-22 22:00,39624.68,39723.75,0.25,0.14,1.37,9763.59,False,2022-04
2022-04-23,Sat,2022-04-23 21:00,2022-04-23 22:00,39798.67,39822.18,0.0591,-0.0509,-0.5,9763.09,False,2022-04
2022-04-24,Sun,2022-04-24 21:00,2022-04-24 22:00,39517.0,39575.54,0.1481,0.0381,0.37,9763.46,False,2022-04
2022-04-25,Mon,2022-04-25 21:00,2022-04-25 22:00,40168.57,40372.85,0.5086,0.3986,3.89,9767.35,False,2022-04
2022-04-26,Tue,2022-04-26 21:00,2022-04-26 22:00,38120.96,38257.76,0.3589,0.2489,2.43,9769.78,False,2022-04
2022-04-27,Wed,2022-04-27 21:00,2022-04-27 22:00,39100.73,39077.38,-0.0597,-0.1697,-1.66,9768.13,False,2022-04
2022-04-28,Thu,2022-04-28 21:00,2022-04-28 22:00,39904.0,39787.45,-0.2921,-0.4021,-3.93,9764.2,False,2022-04
2022-04-29,Fri,2022-04-29 21:00,2022-04-29 22:00,38551.03,38608.33,0.1486,0.0386,0.38,9764.58,False,2022-04
2022-04-30,Sat,2022-04-30 21:00,2022-04-30 22:00,38317.29,38246.88,-0.1838,-0.2938,-2.87,9761.71,False,2022-04
2022-05-01,Sun,2022-05-01 21:00,2022-05-01 22:00,38321.42,38341.32,0.0519,-0.0581,-0.57,9761.14,False,2022-05
2022-05-02,Mon,2022-05-02 21:00,2022-05-02 22:00,38311.94,38567.96,0.6682,0.5582,5.45,9766.59,False,2022-05
2022-05-03,Tue,2022-05-03 21:00,2022-05-03 22:00,37625.07,37739.46,0.304,0.194,1.89,9768.48,False,2022-05
2022-05-04,Wed,2022-05-04 21:00,2022-05-04 22:00,39773.22,39674.41,-0.2484,-0.3584,-3.5,9764.98,False,2022-05
2022-05-05,Thu,2022-05-05 21:00,2022-05-05 22:00,36405.78,36214.35,-0.5258,-0.6358,-6.21,9758.77,False,2022-05
2022-05-06,Fri,2022-05-06 21:00,2022-05-06 22:00,36059.83,36027.31,-0.0902,-0.2002,-1.95,9756.82,False,2022-05
2022-05-07,Sat,2022-05-07 21:00,2022-05-07 22:00,35747.12,35011.88,-2.0568,-2.1668,-21.14,9735.68,False,2022-05
2022-05-08,Sun,2022-05-08 21:00,2022-05-08 22:00,34230.62,34274.02,0.1268,0.0168,0.16,9735.84,False,2022-05
2022-05-09,Mon,2022-05-09 21:00,2022-05-09 22:00,31108.7,31084.81,-0.0768,-0.1868,-1.82,9734.02,False,2022-05
2022-05-10,Tue,2022-05-10 21:00,2022-05-10 22:00,30932.59,30772.74,-0.5168,-0.6268,-6.1,9727.92,False,2022-05
2022-05-11,Wed,2022-05-11 21:00,2022-05-11 22:00,28312.85,28800.74,1.7232,1.6132,15.69,9743.62,False,2022-05
2022-05-12,Thu,2022-05-12 21:00,2022-05-12 22:00,28555.11,28693.71,0.4854,0.3754,3.66,9747.27,False,2022-05
2022-05-13,Fri,2022-05-13 21:00,2022-05-13 22:00,29750.01,29763.62,0.0457,-0.0643,-0.63,9746.65,False,2022-05
2022-05-14,Sat,2022-05-14 21:00,2022-05-14 22:00,29340.92,30220.01,2.9961,2.8861,28.13,9774.78,False,2022-05
2022-05-15,Sun,2022-05-15 21:00,2022-05-15 22:00,31025.07,31051.22,0.0843,-0.0257,-0.25,9774.53,False,2022-05
2022-05-16,Mon,2022-05-16 21:00,2022-05-16 22:00,29883.93,29977.15,0.3119,0.2019,1.97,9776.5,False,2022-05
2022-05-17,Tue,2022-05-17 21:00,2022-05-17 22:00,30066.69,30318.83,0.8386,0.7286,7.12,9783.62,False,2022-05
2022-05-18,Wed,2022-05-18 21:00,2022-05-18 22:00,29196.37,28949.37,-0.846,-0.956,-9.35,9774.27,False,2022-05
2022-05-19,Thu,2022-05-19 21:00,2022-05-19 22:00,30204.26,30133.91,-0.2329,-0.3429,-3.35,9770.92,False,2022-05
2022-05-20,Fri,2022-05-20 21:00,2022-05-20 22:00,29097.03,29117.83,0.0715,-0.0385,-0.38,9770.54,False,2022-05
2022-05-21,Sat,2022-05-21 21:00,2022-05-21 22:00,29383.58,29368.94,-0.0498,-0.1598,-1.56,9768.98,False,2022-05
2022-05-22,Sun,2022-05-22 21:00,2022-05-22 22:00,29905.84,30244.76,1.1333,1.0233,10.0,9778.98,False,2022-05
2022-05-23,Mon,2022-05-23 21:00,2022-05-23 22:00,29313.3,29185.01,-0.4377,-0.5477,-5.36,9773.62,False,2022-05
2022-05-24,Tue,2022-05-24 21:00,2022-05-24 22:00,29423.83,29571.19,0.5008,0.3908,3.82,9777.44,False,2022-05
2022-05-25,Wed,2022-05-25 21:00,2022-05-25 22:00,29767.22,29745.24,-0.0738,-0.1838,-1.8,9775.64,False,2022-05
2022-05-26,Thu,2022-05-26 21:00,2022-05-26 22:00,29445.73,29470.66,0.0847,-0.0253,-0.25,9775.4,False,2022-05
2022-05-27,Fri,2022-05-27 21:00,2022-05-27 22:00,28715.67,28787.55,0.2503,0.1403,1.37,9776.77,False,2022-05
2022-05-28,Sat,2022-05-28 21:00,2022-05-28 22:00,28995.74,28982.04,-0.0473,-0.1573,-1.54,9775.23,False,2022-05
2022-05-29,Sun,2022-05-29 21:00,2022-05-29 22:00,29163.32,29405.98,0.8321,0.7221,7.06,9782.29,False,2022-05
2022-05-30,Mon,2022-05-30 21:00,2022-05-30 22:00,31264.34,31726.51,1.4783,1.3683,13.38,9795.67,False,2022-05
2022-05-31,Tue,2022-05-31 21:00,2022-05-31 22:00,31762.84,31853.08,0.2841,0.1741,1.71,9797.38,False,2022-05
2022-06-01,Wed,2022-06-01 21:00,2022-06-01 22:00,29625.19,29736.11,0.3744,0.2644,2.59,9799.97,False,2022-06
2022-06-02,Thu,2022-06-02 21:00,2022-06-02 22:00,30217.52,30463.21,0.8131,0.7031,6.89,9806.86,False,2022-06
2022-06-03,Fri,2022-06-03 21:00,2022-06-03 22:00,29639.05,29701.87,0.2119,0.1019,1.0,9807.86,False,2022-06
2022-06-04,Sat,2022-06-04 21:00,2022-06-04 22:00,29741.39,29769.99,0.0962,-0.0138,-0.14,9807.72,False,2022-06
2022-06-05,Sun,2022-06-05 21:00,2022-06-05 22:00,29925.68,29984.55,0.1967,0.0867,0.85,9808.57,False,2022-06
2022-06-06,Mon,2022-06-06 21:00,2022-06-06 22:00,31435.67,31387.29,-0.1539,-0.2639,-2.59,9805.99,False,2022-06
2022-06-07,Tue,2022-06-07 21:00,2022-06-07 22:00,31325.5,31166.91,-0.5063,-0.6163,-6.04,9799.94,False,2022-06
2022-06-08,Wed,2022-06-08 21:00,2022-06-08 22:00,30187.92,30280.25,0.3059,0.1959,1.92,9801.86,False,2022-06
2022-06-09,Thu,2022-06-09 21:00,2022-06-09 22:00,30145.57,30030.76,-0.3809,-0.4909,-4.81,9797.05,False,2022-06
2022-06-10,Fri,2022-06-10 21:00,2022-06-10 22:00,29181.49,29150.99,-0.1045,-0.2145,-2.1,9794.95,False,2022-06
2022-06-11,Sat,2022-06-11 21:00,2022-06-11 22:00,28380.36,28610.26,0.8101,0.7001,6.86,9801.81,False,2022-06
2022-06-12,Sun,2022-06-12 21:00,2022-06-12 22:00,27351.83,26991.05,-1.319,-1.429,-14.01,9787.8,False,2022-06
2022-06-13,Mon,2022-06-13 21:00,2022-06-13 22:00,23198.4,22577.29,-2.6774,-2.7874,-27.28,9760.52,False,2022-06
2022-06-14,Tue,2022-06-14 21:00,2022-06-14 22:00,21971.46,21577.66,-1.7923,-1.9023,-18.57,9741.95,False,2022-06
2022-06-15,Wed,2022-06-15 21:00,2022-06-15 22:00,21652.51,22471.93,3.7844,3.6744,35.8,9777.75,False,2022-06
2022-06-16,Thu,2022-06-16 21:00,2022-06-16 22:00,20657.8,20352.5,-1.4779,-1.5879,-15.53,9762.22,False,2022-06
2022-06-17,Fri,2022-06-17 21:00,2022-06-17 22:00,20621.07,20422.47,-0.9631,-1.0731,-10.48,9751.74,False,2022-06
2022-06-18,Sat,2022-06-18 21:00,2022-06-18 22:00,17777.0,19142.71,7.6825,7.5725,73.84,9825.59,False,2022-06
2022-06-19,Sun,2022-06-19 21:00,2022-06-19 22:00,20581.37,20667.49,0.4184,0.3084,3.03,9828.62,False,2022-06
2022-06-20,Mon,2022-06-20 21:00,2022-06-20 22:00,20428.82,20477.47,0.2381,0.1281,1.26,9829.88,False,2022-06
2022-06-21,Tue,2022-06-21 21:00,2022-06-21 22:00,20839.1,20890.38,0.2461,0.1361,1.34,9831.22,False,2022-06
2022-06-22,Wed,2022-06-22 21:00,2022-06-22 22:00,19866.72,20104.47,1.1967,1.0867,10.68,9841.9,False,2022-06
2022-06-23,Thu,2022-06-23 21:00,2022-06-23 22:00,20798.25,20968.57,0.8189,0.7089,6.98,9848.88,False,2022-06
2022-06-24,Fri,2022-06-24 21:00,2022-06-24 22:00,21141.33,21326.62,0.8764,0.7664,7.55,9856.43,False,2022-06
2022-06-25,Sat,2022-06-25 21:00,2022-06-25 22:00,21213.11,21423.13,0.9901,0.8801,8.67,9865.1,False,2022-06
2022-06-26,Sun,2022-06-26 21:00,2022-06-26 22:00,21386.65,21135.17,-1.1759,-1.2859,-12.69,9852.41,False,2022-06
2022-06-27,Mon,2022-06-27 21:00,2022-06-27 22:00,20897.76,20807.27,-0.433,-0.543,-5.35,9847.06,False,2022-06
2022-06-28,Tue,2022-06-28 21:00,2022-06-28 22:00,20246.39,20284.44,0.1879,0.0779,0.77,9847.83,False,2022-06
2022-06-29,Wed,2022-06-29 21:00,2022-06-29 22:00,20184.0,20203.01,0.0942,-0.0158,-0.16,9847.68,False,2022-06
2022-06-30,Thu,2022-06-30 21:00,2022-06-30 22:00,18722.62,18863.26,0.7512,0.6412,6.31,9853.99,False,2022-06
2022-07-01,Fri,2022-07-01 21:00,2022-07-01 22:00,19409.21,19269.81,-0.7182,-0.8282,-8.16,9845.83,False,2022-07
2022-07-02,Sat,2022-07-02 21:00,2022-07-02 22:00,19238.49,19301.49,0.3275,0.2175,2.14,9847.97,False,2022-07
2022-07-03,Sun,2022-07-03 21:00,2022-07-03 22:00,19425.95,19276.02,-0.7718,-0.8818,-8.68,9839.29,False,2022-07
2022-07-04,Mon,2022-07-04 21:00,2022-07-04 22:00,19752.27,20130.67,1.9157,1.8057,17.77,9857.05,False,2022-07
2022-07-05,Tue,2022-07-05 21:00,2022-07-05 22:00,20451.08,20388.48,-0.3061,-0.4161,-4.1,9852.95,False,2022-07
2022-07-06,Wed,2022-07-06 21:00,2022-07-06 22:00,20385.81,20508.62,0.6024,0.4924,4.85,9857.8,False,2022-07
2022-07-07,Thu,2022-07-07 21:00,2022-07-07 22:00,21612.31,21615.89,0.0166,-0.0934,-0.92,9856.88,False,2022-07
2022-07-08,Fri,2022-07-08 21:00,2022-07-08 22:00,21844.74,21769.4,-0.3449,-0.4549,-4.48,9852.4,False,2022-07
2022-07-09,Sat,2022-07-09 21:00,2022-07-09 22:00,21684.04,21621.75,-0.2873,-0.3973,-3.91,9848.48,False,2022-07
2022-07-10,Sun,2022-07-10 21:00,2022-07-10 22:00,20957.95,20826.06,-0.6293,-0.7393,-7.28,9841.2,False,2022-07
2022-07-11,Mon,2022-07-11 21:00,2022-07-11 22:00,20398.94,19999.46,-1.9583,-2.0683,-20.35,9820.85,False,2022-07
2022-07-12,Tue,2022-07-12 21:00,2022-07-12 22:00,19440.17,19342.99,-0.4999,-0.6099,-5.99,9814.86,False,2022-07
2022-07-13,Wed,2022-07-13 21:00,2022-07-13 22:00,19659.72,19828.73,0.8597,0.7497,7.36,9822.22,False,2022-07
2022-07-14,Thu,2022-07-14 21:00,2022-07-14 22:00,20660.16,20490.88,-0.8194,-0.9294,-9.13,9813.09,False,2022-07
2022-07-15,Fri,2022-07-15 21:00,2022-07-15 22:00,20933.62,20888.93,-0.2135,-0.3235,-3.17,9809.91,False,2022-07
2022-07-16,Sat,2022-07-16 21:00,2022-07-16 22:00,21182.87,21293.92,0.5242,0.4142,4.06,9813.98,False,2022-07
2022-07-17,Sun,2022-07-17 21:00,2022-07-17 22:00,20930.98,21008.3,0.3694,0.2594,2.55,9816.52,False,2022-07
2022-07-18,Mon,2022-07-18 21:00,2022-07-18 22:00,21489.06,21787.68,1.3896,1.2796,12.56,9829.09,False,2022-07
2022-07-19,Tue,2022-07-19 21:00,2022-07-19 22:00,23323.66,23481.23,0.6756,0.5656,5.56,9834.64,False,2022-07
2022-07-20,Wed,2022-07-20 21:00,2022-07-20 22:00,23248.89,23310.58,0.2653,0.1553,1.53,9836.17,False,2022-07
2022-07-21,Thu,2022-07-21 21:00,2022-07-21 22:00,23125.2,23037.04,-0.3812,-0.4912,-4.83,9831.34,False,2022-07
2022-07-22,Fri,2022-07-22 21:00,2022-07-22 22:00,22606.69,22719.36,0.4984,0.3884,3.82,9835.16,False,2022-07
2022-07-23,Sat,2022-07-23 21:00,2022-07-23 22:00,22314.59,22485.17,0.7644,0.6544,6.44,9841.6,False,2022-07
2022-07-24,Sun,2022-07-24 21:00,2022-07-24 22:00,22733.55,22684.83,-0.2143,-0.3243,-3.19,9838.4,False,2022-07
2022-07-25,Mon,2022-07-25 21:00,2022-07-25 22:00,22166.61,21681.23,-2.1897,-2.2997,-22.63,9815.78,False,2022-07
2022-07-26,Tue,2022-07-26 21:00,2022-07-26 22:00,20984.31,21115.64,0.6258,0.5158,5.06,9820.84,False,2022-07
2022-07-27,Wed,2022-07-27 21:00,2022-07-27 22:00,22793.76,22876.32,0.3622,0.2522,2.48,9823.32,False,2022-07
2022-07-28,Thu,2022-07-28 21:00,2022-07-28 22:00,24021.5,23966.28,-0.2299,-0.3399,-3.34,9819.98,True,2022-07
2022-07-29,Fri,2022-07-29 21:00,2022-07-29 22:00,23945.0,23963.31,0.0765,-0.0335,-0.33,9819.65,True,2022-07
2022-07-30,Sat,2022-07-30 21:00,2022-07-30 22:00,23986.48,23712.33,-1.1429,-1.2529,-12.3,9807.35,True,2022-07
2022-07-31,Sun,2022-07-31 21:00,2022-07-31 22:00,23810.96,23376.59,-1.8242,-1.9342,-18.97,9788.38,True,2022-07
2022-08-01,Mon,2022-08-01 21:00,2022-08-01 22:00,23037.32,23181.6,0.6263,0.5163,5.05,9793.43,True,2022-08
2022-08-02,Tue,2022-08-02 21:00,2022-08-02 22:00,23030.58,23105.19,0.324,0.214,2.1,9795.53,False,2022-08
2022-08-03,Wed,2022-08-03 21:00,2022-08-03 22:00,23328.29,22944.8,-1.6439,-1.7539,-17.18,9778.35,False,2022-08
2022-08-04,Thu,2022-08-04 21:00,2022-08-04 22:00,22499.02,22636.58,0.6114,0.5014,4.9,9783.25,False,2022-08
2022-08-05,Fri,2022-08-05 21:00,2022-08-05 22:00,22976.97,23248.15,1.1802,1.0702,10.47,9793.72,True,2022-08
2022-08-06,Sat,2022-08-06 21:00,2022-08-06 22:00,23171.96,23175.46,0.0151,-0.0949,-0.93,9792.79,False,2022-08
2022-08-07,Sun,2022-08-07 21:00,2022-08-07 22:00,23268.24,23247.49,-0.0892,-0.1992,-1.95,9790.84,True,2022-08
2022-08-08,Mon,2022-08-08 21:00,2022-08-08 22:00,24072.25,23823.5,-1.0333,-1.1433,-11.19,9779.65,True,2022-08
2022-08-09,Tue,2022-08-09 21:00,2022-08-09 22:00,23143.65,23178.61,0.1511,0.0411,0.4,9780.05,False,2022-08
2022-08-10,Wed,2022-08-10 21:00,2022-08-10 22:00,23896.37,23847.53,-0.2044,-0.3144,-3.07,9776.97,True,2022-08
2022-08-11,Thu,2022-08-11 21:00,2022-08-11 22:00,24215.89,23914.33,-1.2453,-1.3553,-13.25,9763.72,True,2022-08
2022-08-12,Fri,2022-08-12 21:00,2022-08-12 22:00,24231.49,24239.3,0.0322,-0.0778,-0.76,9762.96,True,2022-08
2022-08-13,Sat,2022-08-13 21:00,2022-08-13 22:00,24503.95,24397.59,-0.434,-0.544,-5.31,9757.65,True,2022-08
2022-08-14,Sun,2022-08-14 21:00,2022-08-14 22:00,24326.16,24258.71,-0.2773,-0.3873,-3.78,9753.87,True,2022-08
2022-08-15,Mon,2022-08-15 21:00,2022-08-15 22:00,24083.35,24020.33,-0.2617,-0.3717,-3.63,9750.25,True,2022-08
2022-08-16,Tue,2022-08-16 21:00,2022-08-16 22:00,23977.56,23849.69,-0.5333,-0.6433,-6.27,9743.97,True,2022-08
2022-08-17,Wed,2022-08-17 21:00,2022-08-17 22:00,23406.05,23346.92,-0.2526,-0.3626,-3.53,9740.44,False,2022-08
2022-08-18,Thu,2022-08-18 21:00,2022-08-18 22:00,23413.9,23347.21,-0.2848,-0.3948,-3.85,9736.6,False,2022-08
2022-08-19,Fri,2022-08-19 21:00,2022-08-19 22:00,21268.67,20964.34,-1.4309,-1.5409,-15.0,9721.59,False,2022-08
2022-08-20,Sat,2022-08-20 21:00,2022-08-20 22:00,20819.32,21128.32,1.4842,1.3742,13.36,9734.95,False,2022-08
2022-08-21,Sun,2022-08-21 21:00,2022-08-21 22:00,21524.44,21568.34,0.204,0.094,0.91,9735.87,False,2022-08
2022-08-22,Mon,2022-08-22 21:00,2022-08-22 22:00,21127.17,21169.96,0.2025,0.0925,0.9,9736.77,False,2022-08
2022-08-23,Tue,2022-08-23 21:00,2022-08-23 22:00,21479.75,21477.62,-0.0099,-0.1199,-1.17,9735.6,False,2022-08
2022-08-24,Wed,2022-08-24 21:00,2022-08-24 22:00,21692.82,21488.34,-0.9426,-1.0526,-10.25,9725.35,False,2022-08
2022-08-25,Thu,2022-08-25 21:00,2022-08-25 22:00,21642.03,21586.48,-0.2567,-0.3667,-3.57,9721.79,False,2022-08
2022-08-26,Fri,2022-08-26 21:00,2022-08-26 22:00,20656.79,20622.83,-0.1644,-0.2744,-2.67,9719.12,False,2022-08
2022-08-27,Sat,2022-08-27 21:00,2022-08-27 22:00,20011.29,20029.19,0.0895,-0.0205,-0.2,9718.92,False,2022-08
2022-08-28,Sun,2022-08-28 21:00,2022-08-28 22:00,19991.51,19919.45,-0.3605,-0.4705,-4.57,9714.35,False,2022-08
2022-08-29,Mon,2022-08-29 21:00,2022-08-29 22:00,20176.99,20193.69,0.0828,-0.0272,-0.26,9714.08,False,2022-08
2022-08-30,Tue,2022-08-30 21:00,2022-08-30 22:00,19974.96,19909.11,-0.3297,-0.4397,-4.27,9709.81,False,2022-08
2022-08-31,Wed,2022-08-31 21:00,2022-08-31 22:00,20210.98,20147.01,-0.3165,-0.4265,-4.14,9705.67,False,2022-08
2022-09-01,Thu,2022-09-01 21:00,2022-09-01 22:00,20080.1,20078.94,-0.0058,-0.1158,-1.12,9704.55,False,2022-09
2022-09-02,Fri,2022-09-02 21:00,2022-09-02 22:00,19969.13,19990.84,0.1087,-0.0013,-0.01,9704.53,False,2022-09
2022-09-03,Sat,2022-09-03 21:00,2022-09-03 22:00,19739.98,19799.69,0.3025,0.1925,1.87,9706.4,False,2022-09
2022-09-04,Sun,2022-09-04 21:00,2022-09-04 22:00,19908.13,19836.47,-0.36,-0.47,-4.56,9701.84,False,2022-09
2022-09-05,Mon,2022-09-05 21:00,2022-09-05 22:00,19745.69,19800.01,0.2751,0.1651,1.6,9703.44,False,2022-09
2022-09-06,Tue,2022-09-06 21:00,2022-09-06 22:00,18962.92,18916.33,-0.2457,-0.3557,-3.45,9699.99,False,2022-09
2022-09-07,Wed,2022-09-07 21:00,2022-09-07 22:00,19382.01,19338.99,-0.222,-0.332,-3.22,9696.77,False,2022-09
2022-09-08,Thu,2022-09-08 21:00,2022-09-08 22:00,19384.19,19307.1,-0.3977,-0.5077,-4.92,9691.85,False,2022-09
2022-09-09,Fri,2022-09-09 21:00,2022-09-09 22:00,21303.6,21366.66,0.296,0.186,1.8,9693.65,False,2022-09
2022-09-10,Sat,2022-09-10 21:00,2022-09-10 22:00,21422.85,21778.87,1.6619,1.5519,15.04,9708.69,True,2022-09
2022-09-11,Sun,2022-09-11 21:00,2022-09-11 22:00,21646.39,21647.76,0.0063,-0.1037,-1.01,9707.69,True,2022-09
2022-09-12,Mon,2022-09-12 21:00,2022-09-12 22:00,22411.15,22315.77,-0.4256,-0.5356,-5.2,9702.49,True,2022-09
2022-09-13,Tue,2022-09-13 21:00,2022-09-13 22:00,20233.61,20230.04,-0.0176,-0.1276,-1.24,9701.25,False,2022-09
2022-09-14,Wed,2022-09-14 21:00,2022-09-14 22:00,19947.37,20295.8,1.7468,1.6368,15.88,9717.13,False,2022-09
2022-09-15,Thu,2022-09-15 21:00,2022-09-15 22:00,19849.15,19736.13,-0.5694,-0.6794,-6.6,9710.53,False,2022-09
2022-09-16,Fri,2022-09-16 21:00,2022-09-16 22:00,19735.05,19734.76,-0.0015,-0.1115,-1.08,9709.44,False,2022-09
2022-09-17,Sat,2022-09-17 21:00,2022-09-17 22:00,20080.06,20122.13,0.2095,0.0995,0.97,9710.41,False,2022-09
2022-09-18,Sun,2022-09-18 21:00,2022-09-18 22:00,19725.03,19450.25,-1.393,-1.503,-14.6,9695.81,False,2022-09
2022-09-19,Mon,2022-09-19 21:00,2022-09-19 22:00,19524.14,19624.12,0.5121,0.4021,3.9,9699.71,False,2022-09
2022-09-20,Tue,2022-09-20 21:00,2022-09-20 22:00,18973.44,18967.35,-0.0321,-0.1421,-1.38,9698.33,False,2022-09
2022-09-21,Wed,2022-09-21 21:00,2022-09-21 22:00,18927.75,18480.65,-2.3621,-2.4721,-23.98,9674.36,False,2022-09
2022-09-22,Thu,2022-09-22 21:00,2022-09-22 22:00,19243.55,19385.83,0.7394,0.6294,6.09,9680.45,False,2022-09
2022-09-23,Fri,2022-09-23 21:00,2022-09-23 22:00,18851.98,19335.54,2.565,2.455,23.77,9704.21,False,2022-09
2022-09-24,Sat,2022-09-24 21:00,2022-09-24 22:00,19148.02,18886.92,-1.3636,-1.4736,-14.3,9689.91,False,2022-09
2022-09-25,Sun,2022-09-25 21:00,2022-09-25 22:00,18905.77,18783.19,-0.6484,-0.7584,-7.35,9682.56,False,2022-09
2022-09-26,Mon,2022-09-26 21:00,2022-09-26 22:00,19114.72,19138.26,0.1231,0.0131,0.13,9682.69,False,2022-09
2022-09-27,Tue,2022-09-27 21:00,2022-09-27 22:00,19073.2,19077.95,0.0249,-0.0851,-0.82,9681.87,False,2022-09
2022-09-28,Wed,2022-09-28 21:00,2022-09-28 22:00,19568.65,19487.4,-0.4152,-0.5252,-5.08,9676.78,False,2022-09
2022-09-29,Thu,2022-09-29 21:00,2022-09-29 22:00,19508.38,19452.96,-0.2841,-0.3941,-3.81,9672.97,False,2022-09
2022-09-30,Fri,2022-09-30 21:00,2022-09-30 22:00,19423.37,19387.31,-0.1856,-0.2956,-2.86,9670.11,False,2022-09
2022-10-01,Sat,2022-10-01 21:00,2022-10-01 22:00,19253.11,19330.05,0.3996,0.2896,2.8,9672.91,False,2022-10
2022-10-02,Sun,2022-10-02 21:00,2022-10-02 22:00,19233.77,19183.61,-0.2608,-0.3708,-3.59,9669.32,False,2022-10
2022-10-03,Mon,2022-10-03 21:00,2022-10-03 22:00,19596.76,19523.97,-0.3714,-0.4814,-4.66,9664.67,False,2022-10
2022-10-04,Tue,2022-10-04 21:00,2022-10-04 22:00,20352.53,20303.97,-0.2386,-0.3486,-3.37,9661.3,True,2022-10
2022-10-05,Wed,2022-10-05 21:00,2022-10-05 22:00,19988.37,20192.15,1.0195,0.9095,8.79,9670.09,False,2022-10
2022-10-06,Thu,2022-10-06 21:00,2022-10-06 22:00,20050.43,19895.42,-0.7731,-0.8831,-8.54,9661.55,False,2022-10
2022-10-07,Fri,2022-10-07 21:00,2022-10-07 22:00,19548.52,19553.52,0.0256,-0.0844,-0.82,9660.73,False,2022-10
2022-10-08,Sat,2022-10-08 21:00,2022-10-08 22:00,19458.99,19358.99,-0.5139,-0.6239,-6.03,9654.7,False,2022-10
2022-10-09,Sun,2022-10-09 21:00,2022-10-09 22:00,19487.57,19399.69,-0.451,-0.561,-5.42,9649.29,False,2022-10
2022-10-10,Mon,2022-10-10 21:00,2022-10-10 22:00,19240.25,19132.98,-0.5575,-0.6675,-6.44,9642.85,False,2022-10
2022-10-11,Tue,2022-10-11 21:00,2022-10-11 22:00,19017.62,19040.05,0.118,0.008,0.08,9642.92,False,2022-10
2022-10-12,Wed,2022-10-12 21:00,2022-10-12 22:00,19167.89,19163.14,-0.0248,-0.1348,-1.3,9641.62,False,2022-10
2022-10-13,Thu,2022-10-13 21:00,2022-10-13 22:00,19379.36,19439.89,0.3123,0.2023,1.95,9643.57,False,2022-10
2022-10-14,Fri,2022-10-14 21:00,2022-10-14 22:00,19174.3,19160.85,-0.0702,-0.1802,-1.74,9641.84,False,2022-10
2022-10-15,Sat,2022-10-15 21:00,2022-10-15 22:00,19100.02,19056.79,-0.2263,-0.3363,-3.24,9638.59,False,2022-10
2022-10-16,Sun,2022-10-16 21:00,2022-10-16 22:00,19336.23,19296.83,-0.2038,-0.3138,-3.02,9635.57,False,2022-10
2022-10-17,Mon,2022-10-17 21:00,2022-10-17 22:00,19532.29,19529.02,-0.0167,-0.1267,-1.22,9634.35,False,2022-10
2022-10-18,Tue,2022-10-18 21:00,2022-10-18 22:00,19367.31,19318.76,-0.2507,-0.3607,-3.47,9630.87,False,2022-10
2022-10-19,Wed,2022-10-19 21:00,2022-10-19 22:00,19196.1,19144.56,-0.2685,-0.3785,-3.65,9627.23,False,2022-10
2022-10-20,Thu,2022-10-20 21:00,2022-10-20 22:00,19024.88,19030.78,0.031,-0.079,-0.76,9626.47,False,2022-10
2022-10-21,Fri,2022-10-21 21:00,2022-10-21 22:00,19182.57,19191.19,0.0449,-0.0651,-0.63,9625.84,False,2022-10
2022-10-22,Sat,2022-10-22 21:00,2022-10-22 22:00,19219.42,19199.36,-0.1044,-0.2144,-2.06,9623.78,False,2022-10
2022-10-23,Sun,2022-10-23 21:00,2022-10-23 22:00,19493.62,19580.0,0.4431,0.3331,3.21,9626.98,False,2022-10
2022-10-24,Mon,2022-10-24 21:00,2022-10-24 22:00,19383.51,19357.03,-0.1366,-0.2466,-2.37,9624.61,False,2022-10
2022-10-25,Tue,2022-10-25 21:00,2022-10-25 22:00,20194.17,20069.69,-0.6164,-0.7264,-6.99,9617.62,True,2022-10
2022-10-26,Wed,2022-10-26 21:00,2022-10-26 22:00,20761.07,20812.64,0.2484,0.1384,1.33,9618.95,True,2022-10
2022-10-27,Thu,2022-10-27 21:00,2022-10-27 22:00,20409.69,20269.06,-0.689,-0.799,-7.69,9611.26,True,2022-10
2022-10-28,Fri,2022-10-28 21:00,2022-10-28 22:00,20644.7,20619.57,-0.1217,-0.2317,-2.23,9609.04,True,2022-10
2022-10-29,Sat,2022-10-29 21:00,2022-10-29 22:00,20855.8,20768.65,-0.4179,-0.5279,-5.07,9603.96,True,2022-10
2022-10-30,Sun,2022-10-30 21:00,2022-10-30 22:00,20689.96,20591.02,-0.4782,-0.5882,-5.65,9598.32,True,2022-10
2022-10-31,Mon,2022-10-31 21:00,2022-10-31 22:00,20401.55,20477.15,0.3706,0.2606,2.5,9600.82,True,2022-10
2022-11-01,Tue,2022-11-01 21:00,2022-11-01 22:00,20479.08,20474.31,-0.0233,-0.1333,-1.28,9599.54,True,2022-11
2022-11-02,Wed,2022-11-02 21:00,2022-11-02 22:00,20174.73,20102.24,-0.3593,-0.4693,-4.51,9595.03,True,2022-11
2022-11-03,Thu,2022-11-03 21:00,2022-11-03 22:00,20232.45,20186.67,-0.2263,-0.3363,-3.23,9591.8,True,2022-11
2022-11-04,Fri,2022-11-04 21:00,2022-11-04 22:00,21145.28,21176.13,0.1459,0.0359,0.34,9592.15,True,2022-11
2022-11-05,Sat,2022-11-05 21:00,2022-11-05 22:00,21357.13,21309.7,-0.2221,-0.3321,-3.19,9588.96,True,2022-11
2022-11-06,Sun,2022-11-06 21:00,2022-11-06 22:00,21206.5,21138.95,-0.3185,-0.4285,-4.11,9584.85,True,2022-11
2022-11-07,Mon,2022-11-07 21:00,2022-11-07 22:00,20802.85,20464.9,-1.6245,-1.7345,-16.63,9568.23,True,2022-11
2022-11-08,Tue,2022-11-08 21:00,2022-11-08 22:00,18162.57,18465.96,1.6704,1.5604,14.93,9583.16,False,2022-11
2022-11-09,Wed,2022-11-09 21:00,2022-11-09 22:00,16209.2,15851.37,-2.2076,-2.3176,-22.21,9560.95,False,2022-11
2022-11-10,Thu,2022-11-10 21:00,2022-11-10 22:00,18098.28,17785.12,-1.7303,-1.8403,-17.6,9543.35,False,2022-11
2022-11-11,Fri,2022-11-11 21:00,2022-11-11 22:00,16617.32,16886.27,1.6185,1.5085,14.4,9557.75,False,2022-11
2022-11-12,Sat,2022-11-12 21:00,2022-11-12 22:00,16804.22,16805.7,0.0088,-0.1012,-0.97,9556.78,False,2022-11
2022-11-13,Sun,2022-11-13 21:00,2022-11-13 22:00,16457.28,16401.53,-0.3388,-0.4488,-4.29,9552.49,False,2022-11
2022-11-14,Mon,2022-11-14 21:00,2022-11-14 22:00,16255.66,16393.64,0.8488,0.7388,7.06,9559.55,False,2022-11
2022-11-15,Tue,2022-11-15 21:00,2022-11-15 22:00,16817.82,16865.6,0.2841,0.1741,1.66,9561.22,False,2022-11
2022-11-16,Wed,2022-11-16 21:00,2022-11-16 22:00,16557.19,16528.96,-0.1705,-0.2805,-2.68,9558.53,False,2022-11
2022-11-17,Thu,2022-11-17 21:00,2022-11-17 22:00,16681.17,16708.67,0.1649,0.0549,0.52,9559.06,False,2022-11
2022-11-18,Fri,2022-11-18 21:00,2022-11-18 22:00,16611.24,16643.53,0.1944,0.0844,0.81,9559.87,False,2022-11
2022-11-19,Sat,2022-11-19 21:00,2022-11-19 22:00,16616.16,16715.49,0.5978,0.4878,4.66,9564.53,False,2022-11
2022-11-20,Sun,2022-11-20 21:00,2022-11-20 22:00,16510.82,16273.23,-1.439,-1.549,-14.82,9549.71,False,2022-11
2022-11-21,Mon,2022-11-21 21:00,2022-11-21 22:00,15778.53,15723.38,-0.3495,-0.4595,-4.39,9545.33,False,2022-11
2022-11-22,Tue,2022-11-22 21:00,2022-11-22 22:00,16104.64,16176.87,0.4485,0.3385,3.23,9548.56,False,2022-11
2022-11-23,Wed,2022-11-23 21:00,2022-11-23 22:00,16575.45,16491.79,-0.5047,-0.6147,-5.87,9542.69,False,2022-11
2022-11-24,Thu,2022-11-24 21:00,2022-11-24 22:00,16553.57,16593.32,0.2401,0.1301,1.24,9543.93,False,2022-11
2022-11-25,Fri,2022-11-25 21:00,2022-11-25 22:00,16517.59,16517.15,-0.0027,-0.1127,-1.08,9542.85,False,2022-11
2022-11-26,Sat,2022-11-26 21:00,2022-11-26 22:00,16496.36,16417.06,-0.4807,-0.5907,-5.64,9537.22,False,2022-11
2022-11-27,Sun,2022-11-27 21:00,2022-11-27 22:00,16551.69,16564.36,0.0765,-0.0335,-0.32,9536.9,False,2022-11
2022-11-28,Mon,2022-11-28 21:00,2022-11-28 22:00,16252.71,16211.8,-0.2517,-0.3617,-3.45,9533.45,False,2022-11
2022-11-29,Tue,2022-11-29 21:00,2022-11-29 22:00,16489.3,16483.16,-0.0372,-0.1472,-1.4,9532.04,False,2022-11
2022-11-30,Wed,2022-11-30 21:00,2022-11-30 22:00,17092.74,17204.23,0.6523,0.5423,5.17,9537.21,False,2022-11
2022-12-01,Thu,2022-12-01 21:00,2022-12-01 22:00,16917.78,16973.17,0.3274,0.2174,2.07,9539.29,False,2022-12
2022-12-02,Fri,2022-12-02 21:00,2022-12-02 22:00,17029.7,17041.91,0.0717,-0.0383,-0.37,9538.92,False,2022-12
2022-12-03,Sat,2022-12-03 21:00,2022-12-03 22:00,16935.86,16897.55,-0.2262,-0.3362,-3.21,9535.71,False,2022-12
2022-12-04,Sun,2022-12-04 21:00,2022-12-04 22:00,17091.71,17107.0,0.0895,-0.0205,-0.2,9535.52,False,2022-12
2022-12-05,Mon,2022-12-05 21:00,2022-12-05 22:00,16938.49,16940.02,0.009,-0.101,-0.96,9534.56,False,2022-12
2022-12-06,Tue,2022-12-06 21:00,2022-12-06 22:00,16980.31,16975.42,-0.0288,-0.1388,-1.32,9533.23,False,2022-12
2022-12-07,Wed,2022-12-07 21:00,2022-12-07 22:00,16827.23,16842.52,0.0909,-0.0191,-0.18,9533.05,False,2022-12
2022-12-08,Thu,2022-12-08 21:00,2022-12-08 22:00,17177.74,17199.46,0.1264,0.0164,0.16,9533.21,False,2022-12
2022-12-09,Fri,2022-12-09 21:00,2022-12-09 22:00,17106.85,17129.72,0.1337,0.0237,0.23,9533.43,False,2022-12
2022-12-10,Sat,2022-12-10 21:00,2022-12-10 22:00,17174.57,17133.2,-0.2409,-0.3509,-3.35,9530.09,False,2022-12
2022-12-11,Sun,2022-12-11 21:00,2022-12-11 22:00,17102.18,17109.6,0.0434,-0.0666,-0.63,9529.45,False,2022-12
2022-12-12,Mon,2022-12-12 21:00,2022-12-12 22:00,17110.24,17160.67,0.2947,0.1847,1.76,9531.21,False,2022-12
2022-12-13,Tue,2022-12-13 21:00,2022-12-13 22:00,17749.5,17759.58,0.0568,-0.0532,-0.51,9530.71,True,2022-12
2022-12-14,Wed,2022-12-14 21:00,2022-12-14 22:00,17773.66,17833.48,0.3366,0.2266,2.16,9532.86,True,2022-12
2022-12-15,Thu,2022-12-15 21:00,2022-12-15 22:00,17411.17,17337.42,-0.4236,-0.5336,-5.09,9527.78,False,2022-12
2022-12-16,Fri,2022-12-16 21:00,2022-12-16 22:00,16885.49,16733.6,-0.8995,-1.0095,-9.62,9518.16,False,2022-12
2022-12-17,Sat,2022-12-17 21:00,2022-12-17 22:00,16706.71,16744.12,0.2239,0.1139,1.08,9519.24,False,2022-12
2022-12-18,Sun,2022-12-18 21:00,2022-12-18 22:00,16755.2,16764.97,0.0583,-0.0517,-0.49,9518.75,False,2022-12
2022-12-19,Mon,2022-12-19 21:00,2022-12-19 22:00,16593.69,16392.86,-1.2103,-1.3203,-12.57,9506.18,False,2022-12
2022-12-20,Tue,2022-12-20 21:00,2022-12-20 22:00,16860.81,16870.15,0.0554,-0.0546,-0.52,9505.67,False,2022-12
2022-12-21,Wed,2022-12-21 21:00,2022-12-21 22:00,16781.64,16769.99,-0.0694,-0.1794,-1.71,9503.96,False,2022-12
2022-12-22,Thu,2022-12-22 21:00,2022-12-22 22:00,16779.19,16798.57,0.1155,0.0055,0.05,9504.01,False,2022-12
2022-12-23,Fri,2022-12-23 21:00,2022-12-23 22:00,16800.44,16782.97,-0.104,-0.214,-2.03,9501.98,False,2022-12
2022-12-24,Sat,2022-12-24 21:00,2022-12-24 22:00,16842.0,16824.92,-0.1014,-0.2114,-2.01,9499.97,False,2022-12
2022-12-25,Sun,2022-12-25 21:00,2022-12-25 22:00,16766.03,16816.09,0.2986,0.1886,1.79,9501.76,False,2022-12
2022-12-26,Mon,2022-12-26 21:00,2022-12-26 22:00,16836.97,16835.42,-0.0092,-0.1192,-1.13,9500.63,False,2022-12
2022-12-27,Tue,2022-12-27 21:00,2022-12-27 22:00,16654.09,16678.51,0.1466,0.0366,0.35,9500.98,False,2022-12
2022-12-28,Wed,2022-12-28 21:00,2022-12-28 22:00,16591.02,16510.98,-0.4824,-0.5924,-5.63,9495.35,False,2022-12
2022-12-29,Thu,2022-12-29 21:00,2022-12-29 22:00,16594.33,16612.83,0.1115,0.0015,0.01,9495.36,False,2022-12
2022-12-30,Fri,2022-12-30 21:00,2022-12-30 22:00,16560.12,16576.76,0.1005,-0.0095,-0.09,9495.27,False,2022-12
2022-12-31,Sat,2022-12-31 21:00,2022-12-31 22:00,16555.15,16506.53,-0.2937,-0.4037,-3.83,9491.44,False,2022-12
2023-01-01,Sun,2023-01-01 21:00,2023-01-01 22:00,16600.4,16596.71,-0.0222,-0.1322,-1.26,9490.18,False,2023-01
2023-01-02,Mon,2023-01-02 21:00,2023-01-02 22:00,16723.35,16691.63,-0.1897,-0.2997,-2.84,9487.34,False,2023-01
2023-01-03,Tue,2023-01-03 21:00,2023-01-03 22:00,16658.6,16669.3,0.0642,-0.0458,-0.43,9486.91,False,2023-01
2023-01-04,Wed,2023-01-04 21:00,2023-01-04 22:00,16802.1,16822.74,0.1228,0.0128,0.12,9487.03,False,2023-01
2023-01-05,Thu,2023-01-05 21:00,2023-01-05 22:00,16855.92,16832.32,-0.14,-0.25,-2.37,9484.66,False,2023-01
2023-01-06,Fri,2023-01-06 21:00,2023-01-06 22:00,16891.7,16955.32,0.3766,0.2666,2.53,9487.18,False,2023-01
2023-01-07,Sat,2023-01-07 21:00,2023-01-07 22:00,16943.11,16933.28,-0.058,-0.168,-1.59,9485.59,False,2023-01
2023-01-08,Sun,2023-01-08 21:00,2023-01-08 22:00,16965.99,16960.26,-0.0338,-0.1438,-1.36,9484.23,True,2023-01
2023-01-09,Mon,2023-01-09 21:00,2023-01-09 22:00,17207.06,17205.5,-0.0091,-0.1191,-1.13,9483.1,True,2023-01
2023-01-10,Tue,2023-01-10 21:00,2023-01-10 22:00,17476.86,17438.45,-0.2198,-0.3298,-3.13,9479.97,True,2023-01
2023-01-11,Wed,2023-01-11 21:00,2023-01-11 22:00,17556.49,17570.66,0.0807,-0.0293,-0.28,9479.69,True,2023-01
2023-01-12,Thu,2023-01-12 21:00,2023-01-12 22:00,19055.0,18914.45,-0.7376,-0.8476,-8.04,9471.66,True,2023-01
2023-01-13,Fri,2023-01-13 21:00,2023-01-13 22:00,19469.66,19860.0,2.0049,1.8949,17.95,9489.6,True,2023-01
2023-01-14,Sat,2023-01-14 21:00,2023-01-14 22:00,20891.44,20992.33,0.4829,0.3729,3.54,9493.14,True,2023-01
2023-01-15,Sun,2023-01-15 21:00,2023-01-15 22:00,20910.4,20919.09,0.0416,-0.0684,-0.65,9492.49,True,2023-01
2023-01-16,Mon,2023-01-16 21:00,2023-01-16 22:00,21283.07,21186.6,-0.4533,-0.5633,-5.35,9487.15,True,2023-01
2023-01-17,Tue,2023-01-17 21:00,2023-01-17 22:00,21366.38,21228.68,-0.6445,-0.7545,-7.16,9479.99,True,2023-01
2023-01-18,Wed,2023-01-18 21:00,2023-01-18 22:00,20713.15,20809.48,0.4651,0.3551,3.37,9483.36,True,2023-01
2023-01-19,Thu,2023-01-19 21:00,2023-01-19 22:00,21103.22,21074.07,-0.1381,-0.2481,-2.35,9481.0,True,2023-01
2023-01-20,Fri,2023-01-20 21:00,2023-01-20 22:00,22285.34,22595.31,1.3909,1.2809,12.14,9493.15,True,2023-01
2023-01-21,Sat,2023-01-21 21:00,2023-01-21 22:00,23139.57,23029.82,-0.4743,-0.5843,-5.55,9487.6,True,2023-01
2023-01-22,Sun,2023-01-22 21:00,2023-01-22 22:00,22432.06,22687.66,1.1394,1.0294,9.77,9497.37,True,2023-01
2023-01-23,Mon,2023-01-23 21:00,2023-01-23 22:00,23013.27,22903.41,-0.4774,-0.5874,-5.58,9491.79,True,2023-01
2023-01-24,Tue,2023-01-24 21:00,2023-01-24 22:00,23019.74,22757.8,-1.1379,-1.2479,-11.84,9479.94,True,2023-01
2023-01-25,Wed,2023-01-25 21:00,2023-01-25 22:00,22931.5,22933.27,0.0077,-0.1023,-0.97,9478.97,True,2023-01
2023-01-26,Thu,2023-01-26 21:00,2023-01-26 22:00,23115.71,22995.42,-0.5204,-0.6304,-5.98,9473.0,True,2023-01
2023-01-27,Fri,2023-01-27 21:00,2023-01-27 22:00,23115.49,23008.98,-0.4608,-0.5708,-5.41,9467.59,True,2023-01
2023-01-28,Sat,2023-01-28 21:00,2023-01-28 22:00,22956.1,22987.45,0.1366,0.0266,0.25,9467.84,True,2023-01
2023-01-29,Sun,2023-01-29 21:00,2023-01-29 22:00,23700.17,23758.11,0.2445,0.1345,1.27,9469.12,True,2023-01
2023-01-30,Mon,2023-01-30 21:00,2023-01-30 22:00,22682.76,22731.43,0.2146,0.1046,0.99,9470.11,True,2023-01
2023-01-31,Tue,2023-01-31 21:00,2023-01-31 22:00,23103.19,23174.69,0.3095,0.1995,1.89,9472.0,True,2023-01
2023-02-01,Wed,2023-02-01 21:00,2023-02-01 22:00,23548.74,23715.56,0.7084,0.5984,5.67,9477.66,True,2023-02
2023-02-02,Thu,2023-02-02 21:00,2023-02-02 22:00,23833.81,23566.24,-1.1227,-1.2327,-11.68,9465.98,True,2023-02
2023-02-03,Fri,2023-02-03 21:00,2023-02-03 22:00,23335.24,23432.77,0.4179,0.3079,2.92,9468.9,True,2023-02
2023-02-04,Sat,2023-02-04 21:00,2023-02-04 22:00,23414.27,23407.09,-0.0307,-0.1407,-1.33,9467.56,True,2023-02
2023-02-05,Sun,2023-02-05 21:00,2023-02-05 22:00,22882.86,22989.18,0.4646,0.3546,3.36,9470.92,True,2023-02
2023-02-06,Mon,2023-02-06 21:00,2023-02-06 22:00,23007.92,22884.86,-0.5349,-0.6449,-6.11,9464.81,True,2023-02
2023-02-07,Tue,2023-02-07 21:00,2023-02-07 22:00,23213.77,23221.1,0.0316,-0.0784,-0.74,9464.07,True,2023-02
2023-02-08,Wed,2023-02-08 21:00,2023-02-08 22:00,22839.98,22930.65,0.397,0.287,2.72,9466.79,True,2023-02
2023-02-09,Thu,2023-02-09 21:00,2023-02-09 22:00,22007.0,21768.09,-1.0856,-1.1956,-11.32,9455.47,True,2023-02
2023-02-10,Fri,2023-02-10 21:00,2023-02-10 22:00,21729.1,21575.02,-0.7091,-0.8191,-7.74,9447.72,True,2023-02
2023-02-11,Sat,2023-02-11 21:00,2023-02-11 22:00,21672.54,21828.66,0.7204,0.6104,5.77,9453.49,True,2023-02
2023-02-12,Sun,2023-02-12 21:00,2023-02-12 22:00,21968.55,21797.98,-0.7764,-0.8864,-8.38,9445.11,True,2023-02
2023-02-13,Mon,2023-02-13 21:00,2023-02-13 22:00,21666.61,21648.66,-0.0828,-0.1928,-1.82,9443.29,True,2023-02
2023-02-14,Tue,2023-02-14 21:00,2023-02-14 22:00,22265.84,22194.49,-0.3204,-0.4304,-4.06,9439.22,True,2023-02
2023-02-15,Wed,2023-02-15 21:00,2023-02-15 22:00,24165.3,24187.37,0.0913,-0.0187,-0.18,9439.05,True,2023-02
2023-02-16,Thu,2023-02-16 21:00,2023-02-16 22:00,24538.76,24004.02,-2.1792,-2.2892,-21.61,9417.44,True,2023-02
2023-02-17,Fri,2023-02-17 21:00,2023-02-17 22:00,24822.99,24695.59,-0.5132,-0.6232,-5.87,9411.57,True,2023-02
2023-02-18,Sat,2023-02-18 21:00,2023-02-18 22:00,24604.49,24632.91,0.1155,0.0055,0.05,9411.62,True,2023-02
2023-02-19,Sun,2023-02-19 21:00,2023-02-19 22:00,24508.78,24492.93,-0.0647,-0.1747,-1.64,9409.98,True,2023-02
2023-02-20,Mon,2023-02-20 21:00,2023-02-20 22:00,24805.63,24695.29,-0.4448,-0.5548,-5.22,9404.76,True,2023-02
2023-02-21,Tue,2023-02-21 21:00,2023-02-21 22:00,24459.95,24384.95,-0.3066,-0.4166,-3.92,9400.84,True,2023-02
2023-02-22,Wed,2023-02-22 21:00,2023-02-22 22:00,23776.02,24098.29,1.3554,1.2454,11.71,9412.55,True,2023-02
2023-02-23,Thu,2023-02-23 21:00,2023-02-23 22:00,23937.26,23872.54,-0.2704,-0.3804,-3.58,9408.97,True,2023-02
2023-02-24,Fri,2023-02-24 21:00,2023-02-24 22:00,23239.87,23109.37,-0.5615,-0.6715,-6.32,9402.65,True,2023-02
2023-02-25,Sat,2023-02-25 21:00,2023-02-25 22:00,22899.1,23130.8,1.0118,0.9018,8.48,9411.13,True,2023-02
2023-02-26,Sun,2023-02-26 21:00,2023-02-26 22:00,23647.33,23462.84,-0.7802,-0.8902,-8.38,9402.75,True,2023-02
2023-02-27,Mon,2023-02-27 21:00,2023-02-27 22:00,23327.73,23479.18,0.6492,0.5392,5.07,9407.82,True,2023-02
2023-02-28,Tue,2023-02-28 21:00,2023-02-28 22:00,23278.52,23172.11,-0.4571,-0.5671,-5.34,9402.49,True,2023-02
2023-03-01,Wed,2023-03-01 21:00,2023-03-01 22:00,23409.01,23539.46,0.5573,0.4473,4.21,9406.69,True,2023-03
2023-03-02,Thu,2023-03-02 21:00,2023-03-02 22:00,23465.42,23461.28,-0.0176,-0.1276,-1.2,9405.49,True,2023-03
2023-03-03,Fri,2023-03-03 21:00,2023-03-03 22:00,22299.75,22325.39,0.115,0.005,0.05,9405.54,False,2023-03
2023-03-04,Sat,2023-03-04 21:00,2023-03-04 22:00,22330.27,22303.53,-0.1197,-0.2297,-2.16,9403.38,False,2023-03
2023-03-05,Sun,2023-03-05 21:00,2023-03-05 22:00,22411.23,22434.57,0.1041,-0.0059,-0.06,9403.32,True,2023-03
2023-03-06,Mon,2023-03-06 21:00,2023-03-06 22:00,22351.35,22433.4,0.3671,0.2571,2.42,9405.74,True,2023-03
2023-03-07,Tue,2023-03-07 21:00,2023-03-07 22:00,22054.02,22115.44,0.2785,0.1685,1.58,9407.32,False,2023-03
2023-03-08,Wed,2023-03-08 21:00,2023-03-08 22:00,22087.33,21801.21,-1.2954,-1.4054,-13.22,9394.1,False,2023-03
2023-03-09,Thu,2023-03-09 21:00,2023-03-09 22:00,20166.89,20356.87,0.942,0.832,7.82,9401.92,False,2023-03
2023-03-10,Fri,2023-03-10 21:00,2023-03-10 22:00,19973.43,20165.25,0.9604,0.8504,8.0,9409.91,False,2023-03
2023-03-11,Sat,2023-03-11 21:00,2023-03-11 22:00,20551.74,20493.45,-0.2836,-0.3936,-3.7,9406.21,False,2023-03
2023-03-12,Sun,2023-03-12 21:00,2023-03-12 22:00,21522.71,21917.27,1.8332,1.7232,16.21,9422.42,True,2023-03
2023-03-13,Mon,2023-03-13 21:00,2023-03-13 22:00,24198.12,24301.58,0.4276,0.3176,2.99,9425.41,True,2023-03
2023-03-14,Tue,2023-03-14 21:00,2023-03-14 22:00,24654.58,24807.17,0.6189,0.5089,4.8,9430.21,True,2023-03
2023-03-15,Wed,2023-03-15 21:00,2023-03-15 22:00,24404.59,24490.97,0.354,0.244,2.3,9432.51,True,2023-03
2023-03-16,Thu,2023-03-16 21:00,2023-03-16 22:00,24735.44,25048.44,1.2654,1.1554,10.9,9443.41,True,2023-03
2023-03-17,Fri,2023-03-17 21:00,2023-03-17 22:00,26804.31,27578.64,2.8888,2.7788,26.24,9469.65,True,2023-03
2023-03-18,Sat,2023-03-18 21:00,2023-03-18 22:00,27422.38,26986.11,-1.5909,-1.7009,-16.11,9453.54,True,2023-03
2023-03-19,Sun,2023-03-19 21:00,2023-03-19 22:00,27973.17,28211.62,0.8524,0.7424,7.02,9460.56,True,2023-03
2023-03-20,Mon,2023-03-20 21:00,2023-03-20 22:00,28112.35,28052.04,-0.2145,-0.3245,-3.07,9457.49,True,2023-03
2023-03-21,Tue,2023-03-21 21:00,2023-03-21 22:00,28175.67,28131.69,-0.1561,-0.2661,-2.52,9454.97,True,2023-03
2023-03-22,Wed,2023-03-22 21:00,2023-03-22 22:00,27377.94,27282.53,-0.3485,-0.4585,-4.34,9450.64,True,2023-03
2023-03-23,Thu,2023-03-23 21:00,2023-03-23 22:00,28337.77,28274.42,-0.2236,-0.3336,-3.15,9447.49,True,2023-03
2023-03-24,Fri,2023-03-24 21:00,2023-03-24 22:00,27617.66,27341.57,-0.9997,-1.1097,-10.48,9437.0,True,2023-03
2023-03-25,Sat,2023-03-25 21:00,2023-03-25 22:00,27384.29,27472.04,0.3204,0.2104,1.99,9438.99,True,2023-03
2023-03-26,Sun,2023-03-26 21:00,2023-03-26 22:00,27806.56,28081.17,0.9876,0.8776,8.28,9447.27,True,2023-03
2023-03-27,Mon,2023-03-27 21:00,2023-03-27 22:00,27041.94,27109.98,0.2516,0.1416,1.34,9448.61,True,2023-03
2023-03-28,Tue,2023-03-28 21:00,2023-03-28 22:00,27312.35,27216.92,-0.3494,-0.4594,-4.34,9444.27,True,2023-03
2023-03-29,Wed,2023-03-29 21:00,2023-03-29 22:00,28394.02,28395.0,0.0035,-0.1065,-1.01,9443.26,True,2023-03
2023-03-30,Thu,2023-03-30 21:00,2023-03-30 22:00,28156.51,27910.85,-0.8725,-0.9825,-9.28,9433.98,True,2023-03
2023-03-31,Fri,2023-03-31 21:00,2023-03-31 22:00,28397.1,28581.57,0.6496,0.5396,5.09,9439.08,True,2023-03
2023-04-01,Sat,2023-04-01 21:00,2023-04-01 22:00,28458.9,28534.69,0.2663,0.1563,1.48,9440.55,True,2023-04
2023-04-02,Sun,2023-04-02 21:00,2023-04-02 22:00,28081.46,28118.58,0.1322,0.0222,0.21,9440.76,True,2023-04
2023-04-03,Mon,2023-04-03 21:00,2023-04-03 22:00,27575.98,27814.49,0.8649,0.7549,7.13,9447.89,True,2023-04
2023-04-04,Tue,2023-04-04 21:00,2023-04-04 22:00,28254.6,28195.01,-0.2109,-0.3209,-3.03,9444.86,True,2023-04
2023-04-05,Wed,2023-04-05 21:00,2023-04-05 22:00,28153.57,28180.78,0.0966,-0.0134,-0.13,9444.73,True,2023-04
2023-04-06,Thu,2023-04-06 21:00,2023-04-06 22:00,27991.61,28024.08,0.116,0.006,0.06,9444.79,True,2023-04
2023-04-07,Fri,2023-04-07 21:00,2023-04-07 22:00,27888.91,27976.94,0.3156,0.2056,1.94,9446.73,True,2023-04
2023-04-08,Sat,2023-04-08 21:00,2023-04-08 22:00,27929.96,27960.42,0.1091,-0.0009,-0.01,9446.72,True,2023-04
2023-04-09,Sun,2023-04-09 21:00,2023-04-09 22:00,28137.0,28391.11,0.9031,0.7931,7.49,9454.21,True,2023-04
2023-04-10,Mon,2023-04-10 21:00,2023-04-10 22:00,29145.67,29614.26,1.6078,1.4978,14.16,9468.37,True,2023-04
2023-04-11,Tue,2023-04-11 21:00,2023-04-11 22:00,30192.65,30294.68,0.3379,0.2279,2.16,9470.53,True,2023-04
2023-04-12,Wed,2023-04-12 21:00,2023-04-12 22:00,29967.22,29866.29,-0.3368,-0.4468,-4.23,9466.3,True,2023-04
2023-04-13,Thu,2023-04-13 21:00,2023-04-13 22:00,30281.18,30336.11,0.1814,0.0714,0.68,9466.97,True,2023-04
2023-04-14,Fri,2023-04-14 21:00,2023-04-14 22:00,30475.54,30462.6,-0.0425,-0.1525,-1.44,9465.53,True,2023-04
2023-04-15,Sat,2023-04-15 21:00,2023-04-15 22:00,30306.07,30379.61,0.2427,0.1327,1.26,9466.79,True,2023-04
2023-04-16,Sun,2023-04-16 21:00,2023-04-16 22:00,30367.24,30350.61,-0.0548,-0.1648,-1.56,9465.23,True,2023-04
2023-04-17,Mon,2023-04-17 21:00,2023-04-17 22:00,29461.89,29524.0,0.2108,0.1008,0.95,9466.18,True,2023-04
2023-04-18,Tue,2023-04-18 21:00,2023-04-18 22:00,30425.49,30378.23,-0.1553,-0.2653,-2.51,9463.67,True,2023-04
2023-04-19,Wed,2023-04-19 21:00,2023-04-19 22:00,29247.64,29092.12,-0.5317,-0.6417,-6.07,9457.6,True,2023-04
2023-04-20,Thu,2023-04-20 21:00,2023-04-20 22:00,28202.87,28254.37,0.1826,0.0726,0.69,9458.28,True,2023-04
2023-04-21,Fri,2023-04-21 21:00,2023-04-21 22:00,27260.13,27265.22,0.0187,-0.0913,-0.86,9457.42,False,2023-04
2023-04-22,Sat,2023-04-22 21:00,2023-04-22 22:00,27637.9,27856.8,0.792,0.682,6.45,9463.87,True,2023-04
2023-04-23,Sun,2023-04-23 21:00,2023-04-23 22:00,27497.11,27594.07,0.3526,0.2426,2.3,9466.17,True,2023-04
2023-04-24,Mon,2023-04-24 21:00,2023-04-24 22:00,27462.1,27462.98,0.0032,-0.1068,-1.01,9465.15,True,2023-04
2023-04-25,Tue,2023-04-25 21:00,2023-04-25 22:00,27999.55,28250.91,0.8977,0.7877,7.46,9472.61,True,2023-04
2023-04-26,Wed,2023-04-26 21:00,2023-04-26 22:00,28428.98,28311.26,-0.4141,-0.5241,-4.96,9467.65,True,2023-04
2023-04-27,Thu,2023-04-27 21:00,2023-04-27 22:00,29632.35,29399.74,-0.785,-0.895,-8.47,9459.17,True,2023-04
2023-04-28,Fri,2023-04-28 21:00,2023-04-28 22:00,29361.86,29367.89,0.0205,-0.0895,-0.85,9458.33,True,2023-04
2023-04-29,Sat,2023-04-29 21:00,2023-04-29 22:00,29238.41,29219.38,-0.0651,-0.1751,-1.66,9456.67,True,2023-04
2023-04-30,Sun,2023-04-30 21:00,2023-04-30 22:00,29353.41,29389.59,0.1233,0.0133,0.13,9456.8,True,2023-04
2023-05-01,Mon,2023-05-01 21:00,2023-05-01 22:00,27677.96,28029.48,1.27,1.16,10.97,9467.77,True,2023-05
2023-05-02,Tue,2023-05-02 21:00,2023-05-02 22:00,28694.29,28754.29,0.2091,0.0991,0.94,9468.7,True,2023-05
2023-05-03,Wed,2023-05-03 21:00,2023-05-03 22:00,28531.15,29114.15,2.0434,1.9334,18.31,9487.01,True,2023-05
2023-05-04,Thu,2023-05-04 21:00,2023-05-04 22:00,28886.92,28791.4,-0.3307,-0.4407,-4.18,9482.83,True,2023-05
2023-05-05,Fri,2023-05-05 21:00,2023-05-05 22:00,29519.73,29620.3,0.3407,0.2307,2.19,9485.02,True,2023-05
2023-05-06,Sat,2023-05-06 21:00,2023-05-06 22:00,28846.71,28890.43,0.1516,0.0416,0.39,9485.41,True,2023-05
2023-05-07,Sun,2023-05-07 21:00,2023-05-07 22:00,28948.87,28776.42,-0.5957,-0.7057,-6.69,9478.72,True,2023-05
2023-05-08,Mon,2023-05-08 21:00,2023-05-08 22:00,27554.65,27673.43,0.4311,0.3211,3.04,9481.76,False,2023-05
2023-05-09,Tue,2023-05-09 21:00,2023-05-09 22:00,27661.36,27598.97,-0.2255,-0.3355,-3.18,9478.58,False,2023-05
2023-05-10,Wed,2023-05-10 21:00,2023-05-10 22:00,27877.19,27696.07,-0.6497,-0.7597,-7.2,9471.38,False,2023-05
2023-05-11,Thu,2023-05-11 21:00,2023-05-11 22:00,27008.3,26916.22,-0.3409,-0.4509,-4.27,9467.11,False,2023-05
2023-05-12,Fri,2023-05-12 21:00,2023-05-12 22:00,26445.13,26699.64,0.9624,0.8524,8.07,9475.18,False,2023-05
2023-05-13,Sat,2023-05-13 21:00,2023-05-13 22:00,26916.93,26903.81,-0.0487,-0.1587,-1.5,9473.67,False,2023-05
2023-05-14,Sun,2023-05-14 21:00,2023-05-14 22:00,26950.4,26912.02,-0.1424,-0.2524,-2.39,9471.28,False,2023-05
2023-05-15,Mon,2023-05-15 21:00,2023-05-15 22:00,27355.39,27314.74,-0.1486,-0.2586,-2.45,9468.83,False,2023-05
2023-05-16,Tue,2023-05-16 21:00,2023-05-16 22:00,26957.07,26998.83,0.1549,0.0449,0.43,9469.26,False,2023-05
2023-05-17,Wed,2023-05-17 21:00,2023-05-17 22:00,27339.52,27336.33,-0.0117,-0.1217,-1.15,9468.11,False,2023-05
2023-05-18,Thu,2023-05-18 21:00,2023-05-18 22:00,26721.72,26893.57,0.6431,0.5331,5.05,9473.15,False,2023-05
2023-05-19,Fri,2023-05-19 21:00,2023-05-19 22:00,26839.77,26879.27,0.1472,0.0372,0.35,9473.51,False,2023-05
2023-05-20,Sat,2023-05-20 21:00,2023-05-20 22:00,27024.15,27079.82,0.206,0.096,0.91,9474.42,False,2023-05
2023-05-21,Sun,2023-05-21 21:00,2023-05-21 22:00,26849.74,26761.33,-0.3293,-0.4393,-4.16,9470.25,False,2023-05
2023-05-22,Mon,2023-05-22 21:00,2023-05-22 22:00,26895.2,26872.62,-0.084,-0.194,-1.84,9468.42,False,2023-05
2023-05-23,Tue,2023-05-23 21:00,2023-05-23 22:00,27218.94,27198.39,-0.0755,-0.1855,-1.76,9466.66,False,2023-05
2023-05-24,Wed,2023-05-24 21:00,2023-05-24 22:00,26397.37,26349.18,-0.1826,-0.2926,-2.77,9463.89,False,2023-05
2023-05-25,Thu,2023-05-25 21:00,2023-05-25 22:00,26490.78,26460.58,-0.114,-0.224,-2.12,9461.77,False,2023-05
2023-05-26,Fri,2023-05-26 21:00,2023-05-26 22:00,26758.36,26695.72,-0.2341,-0.3441,-3.26,9458.51,False,2023-05
2023-05-27,Sat,2023-05-27 21:00,2023-05-27 22:00,26762.36,26815.75,0.1995,0.0895,0.85,9459.36,False,2023-05
2023-05-28,Sun,2023-05-28 21:00,2023-05-28 22:00,27563.96,28095.63,1.9289,1.8189,17.21,9476.57,True,2023-05
2023-05-29,Mon,2023-05-29 21:00,2023-05-29 22:00,27691.27,27700.46,0.0332,-0.0768,-0.73,9475.84,True,2023-05
2023-05-30,Tue,2023-05-30 21:00,2023-05-30 22:00,27771.14,27745.33,-0.0929,-0.2029,-1.92,9473.92,True,2023-05
2023-05-31,Wed,2023-05-31 21:00,2023-05-31 22:00,27116.11,27188.36,0.2664,0.1564,1.48,9475.4,False,2023-05
2023-06-01,Thu,2023-06-01 21:00,2023-06-01 22:00,26870.67,26890.01,0.072,-0.038,-0.36,9475.04,False,2023-06
2023-06-02,Fri,2023-06-02 21:00,2023-06-02 22:00,27174.2,27274.43,0.3688,0.2588,2.45,9477.49,False,2023-06
2023-06-03,Sat,2023-06-03 21:00,2023-06-03 22:00,27069.67,27082.35,0.0468,-0.0632,-0.6,9476.89,False,2023-06
2023-06-04,Sun,2023-06-04 21:00,2023-06-04 22:00,27249.93,27241.81,-0.0298,-0.1398,-1.32,9475.57,False,2023-06
2023-06-05,Mon,2023-06-05 21:00,2023-06-05 22:00,25636.67,25720.55,0.3272,0.2172,2.06,9477.62,False,2023-06
2023-06-06,Tue,2023-06-06 21:00,2023-06-06 22:00,26951.88,27157.68,0.7636,0.6536,6.19,9483.82,False,2023-06
2023-06-07,Wed,2023-06-07 21:00,2023-06-07 22:00,26361.17,26280.96,-0.3043,-0.4143,-3.93,9479.89,False,2023-06
2023-06-08,Thu,2023-06-08 21:00,2023-06-08 22:00,26644.76,26550.14,-0.3551,-0.4651,-4.41,9475.48,False,2023-06
2023-06-09,Fri,2023-06-09 21:00,2023-06-09 22:00,26445.91,26493.92,0.1815,0.0715,0.68,9476.16,False,2023-06
2023-06-10,Sat,2023-06-10 21:00,2023-06-10 22:00,25765.1,25889.19,0.4816,0.3716,3.52,9479.68,False,2023-06
2023-06-11,Sun,2023-06-11 21:00,2023-06-11 22:00,26136.9,25903.26,-0.8939,-1.0039,-9.52,9470.16,False,2023-06
2023-06-12,Mon,2023-06-12 21:00,2023-06-12 22:00,25895.11,25935.31,0.1552,0.0452,0.43,9470.59,False,2023-06
2023-06-13,Tue,2023-06-13 21:00,2023-06-13 22:00,25845.27,25838.46,-0.0263,-0.1363,-1.29,9469.3,False,2023-06
2023-06-14,Wed,2023-06-14 21:00,2023-06-14 22:00,24929.39,25032.45,0.4134,0.3034,2.87,9472.17,False,2023-06
2023-06-15,Thu,2023-06-15 21:00,2023-06-15 22:00,25549.68,25608.77,0.2313,0.1213,1.15,9473.32,False,2023-06
2023-06-16,Fri,2023-06-16 21:00,2023-06-16 22:00,26389.59,26351.8,-0.1432,-0.2532,-2.4,9470.92,False,2023-06
2023-06-17,Sat,2023-06-17 21:00,2023-06-17 22:00,26529.24,26560.3,0.1171,0.0071,0.07,9470.99,False,2023-06
2023-06-18,Sun,2023-06-18 21:00,2023-06-18 22:00,26469.85,26397.75,-0.2724,-0.3824,-3.62,9467.37,False,2023-06
2023-06-19,Mon,2023-06-19 21:00,2023-06-19 22:00,26716.05,26745.94,0.1119,0.0019,0.02,9467.39,False,2023-06
2023-06-20,Tue,2023-06-20 21:00,2023-06-20 22:00,28176.88,28233.12,0.1996,0.0896,0.85,9468.24,True,2023-06
2023-06-21,Wed,2023-06-21 21:00,2023-06-21 22:00,29989.82,30116.56,0.4226,0.3126,2.96,9471.2,True,2023-06
2023-06-22,Thu,2023-06-22 21:00,2023-06-22 22:00,30160.65,29934.56,-0.7496,-0.8596,-8.14,9463.05,True,2023-06
2023-06-23,Fri,2023-06-23 21:00,2023-06-23 22:00,30925.63,30666.08,-0.8393,-0.9493,-8.98,9454.07,True,2023-06
2023-06-24,Sat,2023-06-24 21:00,2023-06-24 22:00,30525.23,30531.17,0.0195,-0.0905,-0.86,9453.21,True,2023-06
2023-06-25,Sun,2023-06-25 21:00,2023-06-25 22:00,30384.82,30509.36,0.4099,0.2999,2.83,9456.05,True,2023-06
2023-06-26,Mon,2023-06-26 21:00,2023-06-26 22:00,30161.06,30233.1,0.2389,0.1289,1.22,9457.27,True,2023-06
2023-06-27,Tue,2023-06-27 21:00,2023-06-27 22:00,30659.01,30588.08,-0.2314,-0.3414,-3.23,9454.04,True,2023-06
2023-06-28,Wed,2023-06-28 21:00,2023-06-28 22:00,30101.18,30104.2,0.01,-0.1,-0.95,9453.09,True,2023-06
2023-06-29,Thu,2023-06-29 21:00,2023-06-29 22:00,30393.75,30410.49,0.0551,-0.0549,-0.52,9452.58,True,2023-06
2023-06-30,Fri,2023-06-30 21:00,2023-06-30 22:00,30389.57,30476.21,0.2851,0.1751,1.66,9454.23,True,2023-06
2023-07-01,Sat,2023-07-01 21:00,2023-07-01 22:00,30587.07,30582.43,-0.0152,-0.1252,-1.18,9453.05,True,2023-07
2023-07-02,Sun,2023-07-02 21:00,2023-07-02 22:00,30591.69,30653.91,0.2034,0.0934,0.88,9453.93,True,2023-07
2023-07-03,Mon,2023-07-03 21:00,2023-07-03 22:00,31122.27,31117.89,-0.0141,-0.1241,-1.17,9452.76,True,2023-07
2023-07-04,Tue,2023-07-04 21:00,2023-07-04 22:00,30807.87,30829.63,0.0706,-0.0394,-0.37,9452.38,True,2023-07
2023-07-05,Wed,2023-07-05 21:00,2023-07-05 22:00,30469.34,30442.25,-0.0889,-0.1989,-1.88,9450.5,True,2023-07
2023-07-06,Thu,2023-07-06 21:00,2023-07-06 22:00,30319.52,30165.9,-0.5067,-0.6167,-5.83,9444.68,True,2023-07
2023-07-07,Fri,2023-07-07 21:00,2023-07-07 22:00,30266.08,30309.22,0.1425,0.0325,0.31,9444.98,True,2023-07
2023-07-08,Sat,2023-07-08 21:00,2023-07-08 22:00,30161.78,30230.17,0.2267,0.1167,1.1,9446.09,True,2023-07
2023-07-09,Sun,2023-07-09 21:00,2023-07-09 22:00,30199.73,30182.85,-0.0559,-0.1659,-1.57,9444.52,True,2023-07
2023-07-10,Mon,2023-07-10 21:00,2023-07-10 22:00,30777.77,30349.84,-1.3904,-1.5004,-14.17,9430.35,True,2023-07
2023-07-11,Tue,2023-07-11 21:00,2023-07-11 22:00,30573.0,30584.39,0.0373,-0.0727,-0.69,9429.66,True,2023-07
2023-07-12,Wed,2023-07-12 21:00,2023-07-12 22:00,30352.26,30365.67,0.0442,-0.0658,-0.62,9429.04,True,2023-07
2023-07-13,Thu,2023-07-13 21:00,2023-07-13 22:00,31398.11,31319.1,-0.2516,-0.3616,-3.41,9425.63,True,2023-07
2023-07-14,Fri,2023-07-14 21:00,2023-07-14 22:00,30205.77,30250.82,0.1491,0.0391,0.37,9426.0,True,2023-07
2023-07-15,Sat,2023-07-15 21:00,2023-07-15 22:00,30313.33,30293.92,-0.064,-0.174,-1.64,9424.36,True,2023-07
2023-07-16,Sun,2023-07-16 21:00,2023-07-16 22:00,30283.4,30342.99,0.1968,0.0868,0.82,9425.18,True,2023-07
2023-07-17,Mon,2023-07-17 21:00,2023-07-17 22:00,29931.6,30112.99,0.606,0.496,4.68,9429.85,True,2023-07
2023-07-18,Tue,2023-07-18 21:00,2023-07-18 22:00,29783.77,29822.94,0.1315,0.0215,0.2,9430.06,True,2023-07
2023-07-19,Wed,2023-07-19 21:00,2023-07-19 22:00,29964.58,29875.22,-0.2982,-0.4082,-3.85,9426.21,True,2023-07
2023-07-20,Thu,2023-07-20 21:00,2023-07-20 22:00,29741.07,29814.72,0.2476,0.1376,1.3,9427.5,True,2023-07
2023-07-21,Fri,2023-07-21 21:00,2023-07-21 22:00,29882.97,29932.44,0.1655,0.0555,0.52,9428.03,True,2023-07
2023-07-22,Sat,2023-07-22 21:00,2023-07-22 22:00,29832.54,29816.49,-0.0538,-0.1638,-1.54,9426.48,True,2023-07
2023-07-23,Sun,2023-07-23 21:00,2023-07-23 22:00,30142.79,30014.41,-0.4259,-0.5359,-5.05,9421.43,True,2023-07
2023-07-24,Mon,2023-07-24 21:00,2023-07-24 22:00,29141.34,29160.06,0.0642,-0.0458,-0.43,9421.0,False,2023-07
2023-07-25,Tue,2023-07-25 21:00,2023-07-25 22:00,29227.57,29198.36,-0.0999,-0.2099,-1.98,9419.02,False,2023-07
2023-07-26,Wed,2023-07-26 21:00,2023-07-26 22:00,29577.69,29471.99,-0.3574,-0.4674,-4.4,9414.62,False,2023-07
2023-07-27,Thu,2023-07-27 21:00,2023-07-27 22:00,29139.98,29194.2,0.1861,0.0761,0.72,9415.34,False,2023-07
2023-07-28,Fri,2023-07-28 21:00,2023-07-28 22:00,29338.29,29297.28,-0.1398,-0.2498,-2.35,9412.99,False,2023-07
2023-07-29,Sat,2023-07-29 21:00,2023-07-29 22:00,29355.31,29353.05,-0.0077,-0.1177,-1.11,9411.88,False,2023-07
2023-07-30,Sun,2023-07-30 21:00,2023-07-30 22:00,29268.65,29153.99,-0.3918,-0.5018,-4.72,9407.16,False,2023-07
2023-07-31,Mon,2023-07-31 21:00,2023-07-31 22:00,29205.68,29206.8,0.0038,-0.1062,-1.0,9406.16,False,2023-07
2023-08-01,Tue,2023-08-01 21:00,2023-08-01 22:00,29213.31,29240.19,0.092,-0.018,-0.17,9405.99,True,2023-08
2023-08-02,Wed,2023-08-02 21:00,2023-08-02 22:00,29118.62,29165.2,0.16,0.05,0.47,9406.46,False,2023-08
2023-08-03,Thu,2023-08-03 21:00,2023-08-03 22:00,29281.83,29213.43,-0.2336,-0.3436,-3.23,9403.23,False,2023-08
2023-08-04,Fri,2023-08-04 21:00,2023-08-04 22:00,28927.92,29019.03,0.315,0.205,1.93,9405.15,False,2023-08
2023-08-05,Sat,2023-08-05 21:00,2023-08-05 22:00,29028.53,29065.79,0.1284,0.0184,0.17,9405.33,False,2023-08
2023-08-06,Sun,2023-08-06 21:00,2023-08-06 22:00,29093.33,29056.36,-0.1271,-0.2371,-2.23,9403.1,False,2023-08
2023-08-07,Mon,2023-08-07 21:00,2023-08-07 22:00,29160.53,29144.54,-0.0548,-0.1648,-1.55,9401.55,False,2023-08
2023-08-08,Tue,2023-08-08 21:00,2023-08-08 22:00,30003.61,29756.35,-0.8241,-0.9341,-8.78,9392.76,True,2023-08
2023-08-09,Wed,2023-08-09 21:00,2023-08-09 22:00,29482.09,29579.88,0.3317,0.2217,2.08,9394.85,True,2023-08
2023-08-10,Thu,2023-08-10 21:00,2023-08-10 22:00,29418.29,29432.82,0.0494,-0.0606,-0.57,9394.28,True,2023-08
2023-08-11,Fri,2023-08-11 21:00,2023-08-11 22:00,29385.9,29402.38,0.0561,-0.0539,-0.51,9393.77,True,2023-08
2023-08-12,Sat,2023-08-12 21:00,2023-08-12 22:00,29405.26,29414.02,0.0298,-0.0802,-0.75,9393.02,True,2023-08
2023-08-13,Sun,2023-08-13 21:00,2023-08-13 22:00,29399.16,29292.68,-0.3622,-0.4722,-4.44,9388.58,False,2023-08
2023-08-14,Mon,2023-08-14 21:00,2023-08-14 22:00,29362.96,29412.65,0.1692,0.0592,0.56,9389.14,True,2023-08
2023-08-15,Tue,2023-08-15 21:00,2023-08-15 22:00,29171.32,29154.27,-0.0584,-0.1684,-1.58,9387.56,False,2023-08
2023-08-16,Wed,2023-08-16 21:00,2023-08-16 22:00,28940.33,28873.78,-0.23,-0.34,-3.19,9384.36,False,2023-08
2023-08-17,Thu,2023-08-17 21:00,2023-08-17 22:00,27644.5,26786.99,-3.1019,-3.2119,-30.14,9354.22,False,2023-08
2023-08-18,Fri,2023-08-18 21:00,2023-08-18 22:00,26069.76,26062.01,-0.0297,-0.1397,-1.31,9352.92,False,2023-08
2023-08-19,Sat,2023-08-19 21:00,2023-08-19 22:00,26054.61,26051.26,-0.0129,-0.1229,-1.15,9351.77,False,2023-08
2023-08-20,Sun,2023-08-20 21:00,2023-08-20 22:00,26233.73,26207.62,-0.0995,-0.2095,-1.96,9349.81,False,2023-08
2023-08-21,Mon,2023-08-21 21:00,2023-08-21 22:00,26105.35,26130.37,0.0958,-0.0142,-0.13,9349.67,False,2023-08
2023-08-22,Tue,2023-08-22 21:00,2023-08-22 22:00,25852.87,25799.26,-0.2074,-0.3174,-2.97,9346.71,False,2023-08
2023-08-23,Wed,2023-08-23 21:00,2023-08-23 22:00,26591.27,26448.18,-0.5381,-0.6481,-6.06,9340.65,False,2023-08
2023-08-24,Thu,2023-08-24 21:00,2023-08-24 22:00,26017.21,26112.53,0.3664,0.2564,2.39,9343.04,False,2023-08
2023-08-25,Fri,2023-08-25 21:00,2023-08-25 22:00,26046.71,26044.96,-0.0067,-0.1167,-1.09,9341.95,False,2023-08
2023-08-26,Sat,2023-08-26 21:00,2023-08-26 22:00,26021.04,26023.33,0.0088,-0.1012,-0.95,9341.01,False,2023-08
2023-08-27,Sun,2023-08-27 21:00,2023-08-27 22:00,26082.85,26079.53,-0.0127,-0.1227,-1.15,9339.86,False,2023-08
2023-08-28,Mon,2023-08-28 21:00,2023-08-28 22:00,25980.23,26045.82,0.2525,0.1425,1.33,9341.19,False,2023-08
2023-08-29,Tue,2023-08-29 21:00,2023-08-29 22:00,27578.16,27641.84,0.2309,0.1209,1.13,9342.32,False,2023-08
2023-08-30,Wed,2023-08-30 21:00,2023-08-30 22:00,27250.43,27238.11,-0.0452,-0.1552,-1.45,9340.87,False,2023-08
2023-08-31,Thu,2023-08-31 21:00,2023-08-31 22:00,26011.99,26043.02,0.1193,0.0093,0.09,9340.96,False,2023-08
2023-09-01,Fri,2023-09-01 21:00,2023-09-01 22:00,25753.3,25754.65,0.0052,-0.1048,-0.98,9339.98,False,2023-09
2023-09-02,Sat,2023-09-02 21:00,2023-09-02 22:00,25847.48,25861.31,0.0535,-0.0565,-0.53,9339.45,False,2023-09
2023-09-03,Sun,2023-09-03 21:00,2023-09-03 22:00,26044.97,25948.02,-0.3722,-0.4822,-4.5,9334.95,False,2023-09
2023-09-04,Mon,2023-09-04 21:00,2023-09-04 22:00,25827.29,25767.17,-0.2328,-0.3428,-3.2,9331.75,False,2023-09
2023-09-05,Tue,2023-09-05 21:00,2023-09-05 22:00,25703.63,25758.12,0.212,0.102,0.95,9332.7,False,2023-09
2023-09-06,Wed,2023-09-06 21:00,2023-09-06 22:00,25664.65,25732.31,0.2636,0.1536,1.43,9334.13,False,2023-09
2023-09-07,Thu,2023-09-07 21:00,2023-09-07 22:00,26002.99,26320.98,1.2229,1.1129,10.39,9344.52,False,2023-09
2023-09-08,Fri,2023-09-08 21:00,2023-09-08 22:00,25905.29,25904.9,-0.0015,-0.1115,-1.04,9343.48,False,2023-09
2023-09-09,Sat,2023-09-09 21:00,2023-09-09 22:00,25857.79,25906.98,0.1902,0.0802,0.75,9344.23,False,2023-09
2023-09-10,Sun,2023-09-10 21:00,2023-09-10 22:00,25817.62,25845.64,0.1085,-0.0015,-0.01,9344.22,False,2023-09
2023-09-11,Mon,2023-09-11 21:00,2023-09-11 22:00,25086.56,25139.54,0.2112,0.1012,0.95,9345.16,False,2023-09
2023-09-12,Tue,2023-09-12 21:00,2023-09-12 22:00,26072.13,25967.95,-0.3996,-0.5096,-4.76,9340.4,False,2023-09
2023-09-13,Wed,2023-09-13 21:00,2023-09-13 22:00,26225.83,26252.61,0.1021,-0.0079,-0.07,9340.33,False,2023-09
2023-09-14,Thu,2023-09-14 21:00,2023-09-14 22:00,26576.21,26611.8,0.1339,0.0239,0.22,9340.55,False,2023-09
2023-09-15,Fri,2023-09-15 21:00,2023-09-15 22:00,26418.93,26773.47,1.342,1.232,11.51,9352.06,False,2023-09
2023-09-16,Sat,2023-09-16 21:00,2023-09-16 22:00,26533.22,26567.77,0.1302,0.0202,0.19,9352.25,False,2023-09
2023-09-17,Sun,2023-09-17 21:00,2023-09-17 22:00,26440.94,26498.45,0.2175,0.1075,1.01,9353.25,False,2023-09
2023-09-18,Mon,2023-09-18 21:00,2023-09-18 22:00,26772.56,26877.12,0.3905,0.2805,2.62,9355.88,False,2023-09
2023-09-19,Tue,2023-09-19 21:00,2023-09-19 22:00,27194.02,27194.53,0.0019,-0.1081,-1.01,9354.86,True,2023-09
2023-09-20,Wed,2023-09-20 21:00,2023-09-20 22:00,27097.85,27093.65,-0.0155,-0.1255,-1.17,9353.69,True,2023-09
2023-09-21,Thu,2023-09-21 21:00,2023-09-21 22:00,26604.47,26592.67,-0.0444,-0.1544,-1.44,9352.25,False,2023-09
2023-09-22,Fri,2023-09-22 21:00,2023-09-22 22:00,26536.3,26584.84,0.1829,0.0729,0.68,9352.93,False,2023-09
2023-09-23,Sat,2023-09-23 21:00,2023-09-23 22:00,26590.68,26568.63,-0.0829,-0.1929,-1.8,9351.12,False,2023-09
2023-09-24,Sun,2023-09-24 21:00,2023-09-24 22:00,26504.91,26496.85,-0.0304,-0.1404,-1.31,9349.81,False,2023-09
2023-09-25,Mon,2023-09-25 21:00,2023-09-25 22:00,26285.65,26275.33,-0.0393,-0.1493,-1.4,9348.42,False,2023-09
2023-09-26,Tue,2023-09-26 21:00,2023-09-26 22:00,26151.97,26142.96,-0.0345,-0.1445,-1.35,9347.06,False,2023-09
2023-09-27,Wed,2023-09-27 21:00,2023-09-27 22:00,26239.33,26319.55,0.3057,0.1957,1.83,9348.89,False,2023-09
2023-09-28,Thu,2023-09-28 21:00,2023-09-28 22:00,27088.5,27018.33,-0.259,-0.369,-3.45,9345.44,True,2023-09
2023-09-29,Fri,2023-09-29 21:00,2023-09-29 22:00,26908.42,26888.4,-0.0744,-0.1844,-1.72,9343.72,True,2023-09
2023-09-30,Sat,2023-09-30 21:00,2023-09-30 22:00,27071.08,27016.9,-0.2001,-0.3101,-2.9,9340.82,True,2023-09
2023-10-01,Sun,2023-10-01 21:00,2023-10-01 22:00,27113.97,27986.37,3.2175,3.1075,29.03,9369.85,True,2023-10
2023-10-02,Mon,2023-10-02 21:00,2023-10-02 22:00,27839.83,27559.16,-1.0082,-1.1182,-10.48,9359.37,True,2023-10
2023-10-03,Tue,2023-10-03 21:00,2023-10-03 22:00,27398.15,27411.69,0.0494,-0.0606,-0.57,9358.81,True,2023-10
2023-10-04,Wed,2023-10-04 21:00,2023-10-04 22:00,27647.74,27759.6,0.4046,0.2946,2.76,9361.56,True,2023-10
2023-10-05,Thu,2023-10-05 21:00,2023-10-05 22:00,27475.62,27441.42,-0.1245,-0.2345,-2.2,9359.37,True,2023-10
2023-10-06,Fri,2023-10-06 21:00,2023-10-06 22:00,27994.96,27986.18,-0.0314,-0.1414,-1.32,9358.04,True,2023-10
2023-10-07,Sat,2023-10-07 21:00,2023-10-07 22:00,27940.8,27972.58,0.1137,0.0037,0.04,9358.08,True,2023-10
2023-10-08,Sun,2023-10-08 21:00,2023-10-08 22:00,27926.74,27935.85,0.0326,-0.0774,-0.72,9357.36,True,2023-10
2023-10-09,Mon,2023-10-09 21:00,2023-10-09 22:00,27577.82,27595.01,0.0623,-0.0477,-0.45,9356.91,True,2023-10
2023-10-10,Tue,2023-10-10 21:00,2023-10-10 22:00,27404.65,27447.82,0.1575,0.0475,0.44,9357.35,True,2023-10
2023-10-11,Wed,2023-10-11 21:00,2023-10-11 22:00,26710.39,26777.53,0.2514,0.1414,1.32,9358.68,False,2023-10
2023-10-12,Thu,2023-10-12 21:00,2023-10-12 22:00,26739.3,26745.54,0.0233,-0.0867,-0.81,9357.87,False,2023-10
2023-10-13,Fri,2023-10-13 21:00,2023-10-13 22:00,26974.05,26828.89,-0.5381,-0.6481,-6.07,9351.8,False,2023-10
2023-10-14,Sat,2023-10-14 21:00,2023-10-14 22:00,26848.87,26849.09,0.0008,-0.1092,-1.02,9350.78,False,2023-10
2023-10-15,Sun,2023-10-15 21:00,2023-10-15 22:00,27206.77,27115.87,-0.3341,-0.4441,-4.15,9346.63,True,2023-10
2023-10-16,Mon,2023-10-16 21:00,2023-10-16 22:00,28418.58,28522.12,0.3643,0.2543,2.38,9349.0,True,2023-10
2023-10-17,Tue,2023-10-17 21:00,2023-10-17 22:00,28455.61,28427.11,-0.1002,-0.2102,-1.96,9347.04,True,2023-10
2023-10-18,Wed,2023-10-18 21:00,2023-10-18 22:00,28260.65,28354.75,0.333,0.223,2.08,9349.12,True,2023-10
2023-10-19,Thu,2023-10-19 21:00,2023-10-19 22:00,28728.06,28666.13,-0.2156,-0.3256,-3.04,9346.08,True,2023-10
2023-10-20,Fri,2023-10-20 21:00,2023-10-20 22:00,29603.48,29678.61,0.2538,0.1438,1.34,9347.42,True,2023-10
2023-10-21,Sat,2023-10-21 21:00,2023-10-21 22:00,30035.41,30012.02,-0.0779,-0.1879,-1.76,9345.67,True,2023-10
2023-10-22,Sun,2023-10-22 21:00,2023-10-22 22:00,29863.57,30044.48,0.6058,0.4958,4.63,9350.3,True,2023-10
2023-10-23,Mon,2023-10-23 21:00,2023-10-23 22:00,31546.53,33320.27,5.6226,5.5126,51.54,9401.85,True,2023-10
2023-10-24,Tue,2023-10-24 21:00,2023-10-24 22:00,33641.53,34149.37,1.5096,1.3996,13.16,9415.0,True,2023-10
2023-10-25,Wed,2023-10-25 21:00,2023-10-25 22:00,34685.36,34620.49,-0.187,-0.297,-2.8,9412.21,True,2023-10
2023-10-26,Thu,2023-10-26 21:00,2023-10-26 22:00,34191.31,34235.64,0.1297,0.0197,0.18,9412.39,True,2023-10
2023-10-27,Fri,2023-10-27 21:00,2023-10-27 22:00,33837.24,33821.42,-0.0468,-0.1568,-1.48,9410.92,True,2023-10
2023-10-28,Sat,2023-10-28 21:00,2023-10-28 22:00,34133.7,34107.91,-0.0756,-0.1856,-1.75,9409.17,True,2023-10
2023-10-29,Sun,2023-10-29 21:00,2023-10-29 22:00,34589.45,34712.36,0.3553,0.2453,2.31,9411.48,True,2023-10
2023-10-30,Mon,2023-10-30 21:00,2023-10-30 22:00,34437.78,34487.43,0.1442,0.0342,0.32,9411.8,True,2023-10
2023-10-31,Tue,2023-10-31 21:00,2023-10-31 22:00,34647.4,34574.74,-0.2097,-0.3197,-3.01,9408.79,True,2023-10
2023-11-01,Wed,2023-11-01 21:00,2023-11-01 22:00,35445.9,35294.22,-0.4279,-0.5379,-5.06,9403.73,True,2023-11
2023-11-02,Thu,2023-11-02 21:00,2023-11-02 22:00,34912.42,34796.93,-0.3308,-0.4408,-4.15,9399.59,True,2023-11
2023-11-03,Fri,2023-11-03 21:00,2023-11-03 22:00,34616.52,34644.84,0.0818,-0.0282,-0.26,9399.32,True,2023-11
2023-11-04,Sat,2023-11-04 21:00,2023-11-04 22:00,34779.32,35181.28,1.1557,1.0457,9.83,9409.15,True,2023-11
2023-11-05,Sun,2023-11-05 21:00,2023-11-05 22:00,35036.13,34995.33,-0.1165,-0.2265,-2.13,9407.02,True,2023-11
2023-11-06,Mon,2023-11-06 21:00,2023-11-06 22:00,35038.81,35129.97,0.2602,0.1502,1.41,9408.43,True,2023-11
2023-11-07,Tue,2023-11-07 21:00,2023-11-07 22:00,35659.78,35300.99,-1.0061,-1.1161,-10.5,9397.93,True,2023-11
2023-11-08,Wed,2023-11-08 21:00,2023-11-08 22:00,35629.97,35800.37,0.4782,0.3682,3.46,9401.39,True,2023-11
2023-11-09,Thu,2023-11-09 21:00,2023-11-09 22:00,36566.86,36556.37,-0.0287,-0.1387,-1.3,9400.09,True,2023-11
2023-11-10,Fri,2023-11-10 21:00,2023-11-10 22:00,37260.3,37379.34,0.3195,0.2095,1.97,9402.06,True,2023-11
2023-11-11,Sat,2023-11-11 21:00,2023-11-11 22:00,37005.72,36908.96,-0.2615,-0.3715,-3.49,9398.56,True,2023-11
2023-11-12,Sun,2023-11-12 21:00,2023-11-12 22:00,37146.22,37169.8,0.0635,-0.0465,-0.44,9398.13,True,2023-11
2023-11-13,Mon,2023-11-13 21:00,2023-11-13 22:00,36807.48,36484.21,-0.8783,-0.9883,-9.29,9388.84,True,2023-11
2023-11-14,Tue,2023-11-14 21:00,2023-11-14 22:00,35291.01,35610.88,0.9064,0.7964,7.48,9396.32,True,2023-11
2023-11-15,Wed,2023-11-15 21:00,2023-11-15 22:00,37605.77,37730.94,0.3328,0.2228,2.09,9398.41,True,2023-11
2023-11-16,Thu,2023-11-16 21:00,2023-11-16 22:00,35959.75,36225.33,0.7385,0.6285,5.91,9404.32,True,2023-11
2023-11-17,Fri,2023-11-17 21:00,2023-11-17 22:00,36505.61,36559.62,0.1479,0.0379,0.36,9404.67,True,2023-11
2023-11-18,Sat,2023-11-18 21:00,2023-11-18 22:00,36618.98,36527.55,-0.2497,-0.3597,-3.38,9401.29,True,2023-11
2023-11-19,Sun,2023-11-19 21:00,2023-11-19 22:00,36937.23,37002.52,0.1768,0.0668,0.63,9401.92,True,2023-11
2023-11-20,Mon,2023-11-20 21:00,2023-11-20 22:00,37623.48,37455.65,-0.4461,-0.5561,-5.23,9396.69,True,2023-11
2023-11-21,Tue,2023-11-21 21:00,2023-11-21 22:00,36957.81,36391.5,-1.5323,-1.6423,-15.43,9381.26,True,2023-11
2023-11-22,Wed,2023-11-22 21:00,2023-11-22 22:00,37648.4,37458.46,-0.5045,-0.6145,-5.76,9375.49,True,2023-11
2023-11-23,Thu,2023-11-23 21:00,2023-11-23 22:00,37288.82,37315.79,0.0723,-0.0377,-0.35,9375.14,True,2023-11
2023-11-24,Fri,2023-11-24 21:00,2023-11-24 22:00,37863.68,37718.8,-0.3826,-0.4926,-4.62,9370.52,True,2023-11
2023-11-25,Sat,2023-11-25 21:00,2023-11-25 22:00,37814.44,37751.0,-0.1678,-0.2778,-2.6,9367.92,True,2023-11
2023-11-26,Sun,2023-11-26 21:00,2023-11-26 22:00,37605.23,37671.95,0.1774,0.0674,0.63,9368.55,True,2023-11
2023-11-27,Mon,2023-11-27 21:00,2023-11-27 22:00,36804.08,37083.05,0.758,0.648,6.07,9374.62,True,2023-11
2023-11-28,Tue,2023-11-28 21:00,2023-11-28 22:00,38295.81,37885.1,-1.0725,-1.1825,-11.09,9363.54,True,2023-11
2023-11-29,Wed,2023-11-29 21:00,2023-11-29 22:00,37671.56,37797.31,0.3338,0.2238,2.1,9365.63,True,2023-11
2023-11-30,Thu,2023-11-30 21:00,2023-11-30 22:00,37740.47,37706.23,-0.0907,-0.2007,-1.88,9363.75,True,2023-11
2023-12-01,Fri,2023-12-01 21:00,2023-12-01 22:00,38764.77,38726.9,-0.0977,-0.2077,-1.94,9361.81,True,2023-12
2023-12-02,Sat,2023-12-02 21:00,2023-12-02 22:00,39585.46,39370.83,-0.5422,-0.6522,-6.11,9355.7,True,2023-12
2023-12-03,Sun,2023-12-03 21:00,2023-12-03 22:00,39584.71,40072.63,1.2326,1.1226,10.5,9366.2,True,2023-12
2023-12-04,Mon,2023-12-04 21:00,2023-12-04 22:00,41756.43,41953.96,0.4731,0.3631,3.4,9369.6,True,2023-12
2023-12-05,Tue,2023-12-05 21:00,2023-12-05 22:00,43779.08,44308.8,1.21,1.1,10.31,9379.91,True,2023-12
2023-12-06,Wed,2023-12-06 21:00,2023-12-06 22:00,43751.9,43777.12,0.0576,-0.0524,-0.49,9379.42,True,2023-12
2023-12-07,Thu,2023-12-07 21:00,2023-12-07 22:00,43246.34,43152.37,-0.2173,-0.3273,-3.07,9376.35,True,2023-12
2023-12-08,Fri,2023-12-08 21:00,2023-12-08 22:00,44414.05,44282.53,-0.2961,-0.4061,-3.81,9372.54,True,2023-12
2023-12-09,Sat,2023-12-09 21:00,2023-12-09 22:00,43997.72,43905.37,-0.2099,-0.3199,-3.0,9369.54,True,2023-12
2023-12-10,Sun,2023-12-10 21:00,2023-12-10 22:00,43960.1,43780.01,-0.4097,-0.5197,-4.87,9364.67,True,2023-12
2023-12-11,Mon,2023-12-11 21:00,2023-12-11 22:00,40807.16,41271.45,1.1378,1.0278,9.62,9374.3,True,2023-12
2023-12-12,Tue,2023-12-12 21:00,2023-12-12 22:00,41196.44,41224.5,0.0681,-0.0419,-0.39,9373.91,True,2023-12
2023-12-13,Wed,2023-12-13 21:00,2023-12-13 22:00,42889.66,42987.68,0.2285,0.1185,1.11,9375.02,True,2023-12
2023-12-14,Thu,2023-12-14 21:00,2023-12-14 22:00,42930.46,43077.88,0.3434,0.2334,2.19,9377.21,True,2023-12
2023-12-15,Fri,2023-12-15 21:00,2023-12-15 22:00,42228.92,42073.38,-0.3683,-0.4783,-4.49,9372.72,True,2023-12
2023-12-16,Sat,2023-12-16 21:00,2023-12-16 22:00,42299.48,42271.04,-0.0672,-0.1772,-1.66,9371.06,True,2023-12
2023-12-17,Sun,2023-12-17 21:00,2023-12-17 22:00,42065.54,41678.29,-0.9206,-1.0306,-9.66,9361.4,True,2023-12
2023-12-18,Mon,2023-12-18 21:00,2023-12-18 22:00,41961.42,42500.67,1.2851,1.1751,11.0,9372.4,True,2023-12
2023-12-19,Tue,2023-12-19 21:00,2023-12-19 22:00,42200.92,42307.88,0.2535,0.1435,1.34,9373.75,True,2023-12
2023-12-20,Wed,2023-12-20 21:00,2023-12-20 22:00,43456.89,43618.63,0.3722,0.2622,2.46,9376.2,True,2023-12
2023-12-21,Thu,2023-12-21 21:00,2023-12-21 22:00,43799.98,43958.73,0.3624,0.2524,2.37,9378.57,True,2023-12
2023-12-22,Fri,2023-12-22 21:00,2023-12-22 22:00,43677.53,43846.4,0.3866,0.2766,2.59,9381.17,True,2023-12
2023-12-23,Sat,2023-12-23 21:00,2023-12-23 22:00,43737.1,43770.53,0.0764,-0.0336,-0.31,9380.85,True,2023-12
2023-12-24,Sun,2023-12-24 21:00,2023-12-24 22:00,43532.47,43007.72,-1.2054,-1.3154,-12.34,9368.51,True,2023-12
2023-12-25,Mon,2023-12-25 21:00,2023-12-25 22:00,43430.01,43692.66,0.6048,0.4948,4.64,9373.15,True,2023-12
2023-12-26,Tue,2023-12-26 21:00,2023-12-26 22:00,42122.42,42471.06,0.8277,0.7177,6.73,9379.87,True,2023-12
2023-12-27,Wed,2023-12-27 21:00,2023-12-27 22:00,43486.48,43368.58,-0.2711,-0.3811,-3.57,9376.3,True,2023-12
2023-12-28,Thu,2023-12-28 21:00,2023-12-28 22:00,42513.64,42656.16,0.3352,0.2252,2.11,9378.41,True,2023-12
2023-12-29,Fri,2023-12-29 21:00,2023-12-29 22:00,42016.73,41773.75,-0.5783,-0.6883,-6.46,9371.96,True,2023-12
2023-12-30,Sat,2023-12-30 21:00,2023-12-30 22:00,42276.49,42132.36,-0.3409,-0.4509,-4.23,9367.73,True,2023-12
2023-12-31,Sun,2023-12-31 21:00,2023-12-31 22:00,42531.41,42248.8,-0.6645,-0.7745,-7.26,9360.47,True,2023-12
2024-01-01,Mon,2024-01-01 21:00,2024-01-01 22:00,43703.06,43546.06,-0.3592,-0.4692,-4.39,9356.08,True,2024-01
2024-01-02,Tue,2024-01-02 21:00,2024-01-02 22:00,44799.33,45000.74,0.4496,0.3396,3.18,9359.26,True,2024-01
2024-01-03,Wed,2024-01-03 21:00,2024-01-03 22:00,42742.69,42764.33,0.0506,-0.0594,-0.56,9358.7,True,2024-01
2024-01-04,Thu,2024-01-04 21:00,2024-01-04 22:00,44163.05,44368.33,0.4648,0.3548,3.32,9362.02,True,2024-01
2024-01-05,Fri,2024-01-05 21:00,2024-01-05 22:00,43994.28,44009.61,0.0348,-0.0752,-0.7,9361.32,True,2024-01
2024-01-06,Sat,2024-01-06 21:00,2024-01-06 22:00,43860.0,43907.26,0.1078,-0.0022,-0.02,9361.3,True,2024-01
2024-01-07,Sun,2024-01-07 21:00,2024-01-07 22:00,44151.0,43892.05,-0.5865,-0.6965,-6.52,9354.78,True,2024-01
2024-01-08,Mon,2024-01-08 21:00,2024-01-08 22:00,46819.18,47044.02,0.4802,0.3702,3.46,9358.24,True,2024-01
2024-01-09,Tue,2024-01-09 21:00,2024-01-09 22:00,46649.39,46278.06,-0.796,-0.906,-8.48,9349.76,True,2024-01
2024-01-10,Wed,2024-01-10 21:00,2024-01-10 22:00,46144.91,46928.33,1.6977,1.5877,14.84,9364.61,True,2024-01
2024-01-11,Thu,2024-01-11 21:00,2024-01-11 22:00,46278.92,46411.76,0.287,0.177,1.66,9366.27,True,2024-01
2024-01-12,Fri,2024-01-12 21:00,2024-01-12 22:00,43643.4,42484.61,-2.6551,-2.7651,-25.9,9340.37,True,2024-01
2024-01-13,Sat,2024-01-13 21:00,2024-01-13 22:00,42858.62,42982.97,0.2901,0.1801,1.68,9342.05,True,2024-01
2024-01-14,Sun,2024-01-14 21:00,2024-01-14 22:00,42484.98,42249.89,-0.5533,-0.6633,-6.2,9335.85,False,2024-01
2024-01-15,Mon,2024-01-15 21:00,2024-01-15 22:00,42929.86,42588.65,-0.7948,-0.9048,-8.45,9327.41,True,2024-01
2024-01-16,Tue,2024-01-16 21:00,2024-01-16 22:00,43169.99,43200.02,0.0696,-0.0404,-0.38,9327.03,True,2024-01
2024-01-17,Wed,2024-01-17 21:00,2024-01-17 22:00,42636.35,42686.19,0.1169,0.0069,0.06,9327.09,True,2024-01
2024-01-18,Thu,2024-01-18 21:00,2024-01-18 22:00,40671.76,41315.53,1.5828,1.4728,13.74,9340.83,False,2024-01
2024-01-19,Fri,2024-01-19 21:00,2024-01-19 22:00,41558.03,41644.41,0.2079,0.0979,0.91,9341.75,False,2024-01
2024-01-20,Sat,2024-01-20 21:00,2024-01-20 22:00,41722.09,41748.66,0.0637,-0.0463,-0.43,9341.31,False,2024-01
2024-01-21,Sun,2024-01-21 21:00,2024-01-21 22:00,41631.46,41612.21,-0.0462,-0.1562,-1.46,9339.85,False,2024-01
2024-01-22,Mon,2024-01-22 21:00,2024-01-22 22:00,40139.74,39789.59,-0.8723,-0.9823,-9.17,9330.68,False,2024-01
2024-01-23,Tue,2024-01-23 21:00,2024-01-23 22:00,39111.76,39439.31,0.8375,0.7275,6.79,9337.47,False,2024-01
2024-01-24,Wed,2024-01-24 21:00,2024-01-24 22:00,39478.85,39868.12,0.986,0.876,8.18,9345.65,False,2024-01
2024-01-25,Thu,2024-01-25 21:00,2024-01-25 22:00,39807.09,39936.78,0.3258,0.2158,2.02,9347.66,False,2024-01
2024-01-26,Fri,2024-01-26 21:00,2024-01-26 22:00,41967.75,41898.83,-0.1642,-0.2742,-2.56,9345.1,True,2024-01
2024-01-27,Sat,2024-01-27 21:00,2024-01-27 22:00,42058.25,42155.01,0.2301,0.1201,1.12,9346.22,True,2024-01
2024-01-28,Sun,2024-01-28 21:00,2024-01-28 22:00,41938.62,41828.0,-0.2638,-0.3738,-3.49,9342.73,True,2024-01
2024-01-29,Mon,2024-01-29 21:00,2024-01-29 22:00,43149.75,43117.08,-0.0757,-0.1857,-1.74,9340.99,True,2024-01
2024-01-30,Tue,2024-01-30 21:00,2024-01-30 22:00,43561.06,43329.94,-0.5306,-0.6406,-5.98,9335.01,True,2024-01
2024-01-31,Wed,2024-01-31 21:00,2024-01-31 22:00,42525.98,42634.7,0.2557,0.1457,1.36,9336.37,True,2024-01
2024-02-01,Thu,2024-02-01 21:00,2024-02-01 22:00,43001.82,42918.1,-0.1947,-0.3047,-2.84,9333.52,True,2024-02
2024-02-02,Fri,2024-02-02 21:00,2024-02-02 22:00,42935.22,43183.49,0.5782,0.4682,4.37,9337.89,True,2024-02
2024-02-03,Sat,2024-02-03 21:00,2024-02-03 22:00,43053.49,43024.77,-0.0667,-0.1767,-1.65,9336.24,True,2024-02
2024-02-04,Sun,2024-02-04 21:00,2024-02-04 22:00,42859.43,42561.45,-0.6952,-0.8052,-7.52,9328.73,True,2024-02
2024-02-05,Mon,2024-02-05 21:00,2024-02-05 22:00,42380.17,42451.07,0.1673,0.0573,0.53,9329.26,True,2024-02
2024-02-06,Tue,2024-02-06 21:00,2024-02-06 22:00,43090.13,43195.42,0.2443,0.1343,1.25,9330.51,True,2024-02
2024-02-07,Wed,2024-02-07 21:00,2024-02-07 22:00,44129.57,44161.02,0.0713,-0.0387,-0.36,9330.15,True,2024-02
2024-02-08,Thu,2024-02-08 21:00,2024-02-08 22:00,45532.0,45287.41,-0.5372,-0.6472,-6.04,9324.11,True,2024-02
2024-02-09,Fri,2024-02-09 21:00,2024-02-09 22:00,47563.72,47310.74,-0.5319,-0.6419,-5.98,9318.13,True,2024-02
2024-02-10,Sat,2024-02-10 21:00,2024-02-10 22:00,47894.1,47843.17,-0.1063,-0.2163,-2.02,9316.11,True,2024-02
2024-02-11,Sun,2024-02-11 21:00,2024-02-11 22:00,48047.35,48159.29,0.233,0.123,1.15,9317.26,True,2024-02
2024-02-12,Mon,2024-02-12 21:00,2024-02-12 22:00,50217.66,50051.6,-0.3307,-0.4407,-4.11,9313.15,True,2024-02
2024-02-13,Tue,2024-02-13 21:00,2024-02-13 22:00,49446.55,49544.5,0.1981,0.0881,0.82,9313.97,True,2024-02
2024-02-14,Wed,2024-02-14 21:00,2024-02-14 22:00,51744.68,51845.52,0.1949,0.0849,0.79,9314.76,True,2024-02
2024-02-15,Thu,2024-02-15 21:00,2024-02-15 22:00,51725.45,51689.2,-0.0701,-0.1801,-1.68,9313.09,True,2024-02
2024-02-16,Fri,2024-02-16 21:00,2024-02-16 22:00,51860.35,52030.19,0.3275,0.2175,2.03,9315.11,True,2024-02
2024-02-17,Sat,2024-02-17 21:00,2024-02-17 22:00,51528.52,51725.59,0.3824,0.2724,2.54,9317.65,True,2024-02
2024-02-18,Sun,2024-02-18 21:00,2024-02-18 22:00,51797.88,52249.51,0.8719,0.7619,7.1,9324.75,True,2024-02
2024-02-19,Mon,2024-02-19 21:00,2024-02-19 22:00,51816.05,51953.08,0.2645,0.1545,1.44,9326.19,True,2024-02
2024-02-20,Tue,2024-02-20 21:00,2024-02-20 22:00,52005.01,52194.09,0.3636,0.2536,2.36,9328.56,True,2024-02
2024-02-21,Wed,2024-02-21 21:00,2024-02-21 22:00,50957.7,51515.63,1.0949,0.9849,9.19,9337.74,True,2024-02
2024-02-22,Thu,2024-02-22 21:00,2024-02-22 22:00,52013.51,51438.17,-1.1061,-1.2161,-11.36,9326.39,True,2024-02
2024-02-23,Fri,2024-02-23 21:00,2024-02-23 22:00,51081.42,50776.85,-0.5962,-0.7062,-6.59,9319.8,True,2024-02
2024-02-24,Sat,2024-02-24 21:00,2024-02-24 22:00,51506.59,51557.52,0.0989,-0.0111,-0.1,9319.7,True,2024-02
2024-02-25,Sun,2024-02-25 21:00,2024-02-25 22:00,51730.13,51703.46,-0.0516,-0.1616,-1.51,9318.19,True,2024-02
2024-02-26,Mon,2024-02-26 21:00,2024-02-26 22:00,54478.11,54698.59,0.4047,0.2947,2.75,9320.94,True,2024-02
2024-02-27,Tue,2024-02-27 21:00,2024-02-27 22:00,57009.98,56920.09,-0.1577,-0.2677,-2.49,9318.44,True,2024-02
2024-02-28,Wed,2024-02-28 21:00,2024-02-28 22:00,60391.87,61325.01,1.5451,1.4351,13.37,9331.82,True,2024-02
2024-02-29,Thu,2024-02-29 21:00,2024-02-29 22:00,61968.89,61262.91,-1.1392,-1.2492,-11.66,9320.16,True,2024-02
2024-03-01,Fri,2024-03-01 21:00,2024-03-01 22:00,62981.25,62553.55,-0.6791,-0.7891,-7.35,9312.8,True,2024-03
2024-03-02,Sat,2024-03-02 21:00,2024-03-02 22:00,61947.87,61761.19,-0.3014,-0.4114,-3.83,9308.97,True,2024-03
2024-03-03,Sun,2024-03-03 21:00,2024-03-03 22:00,62800.46,62864.25,0.1016,-0.0084,-0.08,9308.89,True,2024-03
2024-03-04,Mon,2024-03-04 21:00,2024-03-04 22:00,67637.85,68000.0,0.5354,0.4254,3.96,9312.85,True,2024-03
2024-03-05,Tue,2024-03-05 21:00,2024-03-05 22:00,61902.36,63442.39,2.4878,2.3778,22.14,9335.0,True,2024-03
2024-03-06,Wed,2024-03-06 21:00,2024-03-06 22:00,67073.38,65973.06,-1.6405,-1.7505,-16.34,9318.66,True,2024-03
2024-03-07,Thu,2024-03-07 21:00,2024-03-07 22:00,67720.89,67203.68,-0.7637,-0.8737,-8.14,9310.52,True,2024-03
2024-03-08,Fri,2024-03-08 21:00,2024-03-08 22:00,69333.08,68317.64,-1.4646,-1.5746,-14.66,9295.86,True,2024-03
2024-03-09,Sat,2024-03-09 21:00,2024-03-09 22:00,68513.55,68507.46,-0.0089,-0.1189,-1.11,9294.75,True,2024-03
2024-03-10,Sun,2024-03-10 21:00,2024-03-10 22:00,69435.36,68540.39,-1.2889,-1.3989,-13.0,9281.75,True,2024-03
2024-03-11,Mon,2024-03-11 21:00,2024-03-11 22:00,72147.73,72464.16,0.4386,0.3286,3.05,9284.8,True,2024-03
2024-03-12,Tue,2024-03-12 21:00,2024-03-12 22:00,71063.41,71180.81,0.1652,0.0552,0.51,9285.31,True,2024-03
2024-03-13,Wed,2024-03-13 21:00,2024-03-13 22:00,73160.79,73000.95,-0.2185,-0.3285,-3.05,9282.26,True,2024-03
2024-03-14,Thu,2024-03-14 21:00,2024-03-14 22:00,70685.67,71506.62,1.1614,1.0514,9.76,9292.02,True,2024-03
2024-03-15,Fri,2024-03-15 21:00,2024-03-15 22:00,67861.33,69109.38,1.8391,1.7291,16.07,9308.09,True,2024-03
2024-03-16,Sat,2024-03-16 21:00,2024-03-16 22:00,67079.92,66324.44,-1.1262,-1.2362,-11.51,9296.58,True,2024-03
2024-03-17,Sun,2024-03-17 21:00,2024-03-17 22:00,68255.37,68193.8,-0.0902,-0.2002,-1.86,9294.72,True,2024-03
2024-03-18,Mon,2024-03-18 21:00,2024-03-18 22:00,67379.41,67691.24,0.4628,0.3528,3.28,9298.0,True,2024-03
2024-03-19,Tue,2024-03-19 21:00,2024-03-19 22:00,63742.24,62591.91,-1.8047,-1.9147,-17.8,9280.19,True,2024-03
2024-03-20,Wed,2024-03-20 21:00,2024-03-20 22:00,67083.39,67691.85,0.907,0.797,7.4,9287.59,True,2024-03
2024-03-21,Thu,2024-03-21 21:00,2024-03-21 22:00,65467.77,65380.31,-0.1336,-0.2436,-2.26,9285.33,True,2024-03
2024-03-22,Fri,2024-03-22 21:00,2024-03-22 22:00,63514.07,63053.44,-0.7252,-0.8352,-7.76,9277.57,True,2024-03
2024-03-23,Sat,2024-03-23 21:00,2024-03-23 22:00,65008.18,64744.61,-0.4054,-0.5154,-4.78,9272.79,True,2024-03
2024-03-24,Sun,2024-03-24 21:00,2024-03-24 22:00,66153.64,66948.1,1.2009,1.0909,10.12,9282.91,True,2024-03
2024-03-25,Mon,2024-03-25 21:00,2024-03-25 22:00,70990.89,70332.71,-0.9271,-1.0371,-9.63,9273.28,True,2024-03
2024-03-26,Tue,2024-03-26 21:00,2024-03-26 22:00,69819.87,70243.73,0.6071,0.4971,4.61,9277.89,True,2024-03
2024-03-27,Wed,2024-03-27 21:00,2024-03-27 22:00,68855.77,69407.7,0.8016,0.6916,6.42,9284.31,True,2024-03
2024-03-28,Thu,2024-03-28 21:00,2024-03-28 22:00,70713.83,70870.61,0.2217,0.1117,1.04,9285.34,True,2024-03
2024-03-29,Fri,2024-03-29 21:00,2024-03-29 22:00,69664.71,69851.46,0.2681,0.1581,1.47,9286.81,True,2024-03
2024-03-30,Sat,2024-03-30 21:00,2024-03-30 22:00,69852.85,69747.33,-0.1511,-0.2611,-2.42,9284.39,True,2024-03
2024-03-31,Sun,2024-03-31 21:00,2024-03-31 22:00,70848.62,70976.98,0.1812,0.0712,0.66,9285.05,True,2024-03
2024-04-01,Mon,2024-04-01 21:00,2024-04-01 22:00,69769.94,69729.36,-0.0582,-0.1682,-1.56,9283.49,True,2024-04
2024-04-02,Tue,2024-04-02 21:00,2024-04-02 22:00,65659.8,65831.29,0.2612,0.1512,1.4,9284.89,True,2024-04
2024-04-03,Wed,2024-04-03 21:00,2024-04-03 22:00,65732.7,66164.77,0.6573,0.5473,5.08,9289.97,True,2024-04
2024-04-04,Thu,2024-04-04 21:00,2024-04-04 22:00,67951.51,67962.59,0.0163,-0.0937,-0.87,9289.1,True,2024-04
2024-04-05,Fri,2024-04-05 21:00,2024-04-05 22:00,67663.49,67655.42,-0.0119,-0.1219,-1.13,9287.97,True,2024-04
2024-04-06,Sat,2024-04-06 21:00,2024-04-06 22:00,68413.6,69062.44,0.9484,0.8384,7.79,9295.75,True,2024-04
2024-04-07,Sun,2024-04-07 21:00,2024-04-07 22:00,69317.3,69213.24,-0.1501,-0.2601,-2.42,9293.34,True,2024-04
2024-04-08,Mon,2024-04-08 21:00,2024-04-08 22:00,71708.02,71908.57,0.2797,0.1697,1.58,9294.91,True,2024-04
2024-04-09,Tue,2024-04-09 21:00,2024-04-09 22:00,69131.92,69301.99,0.246,0.136,1.26,9296.18,True,2024-04
2024-04-10,Wed,2024-04-10 21:00,2024-04-10 22:00,69806.98,70537.01,1.0458,0.9358,8.7,9304.88,True,2024-04
2024-04-11,Thu,2024-04-11 21:00,2024-04-11 22:00,70523.9,70175.59,-0.4939,-0.6039,-5.62,9299.26,True,2024-04
2024-04-12,Fri,2024-04-12 21:00,2024-04-12 22:00,67152.35,67092.47,-0.0892,-0.1992,-1.85,9297.41,True,2024-04
2024-04-13,Sat,2024-04-13 21:00,2024-04-13 22:00,61971.39,64381.37,3.8889,3.7789,35.13,9332.54,False,2024-04
2024-04-14,Sun,2024-04-14 21:00,2024-04-14 22:00,63869.21,65375.32,2.3581,2.2481,20.98,9353.52,True,2024-04
2024-04-15,Mon,2024-04-15 21:00,2024-04-15 22:00,63146.96,63468.78,0.5096,0.3996,3.74,9357.26,False,2024-04
2024-04-16,Tue,2024-04-16 21:00,2024-04-16 22:00,63040.59,63811.89,1.2235,1.1135,10.42,9367.68,False,2024-04
2024-04-17,Wed,2024-04-17 21:00,2024-04-17 22:00,60852.9,61687.33,1.3712,1.2612,11.81,9379.49,False,2024-04
2024-04-18,Thu,2024-04-18 21:00,2024-04-18 22:00,63534.67,63531.18,-0.0055,-0.1155,-1.08,9378.41,False,2024-04
2024-04-19,Fri,2024-04-19 21:00,2024-04-19 22:00,64075.42,64033.0,-0.0662,-0.1762,-1.65,9376.76,False,2024-04
2024-04-20,Sat,2024-04-20 21:00,2024-04-20 22:00,64755.21,64636.43,-0.1834,-0.2934,-2.75,9374.0,True,2024-04
2024-04-21,Sun,2024-04-21 21:00,2024-04-21 22:00,64658.21,65034.78,0.5824,0.4724,4.43,9378.43,True,2024-04
2024-04-22,Mon,2024-04-22 21:00,2024-04-22 22:00,66554.58,67049.99,0.7444,0.6344,5.95,9384.38,True,2024-04
2024-04-23,Tue,2024-04-23 21:00,2024-04-23 22:00,66350.36,66372.65,0.0336,-0.0764,-0.72,9383.67,True,2024-04
2024-04-24,Wed,2024-04-24 21:00,2024-04-24 22:00,64040.42,64051.0,0.0165,-0.0935,-0.88,9382.79,False,2024-04
2024-04-25,Thu,2024-04-25 21:00,2024-04-25 22:00,64800.0,64609.5,-0.294,-0.404,-3.79,9379.0,False,2024-04
2024-04-26,Fri,2024-04-26 21:00,2024-04-26 22:00,63944.91,63791.84,-0.2394,-0.3494,-3.28,9375.72,False,2024-04
2024-04-27,Sat,2024-04-27 21:00,2024-04-27 22:00,63239.09,63218.02,-0.0333,-0.1433,-1.34,9374.38,False,2024-04
2024-04-28,Sun,2024-04-28 21:00,2024-04-28 22:00,63663.28,63129.65,-0.8382,-0.9482,-8.89,9365.49,False,2024-04
2024-04-29,Mon,2024-04-29 21:00,2024-04-29 22:00,62946.52,63858.73,1.4492,1.3392,12.54,9378.03,False,2024-04
2024-04-30,Tue,2024-04-30 21:00,2024-04-30 22:00,59865.66,60526.64,1.1041,0.9941,9.32,9387.35,False,2024-04
2024-05-01,Wed,2024-05-01 21:00,2024-05-01 22:00,57277.58,57800.69,0.9133,0.8033,7.54,9394.89,False,2024-05
2024-05-02,Thu,2024-05-02 21:00,2024-05-02 22:00,58739.04,59334.17,1.0132,0.9032,8.49,9403.38,False,2024-05
2024-05-03,Fri,2024-05-03 21:00,2024-05-03 22:00,62938.49,62818.4,-0.1908,-0.3008,-2.83,9400.55,False,2024-05
2024-05-04,Sat,2024-05-04 21:00,2024-05-04 22:00,63877.42,63624.25,-0.3963,-0.5063,-4.76,9395.79,True,2024-05
2024-05-05,Sun,2024-05-05 21:00,2024-05-05 22:00,63740.98,63873.74,0.2083,0.0983,0.92,9396.71,True,2024-05
2024-05-06,Mon,2024-05-06 21:00,2024-05-06 22:00,63296.93,63491.89,0.308,0.198,1.86,9398.58,False,2024-05
2024-05-07,Tue,2024-05-07 21:00,2024-05-07 22:00,62971.4,62849.87,-0.193,-0.303,-2.85,9395.73,False,2024-05
2024-05-08,Wed,2024-05-08 21:00,2024-05-08 22:00,61557.23,61233.82,-0.5254,-0.6354,-5.97,9389.76,False,2024-05
2024-05-09,Thu,2024-05-09 21:00,2024-05-09 22:00,62620.38,63276.87,1.0484,0.9384,8.81,9398.57,False,2024-05
2024-05-10,Fri,2024-05-10 21:00,2024-05-10 22:00,60496.44,60835.32,0.5602,0.4502,4.23,9402.8,False,2024-05
2024-05-11,Sat,2024-05-11 21:00,2024-05-11 22:00,60997.46,60892.86,-0.1715,-0.2815,-2.65,9400.15,False,2024-05
2024-05-12,Sun,2024-05-12 21:00,2024-05-12 22:00,61256.87,61301.48,0.0728,-0.0372,-0.35,9399.8,False,2024-05
2024-05-13,Mon,2024-05-13 21:00,2024-05-13 22:00,63091.1,62760.78,-0.5236,-0.6336,-5.96,9393.85,False,2024-05
2024-05-14,Tue,2024-05-14 21:00,2024-05-14 22:00,61575.12,61682.56,0.1745,0.0645,0.61,9394.45,False,2024-05
2024-05-15,Wed,2024-05-15 21:00,2024-05-15 22:00,65992.46,66148.1,0.2358,0.1258,1.18,9395.64,True,2024-05
2024-05-16,Thu,2024-05-16 21:00,2024-05-16 22:00,65289.36,65437.26,0.2265,0.1165,1.09,9396.73,True,2024-05
2024-05-17,Fri,2024-05-17 21:00,2024-05-17 22:00,66923.12,66799.65,-0.1845,-0.2945,-2.77,9393.96,True,2024-05
2024-05-18,Sat,2024-05-18 21:00,2024-05-18 22:00,66993.03,66944.12,-0.073,-0.183,-1.72,9392.24,True,2024-05
2024-05-19,Sun,2024-05-19 21:00,2024-05-19 22:00,66157.3,66353.93,0.2972,0.1872,1.76,9394.0,True,2024-05
2024-05-20,Mon,2024-05-20 21:00,2024-05-20 22:00,69543.63,69613.34,0.1002,-0.0098,-0.09,9393.91,True,2024-05
2024-05-21,Tue,2024-05-21 21:00,2024-05-21 22:00,69711.9,70212.82,0.7186,0.6086,5.72,9399.63,True,2024-05
2024-05-22,Wed,2024-05-22 21:00,2024-05-22 22:00,69406.44,69095.09,-0.4486,-0.5586,-5.25,9394.38,True,2024-05
2024-05-23,Thu,2024-05-23 21:00,2024-05-23 22:00,67750.61,67656.29,-0.1392,-0.2492,-2.34,9392.04,True,2024-05
2024-05-24,Fri,2024-05-24 21:00,2024-05-24 22:00,68833.74,68776.68,-0.0829,-0.1929,-1.81,9390.22,True,2024-05
2024-05-25,Sat,2024-05-25 21:00,2024-05-25 22:00,69095.57,69114.95,0.028,-0.082,-0.77,9389.45,True,2024-05
2024-05-26,Sun,2024-05-26 21:00,2024-05-26 22:00,68680.91,68526.05,-0.2255,-0.3355,-3.15,9386.3,True,2024-05
2024-05-27,Mon,2024-05-27 21:00,2024-05-27 22:00,69593.45,69525.07,-0.0983,-0.2083,-1.95,9384.35,True,2024-05
2024-05-28,Tue,2024-05-28 21:00,2024-05-28 22:00,68245.44,68552.97,0.4506,0.3406,3.2,9387.55,True,2024-05
2024-05-29,Wed,2024-05-29 21:00,2024-05-29 22:00,67400.14,67606.61,0.3063,0.1963,1.84,9389.39,True,2024-05
2024-05-30,Thu,2024-05-30 21:00,2024-05-30 22:00,68471.98,68293.74,-0.2603,-0.3703,-3.48,9385.91,True,2024-05
2024-05-31,Fri,2024-05-31 21:00,2024-05-31 22:00,67628.59,67547.64,-0.1197,-0.2297,-2.16,9383.76,True,2024-05
2024-06-01,Sat,2024-06-01 21:00,2024-06-01 22:00,67746.29,67720.14,-0.0386,-0.1486,-1.39,9382.36,True,2024-06
2024-06-02,Sun,2024-06-02 21:00,2024-06-02 22:00,67787.85,67896.95,0.1609,0.0509,0.48,9382.84,True,2024-06
2024-06-03,Mon,2024-06-03 21:00,2024-06-03 22:00,69099.0,69034.18,-0.0938,-0.2038,-1.91,9380.93,True,2024-06
2024-06-04,Tue,2024-06-04 21:00,2024-06-04 22:00,70406.96,70582.39,0.2492,0.1392,1.31,9382.23,True,2024-06
2024-06-05,Wed,2024-06-05 21:00,2024-06-05 22:00,71211.56,71150.86,-0.0852,-0.1952,-1.83,9380.4,True,2024-06
2024-06-06,Thu,2024-06-06 21:00,2024-06-06 22:00,70692.94,70880.35,0.2651,0.1551,1.45,9381.86,True,2024-06
2024-06-07,Fri,2024-06-07 21:00,2024-06-07 22:00,69280.85,69479.89,0.2873,0.1773,1.66,9383.52,True,2024-06
2024-06-08,Sat,2024-06-08 21:00,2024-06-08 22:00,69361.07,69336.54,-0.0354,-0.1454,-1.36,9382.16,True,2024-06
2024-06-09,Sun,2024-06-09 21:00,2024-06-09 22:00,69681.82,69624.24,-0.0826,-0.1926,-1.81,9380.35,True,2024-06
2024-06-10,Mon,2024-06-10 21:00,2024-06-10 22:00,69597.12,69462.06,-0.1941,-0.3041,-2.85,9377.5,True,2024-06
2024-06-11,Tue,2024-06-11 21:00,2024-06-11 22:00,67289.73,67359.8,0.1041,-0.0059,-0.06,9377.44,True,2024-06
2024-06-12,Wed,2024-06-12 21:00,2024-06-12 22:00,68074.07,68321.32,0.3632,0.2532,2.37,9379.82,True,2024-06
2024-06-13,Thu,2024-06-13 21:00,2024-06-13 22:00,66689.99,66859.44,0.2541,0.1441,1.35,9381.17,False,2024-06
2024-06-14,Fri,2024-06-14 21:00,2024-06-14 22:00,65736.5,65973.03,0.3598,0.2498,2.34,9383.51,False,2024-06
2024-06-15,Sat,2024-06-15 21:00,2024-06-15 22:00,66008.35,66169.67,0.2444,0.1344,1.26,9384.77,False,2024-06
2024-06-16,Sun,2024-06-16 21:00,2024-06-16 22:00,66465.04,66703.59,0.3589,0.2489,2.34,9387.11,False,2024-06
2024-06-17,Mon,2024-06-17 21:00,2024-06-17 22:00,66378.67,66629.92,0.3785,0.2685,2.52,9389.63,False,2024-06
2024-06-18,Tue,2024-06-18 21:00,2024-06-18 22:00,64890.39,65253.18,0.5591,0.4491,4.22,9393.85,False,2024-06
2024-06-19,Wed,2024-06-19 21:00,2024-06-19 22:00,64862.66,64805.01,-0.0889,-0.1989,-1.87,9391.98,False,2024-06
2024-06-20,Thu,2024-06-20 21:00,2024-06-20 22:00,65063.91,64962.44,-0.156,-0.266,-2.5,9389.48,False,2024-06
2024-06-21,Fri,2024-06-21 21:00,2024-06-21 22:00,64170.94,64124.77,-0.0719,-0.1819,-1.71,9387.77,False,2024-06
2024-06-22,Sat,2024-06-22 21:00,2024-06-22 22:00,64258.02,64288.82,0.0479,-0.0621,-0.58,9387.19,False,2024-06
2024-06-23,Sun,2024-06-23 21:00,2024-06-23 22:00,63707.3,63619.97,-0.1371,-0.2471,-2.32,9384.87,False,2024-06
2024-06-24,Mon,2024-06-24 21:00,2024-06-24 22:00,59468.2,60016.24,0.9216,0.8116,7.62,9392.49,False,2024-06
2024-06-25,Tue,2024-06-25 21:00,2024-06-25 22:00,61911.06,61905.8,-0.0085,-0.1185,-1.11,9391.37,False,2024-06
2024-06-26,Wed,2024-06-26 21:00,2024-06-26 22:00,60959.43,60876.51,-0.136,-0.246,-2.31,9389.06,False,2024-06
2024-06-27,Thu,2024-06-27 21:00,2024-06-27 22:00,61408.21,61558.51,0.2448,0.1348,1.27,9390.33,False,2024-06
2024-06-28,Fri,2024-06-28 21:00,2024-06-28 22:00,60118.76,60244.16,0.2086,0.0986,0.93,9391.25,False,2024-06
2024-06-29,Sat,2024-06-29 21:00,2024-06-29 22:00,60944.06,60871.28,-0.1194,-0.2294,-2.15,9389.1,False,2024-06
2024-06-30,Sun,2024-06-30 21:00,2024-06-30 22:00,61886.94,62793.77,1.4653,1.3553,12.73,9401.82,False,2024-06
2024-07-01,Mon,2024-07-01 21:00,2024-07-01 22:00,63225.53,62909.24,-0.5003,-0.6103,-5.74,9396.09,False,2024-07
2024-07-02,Tue,2024-07-02 21:00,2024-07-02 22:00,61905.38,61998.8,0.1509,0.0409,0.38,9396.47,False,2024-07
2024-07-03,Wed,2024-07-03 21:00,2024-07-03 22:00,59542.72,60251.43,1.1903,1.0803,10.15,9406.62,False,2024-07
2024-07-04,Thu,2024-07-04 21:00,2024-07-04 22:00,58331.27,58007.02,-0.5559,-0.6659,-6.26,9400.36,False,2024-07
2024-07-05,Fri,2024-07-05 21:00,2024-07-05 22:00,56352.41,56629.84,0.4923,0.3823,3.59,9403.95,False,2024-07
2024-07-06,Sat,2024-07-06 21:00,2024-07-06 22:00,57973.56,58111.35,0.2377,0.1277,1.2,9405.15,False,2024-07
2024-07-07,Sun,2024-07-07 21:00,2024-07-07 22:00,57260.29,56384.04,-1.5303,-1.6403,-15.43,9389.72,False,2024-07
2024-07-08,Mon,2024-07-08 21:00,2024-07-08 22:00,56259.73,56678.21,0.7438,0.6338,5.95,9395.68,False,2024-07
2024-07-09,Tue,2024-07-09 21:00,2024-07-09 22:00,57938.05,57935.15,-0.005,-0.115,-1.08,9394.6,False,2024-07
2024-07-10,Wed,2024-07-10 21:00,2024-07-10 22:00,57404.83,57703.09,0.5196,0.4096,3.85,9398.44,False,2024-07
2024-07-11,Thu,2024-07-11 21:00,2024-07-11 22:00,57558.22,57340.53,-0.3782,-0.4882,-4.59,9393.85,False,2024-07
2024-07-12,Fri,2024-07-12 21:00,2024-07-12 22:00,57539.51,57796.43,0.4465,0.3365,3.16,9397.02,False,2024-07
2024-07-13,Sat,2024-07-13 21:00,2024-07-13 22:00,58606.44,59502.95,1.5297,1.4197,13.34,9410.36,False,2024-07
2024-07-14,Sun,2024-07-14 21:00,2024-07-14 22:00,60113.29,60880.19,1.2758,1.1658,10.97,9421.33,False,2024-07
2024-07-15,Mon,2024-07-15 21:00,2024-07-15 22:00,63775.01,64384.83,0.9562,0.8462,7.97,9429.3,True,2024-07
2024-07-16,Tue,2024-07-16 21:00,2024-07-16 22:00,64692.99,64645.04,-0.0741,-0.1841,-1.74,9427.56,True,2024-07
2024-07-17,Wed,2024-07-17 21:00,2024-07-17 22:00,64527.93,64275.34,-0.3914,-0.5014,-4.73,9422.84,True,2024-07
2024-07-18,Thu,2024-07-18 21:00,2024-07-18 22:00,63813.64,64020.28,0.3238,0.2138,2.01,9424.85,True,2024-07
2024-07-19,Fri,2024-07-19 21:00,2024-07-19 22:00,66985.5,66763.29,-0.3317,-0.4417,-4.16,9420.69,True,2024-07
2024-07-20,Sat,2024-07-20 21:00,2024-07-20 22:00,67383.93,67134.52,-0.3701,-0.4801,-4.52,9416.16,True,2024-07
2024-07-21,Sun,2024-07-21 21:00,2024-07-21 22:00,67741.68,68028.84,0.4239,0.3139,2.96,9419.12,True,2024-07
2024-07-22,Mon,2024-07-22 21:00,2024-07-22 22:00,68147.09,67674.47,-0.6935,-0.8035,-7.57,9411.55,True,2024-07
2024-07-23,Tue,2024-07-23 21:00,2024-07-23 22:00,65846.64,65923.31,0.1164,0.0064,0.06,9411.61,True,2024-07
2024-07-24,Wed,2024-07-24 21:00,2024-07-24 22:00,66047.78,65272.2,-1.1743,-1.2843,-12.09,9399.53,True,2024-07
2024-07-25,Thu,2024-07-25 21:00,2024-07-25 22:00,65276.28,65626.15,0.536,0.426,4.0,9403.53,True,2024-07
2024-07-26,Fri,2024-07-26 21:00,2024-07-26 22:00,67446.93,67938.68,0.7291,0.6191,5.82,9409.35,True,2024-07
2024-07-27,Sat,2024-07-27 21:00,2024-07-27 22:00,67771.48,68622.42,1.2556,1.1456,10.78,9420.13,True,2024-07
2024-07-28,Sun,2024-07-28 21:00,2024-07-28 22:00,68001.86,68008.04,0.0091,-0.1009,-0.95,9419.18,True,2024-07
2024-07-29,Mon,2024-07-29 21:00,2024-07-29 22:00,67365.95,67228.3,-0.2043,-0.3143,-2.96,9416.22,True,2024-07
2024-07-30,Tue,2024-07-30 21:00,2024-07-30 22:00,66173.87,66210.6,0.0555,-0.0545,-0.51,9415.71,True,2024-07
2024-07-31,Wed,2024-07-31 21:00,2024-07-31 22:00,64572.51,64964.21,0.6066,0.4966,4.68,9420.38,True,2024-07
2024-08-01,Thu,2024-08-01 21:00,2024-08-01 22:00,64682.82,65116.22,0.67,0.56,5.28,9425.66,True,2024-08
2024-08-02,Fri,2024-08-02 21:00,2024-08-02 22:00,62557.56,61308.96,-1.9959,-2.1059,-19.85,9405.81,False,2024-08
2024-08-03,Sat,2024-08-03 21:00,2024-08-03 22:00,60367.01,60591.85,0.3725,0.2625,2.47,9408.28,False,2024-08
2024-08-04,Sun,2024-08-04 21:00,2024-08-04 22:00,59122.91,58695.45,-0.723,-0.833,-7.84,9400.44,False,2024-08
2024-08-05,Mon,2024-08-05 21:00,2024-08-05 22:00,54234.36,54692.34,0.8444,0.7344,6.9,9407.34,False,2024-08
2024-08-06,Tue,2024-08-06 21:00,2024-08-06 22:00,56573.34,56208.87,-0.6442,-0.7542,-7.1,9400.25,False,2024-08
2024-08-07,Wed,2024-08-07 21:00,2024-08-07 22:00,55120.23,55248.93,0.2335,0.1235,1.16,9401.41,False,2024-08
2024-08-08,Thu,2024-08-08 21:00,2024-08-08 22:00,59566.7,62306.89,4.6002,4.4902,42.21,9443.62,False,2024-08
2024-08-09,Fri,2024-08-09 21:00,2024-08-09 22:00,60775.15,60797.98,0.0376,-0.0724,-0.68,9442.94,False,2024-08
2024-08-10,Sat,2024-08-10 21:00,2024-08-10 22:00,61003.39,60951.3,-0.0854,-0.1954,-1.85,9441.09,False,2024-08
2024-08-11,Sun,2024-08-11 21:00,2024-08-11 22:00,58513.24,59000.39,0.8325,0.7225,6.82,9447.92,False,2024-08
2024-08-12,Mon,2024-08-12 21:00,2024-08-12 22:00,58855.61,59061.95,0.3506,0.2406,2.27,9450.19,False,2024-08
2024-08-13,Tue,2024-08-13 21:00,2024-08-13 22:00,60576.08,60602.04,0.0429,-0.0671,-0.63,9449.55,False,2024-08
2024-08-14,Wed,2024-08-14 21:00,2024-08-14 22:00,59158.69,58997.25,-0.2729,-0.3829,-3.62,9445.94,False,2024-08
2024-08-15,Thu,2024-08-15 21:00,2024-08-15 22:00,56693.53,57627.8,1.6479,1.5379,14.53,9460.46,False,2024-08
2024-08-16,Fri,2024-08-16 21:00,2024-08-16 22:00,59275.04,58969.17,-0.516,-0.626,-5.92,9454.54,False,2024-08
2024-08-17,Sat,2024-08-17 21:00,2024-08-17 22:00,59395.33,59321.89,-0.1236,-0.2336,-2.21,9452.33,False,2024-08
2024-08-18,Sun,2024-08-18 21:00,2024-08-18 22:00,59818.23,59346.08,-0.7893,-0.8993,-8.5,9443.83,False,2024-08
2024-08-19,Mon,2024-08-19 21:00,2024-08-19 22:00,59094.5,59256.94,0.2749,0.1649,1.56,9445.39,False,2024-08
2024-08-20,Tue,2024-08-20 21:00,2024-08-20 22:00,59313.94,59378.72,0.1092,-0.0008,-0.01,9445.38,False,2024-08
2024-08-21,Wed,2024-08-21 21:00,2024-08-21 22:00,61250.77,61190.61,-0.0982,-0.2082,-1.97,9443.41,False,2024-08
2024-08-22,Thu,2024-08-22 21:00,2024-08-22 22:00,60673.22,60441.99,-0.3811,-0.4911,-4.64,9438.78,False,2024-08
2024-08-23,Fri,2024-08-23 21:00,2024-08-23 22:00,63683.36,64144.9,0.7247,0.6147,5.8,9444.58,True,2024-08
2024-08-24,Sat,2024-08-24 21:00,2024-08-24 22:00,64149.83,63862.07,-0.4486,-0.5586,-5.28,9439.3,True,2024-08
2024-08-25,Sun,2024-08-25 21:00,2024-08-25 22:00,64243.2,64505.46,0.4082,0.2982,2.82,9442.12,True,2024-08
2024-08-26,Mon,2024-08-26 21:00,2024-08-26 22:00,63425.78,62978.5,-0.7052,-0.8152,-7.7,9434.42,True,2024-08
2024-08-27,Tue,2024-08-27 21:00,2024-08-27 22:00,61860.56,59520.16,-3.7833,-3.8933,-36.73,9397.69,False,2024-08
2024-08-28,Wed,2024-08-28 21:00,2024-08-28 22:00,59319.29,59203.75,-0.1948,-0.3048,-2.86,9394.83,False,2024-08
2024-08-29,Thu,2024-08-29 21:00,2024-08-29 22:00,59536.78,59210.7,-0.5477,-0.6577,-6.18,9388.65,False,2024-08
2024-08-30,Fri,2024-08-30 21:00,2024-08-30 22:00,59041.01,59223.62,0.3093,0.1993,1.87,9390.52,False,2024-08
2024-08-31,Sat,2024-08-31 21:00,2024-08-31 22:00,58953.08,59022.31,0.1174,0.0074,0.07,9390.59,False,2024-08
2024-09-01,Sun,2024-09-01 21:00,2024-09-01 22:00,58420.08,57310.86,-1.8987,-2.0087,-18.86,9371.72,False,2024-09
2024-09-02,Mon,2024-09-02 21:00,2024-09-02 22:00,58992.52,59346.79,0.6005,0.4905,4.6,9376.32,False,2024-09
2024-09-03,Tue,2024-09-03 21:00,2024-09-03 22:00,58220.16,57850.76,-0.6345,-0.7445,-6.98,9369.34,False,2024-09
2024-09-04,Wed,2024-09-04 21:00,2024-09-04 22:00,58034.1,58129.82,0.1649,0.0549,0.51,9369.86,False,2024-09
2024-09-05,Thu,2024-09-05 21:00,2024-09-05 22:00,56069.83,56071.48,0.0029,-0.1071,-1.0,9368.85,False,2024-09
2024-09-06,Fri,2024-09-06 21:00,2024-09-06 22:00,52871.14,53623.9,1.4238,1.3138,12.31,9381.16,False,2024-09
2024-09-07,Sat,2024-09-07 21:00,2024-09-07 22:00,54162.02,53949.9,-0.3916,-0.5016,-4.71,9376.46,False,2024-09
2024-09-08,Sun,2024-09-08 21:00,2024-09-08 22:00,54379.84,54536.47,0.288,0.178,1.67,9378.12,False,2024-09
2024-09-09,Mon,2024-09-09 21:00,2024-09-09 22:00,57028.21,57225.91,0.3467,0.2367,2.22,9380.34,False,2024-09
2024-09-10,Tue,2024-09-10 21:00,2024-09-10 22:00,57574.95,57613.39,0.0668,-0.0432,-0.41,9379.94,False,2024-09
2024-09-11,Wed,2024-09-11 21:00,2024-09-11 22:00,57496.0,57485.51,-0.0182,-0.1282,-1.2,9378.74,False,2024-09
2024-09-12,Thu,2024-09-12 21:00,2024-09-12 22:00,58202.98,58141.84,-0.105,-0.215,-2.02,9376.72,False,2024-09
2024-09-13,Fri,2024-09-13 21:00,2024-09-13 22:00,59868.34,60647.47,1.3014,1.1914,11.17,9387.89,True,2024-09
2024-09-14,Sat,2024-09-14 21:00,2024-09-14 22:00,60026.81,60031.33,0.0075,-0.1025,-0.96,9386.93,True,2024-09
2024-09-15,Sun,2024-09-15 21:00,2024-09-15 22:00,59804.37,59428.86,-0.6279,-0.7379,-6.93,9380.0,False,2024-09
2024-09-16,Mon,2024-09-16 21:00,2024-09-16 22:00,57673.78,57962.6,0.5008,0.3908,3.67,9383.67,False,2024-09
2024-09-17,Tue,2024-09-17 21:00,2024-09-17 22:00,60133.21,60246.4,0.1882,0.0782,0.73,9384.4,True,2024-09
2024-09-18,Wed,2024-09-18 21:00,2024-09-18 22:00,60224.19,60695.33,0.7823,0.6723,6.31,9390.71,True,2024-09
2024-09-19,Thu,2024-09-19 21:00,2024-09-19 22:00,63035.15,62943.94,-0.1447,-0.2547,-2.39,9388.32,True,2024-09
2024-09-20,Fri,2024-09-20 21:00,2024-09-20 22:00,62817.46,63177.32,0.5729,0.4629,4.35,9392.66,True,2024-09
2024-09-21,Sat,2024-09-21 21:00,2024-09-21 22:00,63151.93,63233.05,0.1285,0.0185,0.17,9392.84,True,2024-09
2024-09-22,Sun,2024-09-22 21:00,2024-09-22 22:00,63217.86,63871.37,1.0337,0.9237,8.68,9401.51,True,2024-09
2024-09-23,Mon,2024-09-23 21:00,2024-09-23 22:00,63311.79,63221.31,-0.1429,-0.2529,-2.38,9399.14,True,2024-09
2024-09-24,Tue,2024-09-24 21:00,2024-09-24 22:00,64222.16,64583.39,0.5625,0.4525,4.25,9403.39,True,2024-09
2024-09-25,Wed,2024-09-25 21:00,2024-09-25 22:00,63490.0,63259.79,-0.3626,-0.4726,-4.44,9398.95,True,2024-09
2024-09-26,Thu,2024-09-26 21:00,2024-09-26 22:00,64677.86,65094.74,0.6445,0.5345,5.02,9403.97,True,2024-09
2024-09-27,Fri,2024-09-27 21:00,2024-09-27 22:00,65808.24,65884.77,0.1163,0.0063,0.06,9404.03,True,2024-09
2024-09-28,Sat,2024-09-28 21:00,2024-09-28 22:00,65654.96,65687.33,0.0493,-0.0607,-0.57,9403.46,True,2024-09
2024-09-29,Sun,2024-09-29 21:00,2024-09-29 22:00,65829.08,65676.51,-0.2318,-0.3418,-3.21,9400.24,True,2024-09
2024-09-30,Mon,2024-09-30 21:00,2024-09-30 22:00,63786.67,63464.77,-0.5047,-0.6147,-5.78,9394.47,True,2024-09
2024-10-01,Tue,2024-10-01 21:00,2024-10-01 22:00,60782.1,60754.76,-0.045,-0.155,-1.46,9393.01,False,2024-10
2024-10-02,Wed,2024-10-02 21:00,2024-10-02 22:00,60890.54,60852.62,-0.0623,-0.1723,-1.62,9391.39,False,2024-10
2024-10-03,Thu,2024-10-03 21:00,2024-10-03 22:00,60784.05,60923.57,0.2295,0.1195,1.12,9392.51,False,2024-10
2024-10-04,Fri,2024-10-04 21:00,2024-10-04 22:00,62467.55,62207.88,-0.4157,-0.5257,-4.94,9387.58,True,2024-10
2024-10-05,Sat,2024-10-05 21:00,2024-10-05 22:00,61731.13,62012.35,0.4556,0.3456,3.24,9390.82,True,2024-10
2024-10-06,Sun,2024-10-06 21:00,2024-10-06 22:00,62634.79,62646.25,0.0183,-0.0917,-0.86,9389.96,True,2024-10
2024-10-07,Mon,2024-10-07 21:00,2024-10-07 22:00,63010.98,62473.19,-0.8535,-0.9635,-9.05,9380.91,True,2024-10
2024-10-08,Tue,2024-10-08 21:00,2024-10-08 22:00,62370.5,62179.27,-0.3066,-0.4166,-3.91,9377.0,True,2024-10
2024-10-09,Wed,2024-10-09 21:00,2024-10-09 22:00,60386.63,60798.62,0.6823,0.5723,5.37,9382.37,False,2024-10
2024-10-10,Thu,2024-10-10 21:00,2024-10-10 22:00,59800.88,60152.78,0.5885,0.4785,4.49,9386.86,False,2024-10
2024-10-11,Fri,2024-10-11 21:00,2024-10-11 22:00,62998.99,62444.9,-0.8795,-0.9895,-9.29,9377.57,True,2024-10
2024-10-12,Sat,2024-10-12 21:00,2024-10-12 22:00,63058.95,63288.24,0.3636,0.2536,2.38,9379.95,True,2024-10
2024-10-13,Sun,2024-10-13 21:00,2024-10-13 22:00,62776.72,62791.33,0.0233,-0.0867,-0.81,9379.14,True,2024-10
2024-10-14,Mon,2024-10-14 21:00,2024-10-14 22:00,65932.61,66451.4,0.7868,0.6768,6.35,9385.48,True,2024-10
2024-10-15,Tue,2024-10-15 21:00,2024-10-15 22:00,66467.54,66777.33,0.4661,0.3561,3.34,9388.83,True,2024-10
2024-10-16,Wed,2024-10-16 21:00,2024-10-16 22:00,67637.85,67777.32,0.2062,0.0962,0.9,9389.73,True,2024-10
2024-10-17,Thu,2024-10-17 21:00,2024-10-17 22:00,66941.19,67436.52,0.7399,0.6299,5.92,9395.64,True,2024-10
2024-10-18,Fri,2024-10-18 21:00,2024-10-18 22:00,68423.89,68193.5,-0.3367,-0.4467,-4.2,9391.45,True,2024-10
2024-10-19,Sat,2024-10-19 21:00,2024-10-19 22:00,68244.85,68345.93,0.1481,0.0381,0.36,9391.81,True,2024-10
2024-10-20,Sun,2024-10-20 21:00,2024-10-20 22:00,68826.32,69143.25,0.4605,0.3505,3.29,9395.1,True,2024-10
2024-10-21,Mon,2024-10-21 21:00,2024-10-21 22:00,67771.06,67790.35,0.0285,-0.0815,-0.77,9394.33,True,2024-10
2024-10-22,Tue,2024-10-22 21:00,2024-10-22 22:00,67519.45,67738.97,0.3251,0.2151,2.02,9396.35,True,2024-10
2024-10-23,Wed,2024-10-23 21:00,2024-10-23 22:00,66642.24,66488.65,-0.2305,-0.3405,-3.2,9393.15,True,2024-10
2024-10-24,Thu,2024-10-24 21:00,2024-10-24 22:00,68217.28,68182.28,-0.0513,-0.1613,-1.52,9391.64,True,2024-10
2024-10-25,Fri,2024-10-25 21:00,2024-10-25 22:00,66957.2,66644.02,-0.4677,-0.5777,-5.43,9386.21,True,2024-10
2024-10-26,Sat,2024-10-26 21:00,2024-10-26 22:00,67245.39,67146.0,-0.1478,-0.2578,-2.42,9383.79,True,2024-10
2024-10-27,Sun,2024-10-27 21:00,2024-10-27 22:00,67768.42,68154.42,0.5696,0.4596,4.31,9388.1,True,2024-10
2024-10-28,Mon,2024-10-28 21:00,2024-10-28 22:00,69655.66,69991.28,0.4818,0.3718,3.49,9391.6,True,2024-10
2024-10-29,Tue,2024-10-29 21:00,2024-10-29 22:00,72301.22,72649.68,0.482,0.372,3.49,9395.09,True,2024-10
2024-10-30,Wed,2024-10-30 21:00,2024-10-30 22:00,72849.97,72375.18,-0.6517,-0.7617,-7.16,9387.93,True,2024-10
2024-10-31,Thu,2024-10-31 21:00,2024-10-31 22:00,69925.37,70383.13,0.6546,0.5446,5.11,9393.04,True,2024-10
2024-11-01,Fri,2024-11-01 21:00,2024-11-01 22:00,69203.65,69400.76,0.2848,0.1748,1.64,9394.69,True,2024-11
2024-11-02,Sat,2024-11-02 21:00,2024-11-02 22:00,69520.64,69409.24,-0.1602,-0.2702,-2.54,9392.15,True,2024-11
2024-11-03,Sun,2024-11-03 21:00,2024-11-03 22:00,68939.19,68845.18,-0.1364,-0.2464,-2.31,9389.83,True,2024-11
2024-11-04,Mon,2024-11-04 21:00,2024-11-04 22:00,67274.87,67874.11,0.8907,0.7807,7.33,9397.17,True,2024-11
2024-11-05,Tue,2024-11-05 21:00,2024-11-05 22:00,69439.55,69586.45,0.2116,0.1016,0.95,9398.12,True,2024-11
2024-11-06,Wed,2024-11-06 21:00,2024-11-06 22:00,76203.42,75702.84,-0.6569,-0.7669,-7.21,9390.91,True,2024-11
2024-11-07,Thu,2024-11-07 21:00,2024-11-07 22:00,76595.33,75933.72,-0.8638,-0.9738,-9.14,9381.77,True,2024-11
2024-11-08,Fri,2024-11-08 21:00,2024-11-08 22:00,76709.7,76430.24,-0.3643,-0.4743,-4.45,9377.32,True,2024-11
2024-11-09,Sat,2024-11-09 21:00,2024-11-09 22:00,76330.79,76541.99,0.2767,0.1667,1.56,9378.88,True,2024-11
2024-11-10,Sun,2024-11-10 21:00,2024-11-10 22:00,78989.0,80662.49,2.1186,2.0086,18.84,9397.72,True,2024-11
2024-11-11,Mon,2024-11-11 21:00,2024-11-11 22:00,87058.85,88084.34,1.1779,1.0679,10.04,9407.76,True,2024-11
2024-11-12,Tue,2024-11-12 21:00,2024-11-12 22:00,89618.09,88660.75,-1.0682,-1.1782,-11.08,9396.67,True,2024-11
2024-11-13,Wed,2024-11-13 21:00,2024-11-13 22:00,89780.86,89825.83,0.0501,-0.0599,-0.56,9396.11,True,2024-11
2024-11-14,Thu,2024-11-14 21:00,2024-11-14 22:00,87550.1,87654.16,0.1189,0.0089,0.08,9396.19,True,2024-11
2024-11-15,Fri,2024-11-15 21:00,2024-11-15 22:00,91521.29,91238.48,-0.309,-0.419,-3.94,9392.25,True,2024-11
2024-11-16,Sat,2024-11-16 21:00,2024-11-16 22:00,90802.97,90377.18,-0.4689,-0.5789,-5.44,9386.82,True,2024-11
2024-11-17,Sun,2024-11-17 21:00,2024-11-17 22:00,89630.55,89563.59,-0.0747,-0.1847,-1.73,9385.08,True,2024-11
2024-11-18,Mon,2024-11-18 21:00,2024-11-18 22:00,91568.11,91230.51,-0.3687,-0.4787,-4.49,9380.59,True,2024-11
2024-11-19,Tue,2024-11-19 21:00,2024-11-19 22:00,92577.96,91960.64,-0.6668,-0.7768,-7.29,9373.3,True,2024-11
2024-11-20,Wed,2024-11-20 21:00,2024-11-20 22:00,94383.05,94244.28,-0.147,-0.257,-2.41,9370.89,True,2024-11
2024-11-21,Thu,2024-11-21 21:00,2024-11-21 22:00,98240.34,98484.25,0.2483,0.1383,1.3,9372.19,True,2024-11
2024-11-22,Fri,2024-11-22 21:00,2024-11-22 22:00,99379.16,98755.61,-0.6274,-0.7374,-6.91,9365.28,True,2024-11
2024-11-23,Sat,2024-11-23 21:00,2024-11-23 22:00,97838.41,97765.45,-0.0746,-0.1846,-1.73,9363.55,True,2024-11
2024-11-24,Sun,2024-11-24 21:00,2024-11-24 22:00,96885.92,98116.78,1.2704,1.1604,10.87,9374.42,True,2024-11
2024-11-25,Mon,2024-11-25 21:00,2024-11-25 22:00,94985.09,94391.03,-0.6254,-0.7354,-6.89,9367.52,True,2024-11
2024-11-26,Tue,2024-11-26 21:00,2024-11-26 22:00,90935.01,91775.21,0.924,0.814,7.62,9375.15,True,2024-11
2024-11-27,Wed,2024-11-27 21:00,2024-11-27 22:00,96658.78,96148.93,-0.5275,-0.6375,-5.98,9369.17,True,2024-11
2024-11-28,Thu,2024-11-28 21:00,2024-11-28 22:00,94835.19,95681.45,0.8923,0.7823,7.33,9376.5,True,2024-11
2024-11-29,Fri,2024-11-29 21:00,2024-11-29 22:00,97410.57,97372.24,-0.0393,-0.1493,-1.4,9375.1,True,2024-11
2024-11-30,Sat,2024-11-30 21:00,2024-11-30 22:00,97028.05,96520.29,-0.5233,-0.6333,-5.94,9369.16,True,2024-11
2024-12-01,Sun,2024-12-01 21:00,2024-12-01 22:00,97149.99,97616.41,0.4801,0.3701,3.47,9372.63,True,2024-12
2024-12-02,Mon,2024-12-02 21:00,2024-12-02 22:00,95694.33,95404.4,-0.303,-0.413,-3.87,9368.76,True,2024-12
2024-12-03,Tue,2024-12-03 21:00,2024-12-03 22:00,95660.0,96185.91,0.5498,0.4398,4.12,9372.88,True,2024-12
2024-12-04,Wed,2024-12-04 21:00,2024-12-04 22:00,99032.0,98346.04,-0.6927,-0.8027,-7.52,9365.36,True,2024-12
2024-12-05,Thu,2024-12-05 21:00,2024-12-05 22:00,99144.24,96917.15,-2.2463,-2.3563,-22.07,9343.29,True,2024-12
2024-12-06,Fri,2024-12-06 21:00,2024-12-06 22:00,101564.39,100670.74,-0.8799,-0.9899,-9.25,9334.04,True,2024-12
2024-12-07,Sat,2024-12-07 21:00,2024-12-07 22:00,100400.0,99676.73,-0.7204,-0.8304,-7.75,9326.29,True,2024-12
2024-12-08,Sun,2024-12-08 21:00,2024-12-08 22:00,99850.18,100281.12,0.4316,0.3216,3.0,9329.29,True,2024-12
2024-12-09,Mon,2024-12-09 21:00,2024-12-09 22:00,96196.9,97011.79,0.8471,0.7371,6.88,9336.16,True,2024-12
2024-12-10,Tue,2024-12-10 21:00,2024-12-10 22:00,96475.77,96917.76,0.4581,0.3481,3.25,9339.41,True,2024-12
2024-12-11,Wed,2024-12-11 21:00,2024-12-11 22:00,101403.61,101280.79,-0.1211,-0.2311,-2.16,9337.26,True,2024-12
2024-12-12,Thu,2024-12-12 21:00,2024-12-12 22:00,100045.24,100476.53,0.4311,0.3211,3.0,9340.25,True,2024-12
2024-12-13,Fri,2024-12-13 21:00,2024-12-13 22:00,101732.71,101255.36,-0.4692,-0.5792,-5.41,9334.84,True,2024-12
2024-12-14,Sat,2024-12-14 21:00,2024-12-14 22:00,100763.33,101108.8,0.3429,0.2329,2.17,9337.02,True,2024-12
2024-12-15,Sun,2024-12-15 21:00,2024-12-15 22:00,103107.74,103245.47,0.1336,0.0236,0.22,9337.24,True,2024-12
2024-12-16,Mon,2024-12-16 21:00,2024-12-16 22:00,105851.43,105849.55,-0.0018,-0.1118,-1.04,9336.19,True,2024-12
2024-12-17,Tue,2024-12-17 21:00,2024-12-17 22:00,106719.21,105964.62,-0.7071,-0.8171,-7.63,9328.57,True,2024-12
2024-12-18,Wed,2024-12-18 21:00,2024-12-18 22:00,100676.44,101126.88,0.4474,0.3374,3.15,9331.71,True,2024-12
2024-12-19,Thu,2024-12-19 21:00,2024-12-19 22:00,96248.97,98289.14,2.1197,2.0097,18.75,9350.47,True,2024-12
2024-12-20,Fri,2024-12-20 21:00,2024-12-20 22:00,96362.56,97413.52,1.0906,0.9806,9.17,9359.64,True,2024-12
2024-12-21,Sat,2024-12-21 21:00,2024-12-21 22:00,97419.53,97084.3,-0.3441,-0.4541,-4.25,9355.39,True,2024-12
2024-12-22,Sun,2024-12-22 21:00,2024-12-22 22:00,95487.5,95439.33,-0.0504,-0.1604,-1.5,9353.89,True,2024-12
2024-12-23,Mon,2024-12-23 21:00,2024-12-23 22:00,92980.1,95057.85,2.2346,2.1246,19.87,9373.76,True,2024-12
2024-12-24,Tue,2024-12-24 21:00,2024-12-24 22:00,97220.21,98700.0,1.5221,1.4121,13.24,9387.0,True,2024-12
2024-12-25,Wed,2024-12-25 21:00,2024-12-25 22:00,99058.03,98723.61,-0.3376,-0.4476,-4.2,9382.79,True,2024-12
2024-12-26,Thu,2024-12-26 21:00,2024-12-26 22:00,95475.11,95706.17,0.242,0.132,1.24,9384.03,True,2024-12
2024-12-27,Fri,2024-12-27 21:00,2024-12-27 22:00,94446.73,94297.43,-0.1581,-0.2681,-2.52,9381.52,True,2024-12
2024-12-28,Sat,2024-12-28 21:00,2024-12-28 22:00,94910.21,95143.99,0.2463,0.1363,1.28,9382.8,True,2024-12
2024-12-29,Sun,2024-12-29 21:00,2024-12-29 22:00,93660.01,92959.09,-0.7484,-0.8584,-8.05,9374.74,True,2024-12
2024-12-30,Mon,2024-12-30 21:00,2024-12-30 22:00,94201.35,92620.77,-1.6779,-1.7879,-16.76,9357.98,False,2024-12
2024-12-31,Tue,2024-12-31 21:00,2024-12-31 22:00,93390.21,93308.4,-0.0876,-0.1976,-1.85,9356.13,True,2024-12
2025-01-01,Wed,2025-01-01 21:00,2025-01-01 22:00,94591.04,94595.96,0.0052,-0.1048,-0.98,9355.15,True,2025-01
2025-01-02,Thu,2025-01-02 21:00,2025-01-02 22:00,97209.37,96799.84,-0.4213,-0.5313,-4.97,9350.18,True,2025-01
2025-01-03,Fri,2025-01-03 21:00,2025-01-03 22:00,98297.65,98269.15,-0.029,-0.139,-1.3,9348.88,True,2025-01
2025-01-04,Sat,2025-01-04 21:00,2025-01-04 22:00,98590.4,98399.1,-0.194,-0.304,-2.84,9346.04,True,2025-01
2025-01-05,Sun,2025-01-05 21:00,2025-01-05 22:00,98253.13,98658.42,0.4125,0.3025,2.83,9348.87,True,2025-01
2025-01-06,Mon,2025-01-06 21:00,2025-01-06 22:00,102185.7,102036.03,-0.1465,-0.2565,-2.4,9346.47,True,2025-01
2025-01-07,Tue,2025-01-07 21:00,2025-01-07 22:00,96431.87,97152.82,0.7476,0.6376,5.96,9352.43,True,2025-01
2025-01-08,Wed,2025-01-08 21:00,2025-01-08 22:00,93948.25,95266.58,1.4033,1.2933,12.1,9364.52,True,2025-01
2025-01-09,Thu,2025-01-09 21:00,2025-01-09 22:00,91888.52,92453.51,0.6149,0.5049,4.73,9369.25,False,2025-01
2025-01-10,Fri,2025-01-10 21:00,2025-01-10 22:00,94664.69,94748.64,0.0887,-0.0213,-0.2,9369.05,True,2025-01
2025-01-11,Sat,2025-01-11 21:00,2025-01-11 22:00,94548.47,94549.83,0.0014,-0.1086,-1.02,9368.03,True,2025-01
2025-01-12,Sun,2025-01-12 21:00,2025-01-12 22:00,94647.46,93907.18,-0.7821,-0.8921,-8.36,9359.68,True,2025-01
2025-01-13,Mon,2025-01-13 21:00,2025-01-13 22:00,93573.47,94371.07,0.8524,0.7424,6.95,9366.62,True,2025-01
2025-01-14,Tue,2025-01-14 21:00,2025-01-14 22:00,96455.43,96652.62,0.2044,0.0944,0.88,9367.51,True,2025-01
2025-01-15,Wed,2025-01-15 21:00,2025-01-15 22:00,99582.07,99728.01,0.1466,0.0366,0.34,9367.85,True,2025-01
2025-01-16,Thu,2025-01-16 21:00,2025-01-16 22:00,100348.51,99819.8,-0.5269,-0.6369,-5.97,9361.89,True,2025-01
2025-01-17,Fri,2025-01-17 21:00,2025-01-17 22:00,104729.3,104447.82,-0.2688,-0.3788,-3.55,9358.34,True,2025-01
2025-01-18,Sat,2025-01-18 21:00,2025-01-18 22:00,103931.93,104192.87,0.2511,0.1411,1.32,9359.66,True,2025-01
2025-01-19,Sun,2025-01-19 21:00,2025-01-19 22:00,106163.09,103306.32,-2.6909,-2.8009,-26.22,9333.44,True,2025-01
2025-01-20,Mon,2025-01-20 21:00,2025-01-20 22:00,103523.77,103472.21,-0.0498,-0.1598,-1.49,9331.95,True,2025-01
2025-01-21,Tue,2025-01-21 21:00,2025-01-21 22:00,106151.32,106032.2,-0.1122,-0.2222,-2.07,9329.88,True,2025-01
2025-01-22,Wed,2025-01-22 21:00,2025-01-22 22:00,104313.15,103862.94,-0.4316,-0.5416,-5.05,9324.83,True,2025-01
2025-01-23,Thu,2025-01-23 21:00,2025-01-23 22:00,103322.84,104024.94,0.6795,0.5695,5.31,9330.14,True,2025-01
2025-01-24,Fri,2025-01-24 21:00,2025-01-24 22:00,104872.0,104772.97,-0.0944,-0.2044,-1.91,9328.23,True,2025-01
2025-01-25,Sat,2025-01-25 21:00,2025-01-25 22:00,104947.57,105060.25,0.1074,-0.0026,-0.02,9328.2,True,2025-01
2025-01-26,Sun,2025-01-26 21:00,2025-01-26 22:00,104931.81,104319.07,-0.5839,-0.6939,-6.47,9321.73,True,2025-01
2025-01-27,Mon,2025-01-27 21:00,2025-01-27 22:00,101339.71,101623.64,0.2802,0.1702,1.59,9323.32,True,2025-01
2025-01-28,Tue,2025-01-28 21:00,2025-01-28 22:00,101207.92,101203.7,-0.0042,-0.1142,-1.06,9322.25,True,2025-01
2025-01-29,Wed,2025-01-29 21:00,2025-01-29 22:00,104220.34,103492.12,-0.6987,-0.8087,-7.54,9314.71,True,2025-01
2025-01-30,Thu,2025-01-30 21:00,2025-01-30 22:00,104909.85,105115.57,0.1961,0.0861,0.8,9315.52,True,2025-01
2025-01-31,Fri,2025-01-31 21:00,2025-01-31 22:00,101599.51,102247.37,0.6377,0.5277,4.92,9320.43,True,2025-01
2025-02-01,Sat,2025-02-01 21:00,2025-02-01 22:00,101293.93,100651.44,-0.6343,-0.7443,-6.94,9313.49,True,2025-02
2025-02-02,Sun,2025-02-02 21:00,2025-02-02 22:00,97765.28,97995.4,0.2354,0.1254,1.17,9314.66,False,2025-02
2025-02-03,Mon,2025-02-03 21:00,2025-02-03 22:00,101209.65,101817.1,0.6002,0.4902,4.57,9319.23,True,2025-02
2025-02-04,Tue,2025-02-04 21:00,2025-02-04 22:00,98699.67,97749.07,-0.9631,-1.0731,-10.0,9309.23,False,2025-02
2025-02-05,Wed,2025-02-05 21:00,2025-02-05 22:00,97327.08,96487.78,-0.8623,-0.9723,-9.05,9300.18,False,2025-02
2025-02-06,Thu,2025-02-06 21:00,2025-02-06 22:00,96939.12,96978.97,0.0411,-0.0689,-0.64,9299.53,False,2025-02
2025-02-07,Fri,2025-02-07 21:00,2025-02-07 22:00,95776.2,96083.45,0.3208,0.2108,1.96,9301.49,False,2025-02
2025-02-08,Sat,2025-02-08 21:00,2025-02-08 22:00,96476.13,96510.14,0.0353,-0.0747,-0.7,9300.8,False,2025-02
2025-02-09,Sun,2025-02-09 21:00,2025-02-09 22:00,96337.83,95839.72,-0.517,-0.627,-5.83,9294.97,False,2025-02
2025-02-10,Mon,2025-02-10 21:00,2025-02-10 22:00,97375.91,97415.84,0.041,-0.069,-0.64,9294.33,False,2025-02
2025-02-11,Tue,2025-02-11 21:00,2025-02-11 22:00,95270.03,95578.66,0.324,0.214,1.99,9296.31,False,2025-02
2025-02-12,Wed,2025-02-12 21:00,2025-02-12 22:00,97036.87,97811.9,0.7987,0.6887,6.4,9302.72,False,2025-02
2025-02-13,Thu,2025-02-13 21:00,2025-02-13 22:00,96274.57,96422.12,0.1533,0.0433,0.4,9303.12,False,2025-02
2025-02-14,Fri,2025-02-14 21:00,2025-02-14 22:00,97236.98,97154.06,-0.0853,-0.1953,-1.82,9301.3,False,2025-02
2025-02-15,Sat,2025-02-15 21:00,2025-02-15 22:00,97549.99,97555.33,0.0055,-0.1045,-0.97,9300.33,False,2025-02
2025-02-16,Sun,2025-02-16 21:00,2025-02-16 22:00,96921.46,96891.79,-0.0306,-0.1406,-1.31,9299.02,False,2025-02
2025-02-17,Mon,2025-02-17 21:00,2025-02-17 22:00,95978.24,95884.64,-0.0975,-0.2075,-1.93,9297.09,False,2025-02
2025-02-18,Tue,2025-02-18 21:00,2025-02-18 22:00,94150.34,95250.5,1.1685,1.0585,9.84,9306.93,False,2025-02
2025-02-19,Wed,2025-02-19 21:00,2025-02-19 22:00,96162.46,96534.02,0.3864,0.2764,2.57,9309.51,False,2025-02
2025-02-20,Thu,2025-02-20 21:00,2025-02-20 22:00,98512.94,98157.99,-0.3603,-0.4703,-4.38,9305.13,True,2025-02
2025-02-21,Fri,2025-02-21 21:00,2025-02-21 22:00,94924.97,95773.35,0.8937,0.7837,7.29,9312.42,False,2025-02
2025-02-22,Sat,2025-02-22 21:00,2025-02-22 22:00,96580.95,96650.07,0.0716,-0.0384,-0.36,9312.06,False,2025-02
2025-02-23,Sun,2025-02-23 21:00,2025-02-23 22:00,95792.89,95796.52,0.0038,-0.1062,-0.99,9311.07,False,2025-02
2025-02-24,Mon,2025-02-24 21:00,2025-02-24 22:00,93977.04,92427.84,-1.6485,-1.7585,-16.37,9294.7,False,2025-02
2025-02-25,Tue,2025-02-25 21:00,2025-02-25 22:00,88053.73,88740.03,0.7794,0.6694,6.22,9300.92,False,2025-02
2025-02-26,Wed,2025-02-26 21:00,2025-02-26 22:00,84264.11,84307.1,0.051,-0.059,-0.55,9300.37,False,2025-02
2025-02-27,Thu,2025-02-27 21:00,2025-02-27 22:00,83354.35,84618.18,1.5162,1.4062,13.08,9313.45,False,2025-02
2025-02-28,Fri,2025-02-28 21:00,2025-02-28 22:00,84155.14,84100.11,-0.0654,-0.1754,-1.63,9311.82,False,2025-02
2025-03-01,Sat,2025-03-01 21:00,2025-03-01 22:00,85501.53,86077.86,0.6741,0.5641,5.25,9317.07,False,2025-03
2025-03-02,Sun,2025-03-02 21:00,2025-03-02 22:00,94353.29,94230.48,-0.1302,-0.2402,-2.24,9314.83,False,2025-03
2025-03-03,Mon,2025-03-03 21:00,2025-03-03 22:00,85989.99,86579.45,0.6855,0.5755,5.36,9320.19,False,2025-03
2025-03-04,Tue,2025-03-04 21:00,2025-03-04 22:00,86833.87,87464.63,0.7264,0.6164,5.74,9325.94,False,2025-03
2025-03-05,Wed,2025-03-05 21:00,2025-03-05 22:00,90495.51,90445.2,-0.0556,-0.1656,-1.54,9324.4,False,2025-03
2025-03-06,Thu,2025-03-06 21:00,2025-03-06 22:00,89024.05,90304.75,1.4386,1.3286,12.39,9336.78,False,2025-03
2025-03-07,Fri,2025-03-07 21:00,2025-03-07 22:00,86941.69,86708.91,-0.2677,-0.3777,-3.53,9333.26,False,2025-03
2025-03-08,Sat,2025-03-08 21:00,2025-03-08 22:00,86244.02,86321.21,0.0895,-0.0205,-0.19,9333.07,False,2025-03
2025-03-09,Sun,2025-03-09 21:00,2025-03-09 22:00,83076.37,80321.52,-3.316,-3.426,-31.98,9301.09,False,2025-03
2025-03-10,Mon,2025-03-10 21:00,2025-03-10 22:00,79246.82,79461.98,0.2715,0.1615,1.5,9302.59,False,2025-03
2025-03-11,Tue,2025-03-11 21:00,2025-03-11 22:00,82780.94,83112.8,0.4009,0.2909,2.71,9305.3,False,2025-03
2025-03-12,Wed,2025-03-12 21:00,2025-03-12 22:00,83096.85,83632.75,0.6449,0.5349,4.98,9310.28,False,2025-03
2025-03-13,Thu,2025-03-13 21:00,2025-03-13 22:00,80318.38,81350.0,1.2844,1.1744,10.93,9321.21,False,2025-03
2025-03-14,Fri,2025-03-14 21:00,2025-03-14 22:00,84147.29,84454.48,0.3651,0.2551,2.38,9323.59,False,2025-03
2025-03-15,Sat,2025-03-15 21:00,2025-03-15 22:00,84399.35,84382.0,-0.0206,-0.1306,-1.22,9322.37,False,2025-03
2025-03-16,Sun,2025-03-16 21:00,2025-03-16 22:00,83222.42,82086.89,-1.3645,-1.4745,-13.75,9308.62,False,2025-03
2025-03-17,Mon,2025-03-17 21:00,2025-03-17 22:00,83958.33,84066.17,0.1284,0.0184,0.17,9308.8,False,2025-03
2025-03-18,Tue,2025-03-18 21:00,2025-03-18 22:00,82028.39,82370.3,0.4168,0.3068,2.86,9311.65,False,2025-03
2025-03-19,Wed,2025-03-19 21:00,2025-03-19 22:00,85388.99,86186.46,0.9339,0.8239,7.67,9319.32,False,2025-03
2025-03-20,Thu,2025-03-20 21:00,2025-03-20 22:00,84498.63,84110.04,-0.4599,-0.5699,-5.31,9314.01,False,2025-03
2025-03-21,Fri,2025-03-21 21:00,2025-03-21 22:00,84186.44,84143.07,-0.0515,-0.1615,-1.5,9312.51,False,2025-03
2025-03-22,Sat,2025-03-22 21:00,2025-03-22 22:00,83937.67,83956.02,0.0219,-0.0881,-0.82,9311.69,False,2025-03
2025-03-23,Sun,2025-03-23 21:00,2025-03-23 22:00,85100.24,85374.93,0.3228,0.2128,1.98,9313.67,False,2025-03
2025-03-24,Mon,2025-03-24 21:00,2025-03-24 22:00,87874.62,87476.73,-0.4528,-0.5628,-5.24,9308.43,False,2025-03
2025-03-25,Tue,2025-03-25 21:00,2025-03-25 22:00,87902.65,87493.98,-0.4649,-0.5749,-5.35,9303.08,False,2025-03
2025-03-26,Wed,2025-03-26 21:00,2025-03-26 22:00,87296.04,86848.81,-0.5123,-0.6223,-5.79,9297.29,False,2025-03
2025-03-27,Thu,2025-03-27 21:00,2025-03-27 22:00,87312.05,87333.02,0.024,-0.086,-0.8,9296.49,False,2025-03
2025-03-28,Fri,2025-03-28 21:00,2025-03-28 22:00,83757.09,84433.5,0.8076,0.6976,6.49,9302.97,False,2025-03
2025-03-29,Sat,2025-03-29 21:00,2025-03-29 22:00,82482.41,82369.83,-0.1365,-0.2465,-2.29,9300.68,False,2025-03
2025-03-30,Sun,2025-03-30 21:00,2025-03-30 22:00,82544.26,82406.03,-0.1675,-0.2775,-2.58,9298.1,False,2025-03
2025-03-31,Mon,2025-03-31 21:00,2025-03-31 22:00,82418.82,82385.1,-0.0409,-0.1509,-1.4,9296.7,False,2025-03
2025-04-01,Tue,2025-04-01 21:00,2025-04-01 22:00,85244.63,85094.08,-0.1766,-0.2866,-2.66,9294.03,False,2025-04
2025-04-02,Wed,2025-04-02 21:00,2025-04-02 22:00,85674.64,82794.77,-3.3614,-3.4714,-32.26,9261.77,False,2025-04
2025-04-03,Thu,2025-04-03 21:00,2025-04-03 22:00,82326.63,82706.04,0.4609,0.3509,3.25,9265.02,False,2025-04
2025-04-04,Fri,2025-04-04 21:00,2025-04-04 22:00,84132.24,84027.96,-0.1239,-0.2339,-2.17,9262.85,False,2025-04
2025-04-05,Sat,2025-04-05 21:00,2025-04-05 22:00,83049.52,83156.11,0.1283,0.0183,0.17,9263.02,False,2025-04
2025-04-06,Sun,2025-04-06 21:00,2025-04-06 22:00,78820.0,77984.1,-1.0605,-1.1705,-10.84,9252.18,False,2025-04
2025-04-07,Mon,2025-04-07 21:00,2025-04-07 22:00,78921.07,79934.94,1.2847,1.1747,10.87,9263.05,False,2025-04
2025-04-08,Tue,2025-04-08 21:00,2025-04-08 22:00,77066.82,76651.06,-0.5395,-0.6495,-6.02,9257.03,False,2025-04
2025-04-09,Wed,2025-04-09 21:00,2025-04-09 22:00,83181.96,83047.18,-0.162,-0.272,-2.52,9254.51,False,2025-04
2025-04-10,Thu,2025-04-10 21:00,2025-04-10 22:00,79884.84,79650.85,-0.2929,-0.4029,-3.73,9250.78,False,2025-04
2025-04-11,Fri,2025-04-11 21:00,2025-04-11 22:00,83817.94,83373.91,-0.5298,-0.6398,-5.92,9244.86,False,2025-04
2025-04-12,Sat,2025-04-12 21:00,2025-04-12 22:00,85504.94,85328.87,-0.2059,-0.3159,-2.92,9241.94,False,2025-04
2025-04-13,Sun,2025-04-13 21:00,2025-04-13 22:00,83481.3,83312.1,-0.2027,-0.3127,-2.89,9239.05,False,2025-04
2025-04-14,Mon,2025-04-14 21:00,2025-04-14 22:00,84849.79,84503.16,-0.4085,-0.5185,-4.79,9234.26,False,2025-04
2025-04-15,Tue,2025-04-15 21:00,2025-04-15 22:00,84026.66,83835.09,-0.228,-0.338,-3.12,9231.14,False,2025-04
2025-04-16,Wed,2025-04-16 21:00,2025-04-16 22:00,84312.25,84467.88,0.1846,0.0746,0.69,9231.83,False,2025-04
2025-04-17,Thu,2025-04-17 21:00,2025-04-17 22:00,85153.53,84749.58,-0.4744,-0.5844,-5.39,9226.44,False,2025-04
2025-04-18,Fri,2025-04-18 21:00,2025-04-18 22:00,84504.47,84521.17,0.0198,-0.0902,-0.83,9225.6,False,2025-04
2025-04-19,Sat,2025-04-19 21:00,2025-04-19 22:00,85177.25,85248.43,0.0836,-0.0264,-0.24,9225.36,False,2025-04
2025-04-20,Sun,2025-04-20 21:00,2025-04-20 22:00,85122.99,84829.61,-0.3447,-0.4547,-4.19,9221.17,False,2025-04
2025-04-21,Mon,2025-04-21 21:00,2025-04-21 22:00,87373.06,87178.41,-0.2228,-0.3328,-3.07,9218.1,True,2025-04
2025-04-22,Tue,2025-04-22 21:00,2025-04-22 22:00,91173.93,92830.59,1.817,1.707,15.74,9233.83,True,2025-04
2025-04-23,Wed,2025-04-23 21:00,2025-04-23 22:00,93690.65,93836.0,0.1551,0.0451,0.42,9234.25,True,2025-04
2025-04-24,Thu,2025-04-24 21:00,2025-04-24 22:00,93447.49,93485.17,0.0403,-0.0697,-0.64,9233.61,True,2025-04
2025-04-25,Fri,2025-04-25 21:00,2025-04-25 22:00,94962.99,94925.66,-0.0393,-0.1493,-1.38,9232.23,True,2025-04
2025-04-26,Sat,2025-04-26 21:00,2025-04-26 22:00,94137.55,94836.88,0.7429,0.6329,5.84,9238.07,True,2025-04
2025-04-27,Sun,2025-04-27 21:00,2025-04-27 22:00,94291.34,93973.61,-0.337,-0.447,-4.13,9233.94,True,2025-04
2025-04-28,Mon,2025-04-28 21:00,2025-04-28 22:00,94498.5,94844.74,0.3664,0.2564,2.37,9236.31,True,2025-04
2025-04-29,Tue,2025-04-29 21:00,2025-04-29 22:00,94866.47,94181.53,-0.722,-0.832,-7.68,9228.62,True,2025-04
2025-04-30,Wed,2025-04-30 21:00,2025-04-30 22:00,94577.56,94150.61,-0.4514,-0.5614,-5.18,9223.44,True,2025-04
2025-05-01,Thu,2025-05-01 21:00,2025-05-01 22:00,96463.0,96422.6,-0.0419,-0.1519,-1.4,9222.04,True,2025-05
2025-05-02,Fri,2025-05-02 21:00,2025-05-02 22:00,97062.0,96694.82,-0.3783,-0.4883,-4.5,9217.54,True,2025-05
2025-05-03,Sat,2025-05-03 21:00,2025-05-03 22:00,96362.84,96185.19,-0.1844,-0.2944,-2.71,9214.83,True,2025-05
2025-05-04,Sun,2025-05-04 21:00,2025-05-04 22:00,95734.23,95022.91,-0.743,-0.853,-7.86,9206.96,True,2025-05
2025-05-05,Mon,2025-05-05 21:00,2025-05-05 22:00,94242.26,95060.39,0.8681,0.7581,6.98,9213.94,True,2025-05
2025-05-06,Tue,2025-05-06 21:00,2025-05-06 22:00,94699.84,96249.63,1.6365,1.5265,14.07,9228.01,True,2025-05
2025-05-07,Wed,2025-05-07 21:00,2025-05-07 22:00,96804.9,97279.74,0.4905,0.3805,3.51,9231.52,True,2025-05
2025-05-08,Thu,2025-05-08 21:00,2025-05-08 22:00,102626.26,102999.98,0.3642,0.2542,2.35,9233.87,True,2025-05
2025-05-09,Fri,2025-05-09 21:00,2025-05-09 22:00,103211.35,102791.84,-0.4065,-0.5165,-4.77,9229.1,True,2025-05
2025-05-10,Sat,2025-05-10 21:00,2025-05-10 22:00,103201.78,103612.4,0.3979,0.2879,2.66,9231.76,True,2025-05
2025-05-11,Sun,2025-05-11 21:00,2025-05-11 22:00,104299.66,103819.34,-0.4605,-0.5705,-5.27,9226.49,True,2025-05
2025-05-12,Mon,2025-05-12 21:00,2025-05-12 22:00,102690.3,102865.6,0.1707,0.0607,0.56,9227.05,True,2025-05
2025-05-13,Tue,2025-05-13 21:00,2025-05-13 22:00,104580.6,104147.57,-0.4141,-0.5241,-4.84,9222.21,True,2025-05
2025-05-14,Wed,2025-05-14 21:00,2025-05-14 22:00,103577.05,103536.17,-0.0395,-0.1495,-1.38,9220.83,True,2025-05
2025-05-15,Thu,2025-05-15 21:00,2025-05-15 22:00,103455.01,103522.69,0.0654,-0.0446,-0.41,9220.42,True,2025-05
2025-05-16,Fri,2025-05-16 21:00,2025-05-16 22:00,103715.3,103554.69,-0.1549,-0.2649,-2.44,9217.98,True,2025-05
2025-05-17,Sat,2025-05-17 21:00,2025-05-17 22:00,103406.88,103073.44,-0.3225,-0.4325,-3.99,9214.0,True,2025-05
2025-05-18,Sun,2025-05-18 21:00,2025-05-18 22:00,104115.33,105971.1,1.7824,1.6724,15.41,9229.41,True,2025-05
2025-05-19,Mon,2025-05-19 21:00,2025-05-19 22:00,105507.28,105594.84,0.083,-0.027,-0.25,9229.16,True,2025-05
2025-05-20,Tue,2025-05-20 21:00,2025-05-20 22:00,106958.91,106805.36,-0.1436,-0.2536,-2.34,9226.82,True,2025-05
2025-05-21,Wed,2025-05-21 21:00,2025-05-21 22:00,108297.51,108796.62,0.4609,0.3509,3.24,9230.05,True,2025-05
2025-05-22,Thu,2025-05-22 21:00,2025-05-22 22:00,111106.46,111055.01,-0.0463,-0.1563,-1.44,9228.61,True,2025-05
2025-05-23,Fri,2025-05-23 21:00,2025-05-23 22:00,108261.24,107818.56,-0.4089,-0.5189,-4.79,9223.82,True,2025-05
2025-05-24,Sat,2025-05-24 21:00,2025-05-24 22:00,108890.37,108115.92,-0.7112,-0.8212,-7.57,9216.25,True,2025-05
2025-05-25,Sun,2025-05-25 21:00,2025-05-25 22:00,107712.59,109213.28,1.3932,1.2832,11.83,9228.07,True,2025-05
2025-05-26,Mon,2025-05-26 21:00,2025-05-26 22:00,109617.67,109229.05,-0.3545,-0.4645,-4.29,9223.79,True,2025-05
2025-05-27,Tue,2025-05-27 21:00,2025-05-27 22:00,109597.38,109065.44,-0.4854,-0.5954,-5.49,9218.3,True,2025-05
2025-05-28,Wed,2025-05-28 21:00,2025-05-28 22:00,107346.48,107431.34,0.0791,-0.0309,-0.29,9218.01,True,2025-05
2025-05-29,Thu,2025-05-29 21:00,2025-05-29 22:00,106192.85,105926.07,-0.2512,-0.3612,-3.33,9214.68,True,2025-05
2025-05-30,Fri,2025-05-30 21:00,2025-05-30 22:00,104604.7,104017.77,-0.5611,-0.6711,-6.18,9208.5,True,2025-05
2025-05-31,Sat,2025-05-31 21:00,2025-05-31 22:00,104843.99,104682.5,-0.154,-0.264,-2.43,9206.07,True,2025-05
2025-06-01,Sun,2025-06-01 21:00,2025-06-01 22:00,105011.27,105565.11,0.5274,0.4174,3.84,9209.91,True,2025-06
2025-06-02,Mon,2025-06-02 21:00,2025-06-02 22:00,104952.38,105745.0,0.7552,0.6452,5.94,9215.85,True,2025-06
2025-06-03,Tue,2025-06-03 21:00,2025-06-03 22:00,105811.69,105814.64,0.0028,-0.1072,-0.99,9214.86,True,2025-06
2025-06-04,Wed,2025-06-04 21:00,2025-06-04 22:00,104682.5,104842.57,0.1529,0.0429,0.4,9215.26,True,2025-06
2025-06-05,Thu,2025-06-05 21:00,2025-06-05 22:00,100498.69,101555.84,1.0519,0.9419,8.68,9223.94,True,2025-06
2025-06-06,Fri,2025-06-06 21:00,2025-06-06 22:00,104575.74,104577.84,0.002,-0.108,-1.0,9222.94,True,2025-06
2025-06-07,Sat,2025-06-07 21:00,2025-06-07 22:00,105931.47,105882.6,-0.0461,-0.1561,-1.44,9221.5,True,2025-06
2025-06-08,Sun,2025-06-08 21:00,2025-06-08 22:00,106214.65,105821.2,-0.3704,-0.4804,-4.43,9217.07,True,2025-06
2025-06-09,Mon,2025-06-09 21:00,2025-06-09 22:00,108762.74,110224.96,1.3444,1.2344,11.38,9228.45,True,2025-06
2025-06-10,Tue,2025-06-10 21:00,2025-06-10 22:00,109990.03,109746.55,-0.2214,-0.3314,-3.06,9225.39,True,2025-06
2025-06-11,Wed,2025-06-11 21:00,2025-06-11 22:00,108960.18,108480.0,-0.4407,-0.5507,-5.08,9220.31,True,2025-06
2025-06-12,Thu,2025-06-12 21:00,2025-06-12 22:00,106026.21,105935.72,-0.0853,-0.1953,-1.8,9218.51,True,2025-06
2025-06-13,Fri,2025-06-13 21:00,2025-06-13 22:00,105480.92,105805.36,0.3076,0.1976,1.82,9220.33,True,2025-06
2025-06-14,Sat,2025-06-14 21:00,2025-06-14 22:00,104944.69,105477.75,0.5079,0.3979,3.67,9224.0,True,2025-06
2025-06-15,Sun,2025-06-15 21:00,2025-06-15 22:00,104762.85,105284.87,0.4983,0.3883,3.58,9227.58,True,2025-06
2025-06-16,Mon,2025-06-16 21:00,2025-06-16 22:00,108840.72,107735.9,-1.0151,-1.1251,-10.38,9217.2,True,2025-06
2025-06-17,Tue,2025-06-17 21:00,2025-06-17 22:00,104388.35,104253.55,-0.1291,-0.2391,-2.2,9215.0,True,2025-06
2025-06-18,Wed,2025-06-18 21:00,2025-06-18 22:00,104840.58,104855.27,0.014,-0.096,-0.88,9214.11,True,2025-06
2025-06-19,Thu,2025-06-19 21:00,2025-06-19 22:00,104294.27,104620.34,0.3126,0.2026,1.87,9215.98,True,2025-06
2025-06-20,Fri,2025-06-20 21:00,2025-06-20 22:00,103721.36,103127.23,-0.5728,-0.6828,-6.29,9209.69,True,2025-06
2025-06-21,Sat,2025-06-21 21:00,2025-06-21 22:00,102794.98,101810.83,-0.9574,-1.0674,-9.83,9199.85,False,2025-06
2025-06-22,Sun,2025-06-22 21:00,2025-06-22 22:00,99570.29,101016.54,1.4525,1.3425,12.35,9212.21,False,2025-06
2025-06-23,Mon,2025-06-23 21:00,2025-06-23 22:00,103801.44,105631.9,1.7634,1.6534,15.23,9227.44,True,2025-06
2025-06-24,Tue,2025-06-24 21:00,2025-06-24 22:00,106142.37,106074.0,-0.0644,-0.1744,-1.61,9225.83,True,2025-06
2025-06-25,Wed,2025-06-25 21:00,2025-06-25 22:00,107844.23,107346.74,-0.4613,-0.5713,-5.27,9220.56,True,2025-06
2025-06-26,Thu,2025-06-26 21:00,2025-06-26 22:00,107829.87,107041.56,-0.7311,-0.8411,-7.76,9212.8,True,2025-06
2025-06-27,Fri,2025-06-27 21:00,2025-06-27 22:00,107183.0,107165.14,-0.0167,-0.1267,-1.17,9211.64,True,2025-06
2025-06-28,Sat,2025-06-28 21:00,2025-06-28 22:00,107221.45,107411.5,0.1772,0.0672,0.62,9212.25,True,2025-06
2025-06-29,Sun,2025-06-29 21:00,2025-06-29 22:00,107400.38,108122.51,0.6724,0.5624,5.18,9217.44,True,2025-06
2025-06-30,Mon,2025-06-30 21:00,2025-06-30 22:00,107605.28,107132.53,-0.4393,-0.5493,-5.06,9212.37,True,2025-06
2025-07-01,Tue,2025-07-01 21:00,2025-07-01 22:00,105938.81,105641.33,-0.2808,-0.3908,-3.6,9208.77,True,2025-07
2025-07-02,Wed,2025-07-02 21:00,2025-07-02 22:00,109199.73,109194.85,-0.0045,-0.1145,-1.05,9207.72,True,2025-07
2025-07-03,Thu,2025-07-03 21:00,2025-07-03 22:00,109988.77,109741.47,-0.2248,-0.3348,-3.08,9204.63,True,2025-07
2025-07-04,Fri,2025-07-04 21:00,2025-07-04 22:00,107718.79,108287.72,0.5282,0.4182,3.85,9208.48,True,2025-07
2025-07-05,Sat,2025-07-05 21:00,2025-07-05 22:00,108135.04,108220.17,0.0787,-0.0313,-0.29,9208.2,True,2025-07
2025-07-06,Sun,2025-07-06 21:00,2025-07-06 22:00,108695.55,109261.16,0.5204,0.4104,3.78,9211.97,True,2025-07
2025-07-07,Mon,2025-07-07 21:00,2025-07-07 22:00,107895.21,108024.72,0.12,0.01,0.09,9212.07,True,2025-07
2025-07-08,Tue,2025-07-08 21:00,2025-07-08 22:00,108660.64,108947.42,0.2639,0.1539,1.42,9213.48,True,2025-07
2025-07-09,Wed,2025-07-09 21:00,2025-07-09 22:00,110758.64,111430.26,0.6064,0.4964,4.57,9218.06,True,2025-07
2025-07-10,Thu,2025-07-10 21:00,2025-07-10 22:00,113575.58,116029.8,2.1609,2.0509,18.91,9236.96,True,2025-07
2025-07-11,Fri,2025-07-11 21:00,2025-07-11 22:00,117740.02,117669.84,-0.0596,-0.1696,-1.57,9235.4,True,2025-07
2025-07-12,Sat,2025-07-12 21:00,2025-07-12 22:00,117065.29,117428.74,0.3105,0.2005,1.85,9237.25,True,2025-07
2025-07-13,Sun,2025-07-13 21:00,2025-07-13 22:00,119123.72,118561.88,-0.4716,-0.5816,-5.37,9231.87,True,2025-07
2025-07-14,Mon,2025-07-14 21:00,2025-07-14 22:00,120186.94,120055.2,-0.1096,-0.2196,-2.03,9229.85,True,2025-07
2025-07-15,Tue,2025-07-15 21:00,2025-07-15 22:00,116415.85,117845.41,1.228,1.118,10.32,9240.17,True,2025-07
2025-07-16,Wed,2025-07-16 21:00,2025-07-16 22:00,119981.08,118713.13,-1.0568,-1.1668,-10.78,9229.38,True,2025-07
2025-07-17,Thu,2025-07-17 21:00,2025-07-17 22:00,119511.68,119845.05,0.2789,0.1689,1.56,9230.94,True,2025-07
2025-07-18,Fri,2025-07-18 21:00,2025-07-18 22:00,117474.98,117782.68,0.2619,0.1519,1.4,9232.35,True,2025-07
2025-07-19,Sat,2025-07-19 21:00,2025-07-19 22:00,117774.51,117855.48,0.0688,-0.0412,-0.38,9231.97,True,2025-07
2025-07-20,Sun,2025-07-20 21:00,2025-07-20 22:00,118130.98,117545.78,-0.4954,-0.6054,-5.59,9226.38,True,2025-07
2025-07-21,Mon,2025-07-21 21:00,2025-07-21 22:00,116981.78,117404.51,0.3614,0.2514,2.32,9228.7,True,2025-07
2025-07-22,Tue,2025-07-22 21:00,2025-07-22 22:00,119768.22,119902.9,0.1125,0.0025,0.02,9228.72,True,2025-07
2025-07-23,Wed,2025-07-23 21:00,2025-07-23 22:00,117953.03,118632.15,0.5758,0.4658,4.3,9233.02,True,2025-07
2025-07-24,Thu,2025-07-24 21:00,2025-07-24 22:00,118768.6,118338.15,-0.3624,-0.4724,-4.36,9228.66,True,2025-07
2025-07-25,Fri,2025-07-25 21:00,2025-07-25 22:00,117089.66,117308.61,0.187,0.077,0.71,9229.37,True,2025-07
2025-07-26,Sat,2025-07-26 21:00,2025-07-26 22:00,117995.86,118056.11,0.0511,-0.0589,-0.54,9228.82,True,2025-07
2025-07-27,Sun,2025-07-27 21:00,2025-07-27 22:00,118794.65,119545.01,0.6316,0.5216,4.81,9233.64,True,2025-07
2025-07-28,Mon,2025-07-28 21:00,2025-07-28 22:00,118033.89,117862.52,-0.1452,-0.2552,-2.36,9231.28,True,2025-07
2025-07-29,Tue,2025-07-29 21:00,2025-07-29 22:00,117491.2,117827.65,0.2864,0.1764,1.63,9232.91,True,2025-07
2025-07-30,Wed,2025-07-30 21:00,2025-07-30 22:00,117152.08,117489.01,0.2876,0.1776,1.64,9234.55,True,2025-07
2025-07-31,Thu,2025-07-31 21:00,2025-07-31 22:00,116486.96,116005.24,-0.4135,-0.5235,-4.83,9229.71,True,2025-07
2025-08-01,Fri,2025-08-01 21:00,2025-08-01 22:00,113898.61,113075.81,-0.7224,-0.8324,-7.68,9222.03,True,2025-08
2025-08-02,Sat,2025-08-02 21:00,2025-08-02 22:00,112769.24,112830.55,0.0544,-0.0556,-0.51,9221.52,False,2025-08
2025-08-03,Sun,2025-08-03 21:00,2025-08-03 22:00,114419.73,114318.03,-0.0889,-0.1989,-1.83,9219.68,True,2025-08
2025-08-04,Mon,2025-08-04 21:00,2025-08-04 22:00,114793.54,115349.17,0.484,0.374,3.45,9223.13,True,2025-08
2025-08-05,Tue,2025-08-05 21:00,2025-08-05 22:00,113691.02,113957.97,0.2348,0.1248,1.15,9224.28,True,2025-08
2025-08-06,Wed,2025-08-06 21:00,2025-08-06 22:00,115072.81,115125.78,0.046,-0.064,-0.59,9223.69,True,2025-08
2025-08-07,Thu,2025-08-07 21:00,2025-08-07 22:00,117241.22,117614.78,0.3186,0.2086,1.92,9225.62,True,2025-08
2025-08-08,Fri,2025-08-08 21:00,2025-08-08 22:00,116921.6,116893.02,-0.0244,-0.1344,-1.24,9224.38,True,2025-08
2025-08-09,Sat,2025-08-09 21:00,2025-08-09 22:00,116792.22,116573.12,-0.1876,-0.2976,-2.75,9221.63,True,2025-08
2025-08-10,Sun,2025-08-10 21:00,2025-08-10 22:00,118331.38,119091.51,0.6424,0.5324,4.91,9226.54,True,2025-08
2025-08-11,Mon,2025-08-11 21:00,2025-08-11 22:00,118833.54,118910.87,0.0651,-0.0449,-0.41,9226.13,True,2025-08
2025-08-12,Tue,2025-08-12 21:00,2025-08-12 22:00,120178.21,120090.27,-0.0732,-0.1832,-1.69,9224.44,True,2025-08
2025-08-13,Wed,2025-08-13 21:00,2025-08-13 22:00,122977.64,123012.91,0.0287,-0.0813,-0.75,9223.69,True,2025-08
2025-08-14,Thu,2025-08-14 21:00,2025-08-14 22:00,117948.46,118374.73,0.3614,0.2514,2.32,9226.0,True,2025-08
2025-08-15,Fri,2025-08-15 21:00,2025-08-15 22:00,117348.01,117792.66,0.3789,0.2689,2.48,9228.49,True,2025-08
2025-08-16,Sat,2025-08-16 21:00,2025-08-16 22:00,117739.09,117544.83,-0.165,-0.275,-2.54,9225.95,True,2025-08
2025-08-17,Sun,2025-08-17 21:00,2025-08-17 22:00,117673.65,118031.67,0.3042,0.1942,1.79,9227.74,True,2025-08
2025-08-18,Mon,2025-08-18 21:00,2025-08-18 22:00,116465.46,116457.67,-0.0067,-0.1167,-1.08,9226.66,True,2025-08
2025-08-19,Tue,2025-08-19 21:00,2025-08-19 22:00,113560.28,113157.32,-0.3548,-0.4648,-4.29,9222.37,False,2025-08
2025-08-20,Wed,2025-08-20 21:00,2025-08-20 22:00,114382.5,114603.21,0.193,0.083,0.77,9223.14,False,2025-08
2025-08-21,Thu,2025-08-21 21:00,2025-08-21 22:00,112412.79,112470.97,0.0518,-0.0582,-0.54,9222.6,False,2025-08
2025-08-22,Fri,2025-08-22 21:00,2025-08-22 22:00,117042.21,116733.54,-0.2637,-0.3737,-3.45,9219.16,True,2025-08
2025-08-23,Sat,2025-08-23 21:00,2025-08-23 22:00,115284.86,115278.45,-0.0056,-0.1156,-1.07,9218.09,True,2025-08
2025-08-24,Sun,2025-08-24 21:00,2025-08-24 22:00,112772.22,113434.27,0.5871,0.4771,4.4,9222.49,False,2025-08
2025-08-25,Mon,2025-08-25 21:00,2025-08-25 22:00,109565.06,110161.03,0.5439,0.4339,4.0,9226.49,False,2025-08
2025-08-26,Tue,2025-08-26 21:00,2025-08-26 22:00,111345.68,111917.04,0.5131,0.4031,3.72,9230.21,False,2025-08
2025-08-27,Wed,2025-08-27 21:00,2025-08-27 22:00,112417.99,111426.06,-0.8824,-0.9924,-9.16,9221.05,False,2025-08
2025-08-28,Thu,2025-08-28 21:00,2025-08-28 22:00,111906.28,112349.49,0.3961,0.2861,2.64,9223.69,False,2025-08
2025-08-29,Fri,2025-08-29 21:00,2025-08-29 22:00,107793.67,108383.69,0.5474,0.4374,4.03,9227.72,False,2025-08
2025-08-30,Sat,2025-08-30 21:00,2025-08-30 22:00,108651.17,108536.37,-0.1057,-0.2157,-1.99,9225.73,False,2025-08
2025-08-31,Sun,2025-08-31 21:00,2025-08-31 22:00,109125.83,108885.55,-0.2202,-0.3302,-3.05,9222.69,False,2025-08
2025-09-01,Mon,2025-09-01 21:00,2025-09-01 22:00,108873.38,108440.93,-0.3972,-0.5072,-4.68,9218.01,False,2025-09
2025-09-02,Tue,2025-09-02 21:00,2025-09-02 22:00,111421.12,111276.59,-0.1297,-0.2397,-2.21,9215.8,False,2025-09
2025-09-03,Wed,2025-09-03 21:00,2025-09-03 22:00,112260.78,112000.01,-0.2323,-0.3423,-3.15,9212.64,False,2025-09
2025-09-04,Thu,2025-09-04 21:00,2025-09-04 22:00,110411.39,111486.08,0.9734,0.8634,7.95,9220.6,False,2025-09
2025-09-05,Fri,2025-09-05 21:00,2025-09-05 22:00,111646.74,110812.99,-0.7468,-0.8568,-7.9,9212.7,False,2025-09
2025-09-06,Sat,2025-09-06 21:00,2025-09-06 22:00,110196.67,110201.41,0.0043,-0.1057,-0.97,9211.72,False,2025-09
2025-09-07,Sun,2025-09-07 21:00,2025-09-07 22:00,111327.76,111246.86,-0.0727,-0.1827,-1.68,9210.04,False,2025-09
2025-09-08,Mon,2025-09-08 21:00,2025-09-08 22:00,111980.71,112253.9,0.244,0.134,1.23,9211.27,False,2025-09
2025-09-09,Tue,2025-09-09 21:00,2025-09-09 22:00,111529.2,111557.04,0.025,-0.085,-0.78,9210.49,False,2025-09
2025-09-10,Wed,2025-09-10 21:00,2025-09-10 22:00,113619.3,113918.04,0.2629,0.1529,1.41,9211.9,True,2025-09
2025-09-11,Thu,2025-09-11 21:00,2025-09-11 22:00,114433.05,115122.59,0.6026,0.4926,4.54,9216.44,True,2025-09
2025-09-12,Fri,2025-09-12 21:00,2025-09-12 22:00,116256.01,116102.59,-0.132,-0.242,-2.23,9214.21,True,2025-09
2025-09-13,Sat,2025-09-13 21:00,2025-09-13 22:00,115962.02,115934.0,-0.0242,-0.1342,-1.24,9212.97,True,2025-09
2025-09-14,Sun,2025-09-14 21:00,2025-09-14 22:00,115858.81,116056.26,0.1704,0.0604,0.56,9213.53,True,2025-09
2025-09-15,Mon,2025-09-15 21:00,2025-09-15 22:00,115411.99,115326.56,-0.074,-0.184,-1.7,9211.83,True,2025-09
2025-09-16,Tue,2025-09-16 21:00,2025-09-16 22:00,116878.72,116892.33,0.0116,-0.0984,-0.91,9210.93,True,2025-09
2025-09-17,Wed,2025-09-17 21:00,2025-09-17 22:00,115648.63,116598.0,0.8209,0.7109,6.55,9217.47,True,2025-09
2025-09-18,Thu,2025-09-18 21:00,2025-09-18 22:00,117568.08,117112.02,-0.3879,-0.4979,-4.59,9212.88,True,2025-09
2025-09-19,Fri,2025-09-19 21:00,2025-09-19 22:00,115393.54,115663.26,0.2337,0.1237,1.14,9214.02,True,2025-09
2025-09-20,Sat,2025-09-20 21:00,2025-09-20 22:00,115784.54,115844.03,0.0514,-0.0586,-0.54,9213.48,True,2025-09
2025-09-21,Sun,2025-09-21 21:00,2025-09-21 22:00,115369.7,115580.9,0.1831,0.0731,0.67,9214.16,True,2025-09
2025-09-22,Mon,2025-09-22 21:00,2025-09-22 22:00,112847.24,112720.0,-0.1128,-0.2228,-2.05,9212.11,False,2025-09
2025-09-23,Tue,2025-09-23 21:00,2025-09-23 22:00,112018.11,112189.62,0.1531,0.0431,0.4,9212.5,False,2025-09
2025-09-24,Wed,2025-09-24 21:00,2025-09-24 22:00,113537.04,113383.35,-0.1354,-0.2454,-2.26,9210.24,False,2025-09
2025-09-25,Thu,2025-09-25 21:00,2025-09-25 22:00,109204.0,109467.26,0.2411,0.1311,1.21,9211.45,False,2025-09
2025-09-26,Fri,2025-09-26 21:00,2025-09-26 22:00,109349.98,109616.02,0.2433,0.1333,1.23,9212.68,False,2025-09
2025-09-27,Sat,2025-09-27 21:00,2025-09-27 22:00,109441.02,109654.43,0.195,0.085,0.78,9213.46,False,2025-09
2025-09-28,Sun,2025-09-28 21:00,2025-09-28 22:00,110840.79,111969.35,1.0182,0.9082,8.37,9221.83,False,2025-09
2025-09-29,Mon,2025-09-29 21:00,2025-09-29 22:00,114310.0,114240.61,-0.0607,-0.1707,-1.57,9220.25,True,2025-09
2025-09-30,Tue,2025-09-30 21:00,2025-09-30 22:00,114641.98,113947.57,-0.6057,-0.7157,-6.6,9213.65,True,2025-09
2025-10-01,Wed,2025-10-01 21:00,2025-10-01 22:00,117605.15,117816.04,0.1793,0.0693,0.64,9214.29,True,2025-10
2025-10-02,Thu,2025-10-02 21:00,2025-10-02 22:00,120737.12,120342.9,-0.3265,-0.4365,-4.02,9210.27,True,2025-10
2025-10-03,Fri,2025-10-03 21:00,2025-10-03 22:00,122546.2,122556.37,0.0083,-0.1017,-0.94,9209.33,True,2025-10
2025-10-04,Sat,2025-10-04 21:00,2025-10-04 22:00,121943.96,122359.67,0.3409,0.2309,2.13,9211.46,True,2025-10
2025-10-05,Sun,2025-10-05 21:00,2025-10-05 22:00,122739.13,123274.03,0.4358,0.3258,3.0,9214.46,True,2025-10
2025-10-06,Mon,2025-10-06 21:00,2025-10-06 22:00,125266.32,125101.59,-0.1315,-0.2415,-2.23,9212.24,True,2025-10
2025-10-07,Tue,2025-10-07 21:00,2025-10-07 22:00,122017.06,122078.27,0.0502,-0.0598,-0.55,9211.68,True,2025-10
2025-10-08,Wed,2025-10-08 21:00,2025-10-08 22:00,122886.24,123239.52,0.2875,0.1775,1.63,9213.32,True,2025-10
2025-10-09,Thu,2025-10-09 21:00,2025-10-09 22:00,121172.06,121754.14,0.4804,0.3704,3.41,9216.73,True,2025-10
2025-10-10,Fri,2025-10-10 21:00,2025-10-10 22:00,114323.97,114014.76,-0.2705,-0.3805,-3.51,9213.23,False,2025-10
2025-10-11,Sat,2025-10-11 21:00,2025-10-11 22:00,110377.87,111164.06,0.7123,0.6023,5.55,9218.77,False,2025-10
2025-10-12,Sun,2025-10-12 21:00,2025-10-12 22:00,115024.0,115331.19,0.2671,0.1571,1.45,9220.22,False,2025-10
2025-10-13,Mon,2025-10-13 21:00,2025-10-13 22:00,115815.99,115613.03,-0.1752,-0.2852,-2.63,9217.59,False,2025-10
2025-10-14,Tue,2025-10-14 21:00,2025-10-14 22:00,113048.24,113264.91,0.1917,0.0817,0.75,9218.35,False,2025-10
2025-10-15,Wed,2025-10-15 21:00,2025-10-15 22:00,111162.86,110709.88,-0.4075,-0.5175,-4.77,9213.57,False,2025-10
2025-10-16,Thu,2025-10-16 21:00,2025-10-16 22:00,107872.76,107814.12,-0.0544,-0.1644,-1.51,9212.06,False,2025-10
2025-10-17,Fri,2025-10-17 21:00,2025-10-17 22:00,107057.43,107024.0,-0.0312,-0.1412,-1.3,9210.76,False,2025-10
2025-10-18,Sat,2025-10-18 21:00,2025-10-18 22:00,107045.46,107157.5,0.1047,-0.0053,-0.05,9210.71,False,2025-10
2025-10-19,Sun,2025-10-19 21:00,2025-10-19 22:00,108893.14,109182.0,0.2653,0.1553,1.43,9212.14,False,2025-10
2025-10-20,Mon,2025-10-20 21:00,2025-10-20 22:00,111128.03,110830.0,-0.2682,-0.3782,-3.48,9208.66,False,2025-10
2025-10-21,Tue,2025-10-21 21:00,2025-10-21 22:00,110859.98,109115.52,-1.5736,-1.6836,-15.5,9193.15,False,2025-10
2025-10-22,Wed,2025-10-22 21:00,2025-10-22 22:00,107701.27,107203.95,-0.4618,-0.5718,-5.26,9187.9,False,2025-10
2025-10-23,Thu,2025-10-23 21:00,2025-10-23 22:00,109562.01,109985.4,0.3864,0.2764,2.54,9190.44,False,2025-10
2025-10-24,Fri,2025-10-24 21:00,2025-10-24 22:00,110920.22,111044.41,0.112,0.002,0.02,9190.45,False,2025-10
2025-10-25,Sat,2025-10-25 21:00,2025-10-25 22:00,111460.39,111636.0,0.1576,0.0476,0.44,9190.89,False,2025-10
2025-10-26,Sun,2025-10-26 21:00,2025-10-26 22:00,113332.0,114687.72,1.1962,1.0862,9.98,9200.88,True,2025-10
2025-10-27,Mon,2025-10-27 21:00,2025-10-27 22:00,114453.6,114124.12,-0.2879,-0.3979,-3.66,9197.21,True,2025-10
2025-10-28,Tue,2025-10-28 21:00,2025-10-28 22:00,112817.86,113243.29,0.3771,0.2671,2.46,9199.67,False,2025-10
2025-10-29,Wed,2025-10-29 21:00,2025-10-29 22:00,111444.41,111041.99,-0.3611,-0.4711,-4.33,9195.34,False,2025-10
2025-10-30,Thu,2025-10-30 21:00,2025-10-30 22:00,107490.0,107900.0,0.3814,0.2714,2.5,9197.83,False,2025-10
2025-10-31,Fri,2025-10-31 21:00,2025-10-31 22:00,109423.43,109521.92,0.09,-0.02,-0.18,9197.65,False,2025-10
2025-11-01,Sat,2025-11-01 21:00,2025-11-01 22:00,110365.0,110051.03,-0.2845,-0.3945,-3.63,9194.02,False,2025-11
2025-11-02,Sun,2025-11-02 21:00,2025-11-02 22:00,110085.82,109902.0,-0.167,-0.277,-2.55,9191.47,False,2025-11
2025-11-03,Mon,2025-11-03 21:00,2025-11-03 22:00,106628.89,106464.58,-0.1541,-0.2641,-2.43,9189.05,False,2025-11
2025-11-04,Tue,2025-11-04 21:00,2025-11-04 22:00,100689.99,101279.99,0.586,0.476,4.37,9193.42,False,2025-11
2025-11-05,Wed,2025-11-05 21:00,2025-11-05 22:00,103820.96,103693.18,-0.1231,-0.2331,-2.14,9191.28,False,2025-11
2025-11-06,Thu,2025-11-06 21:00,2025-11-06 22:00,100857.04,101355.5,0.4942,0.3842,3.53,9194.81,False,2025-11
2025-11-07,Fri,2025-11-07 21:00,2025-11-07 22:00,103750.0,103584.81,-0.1592,-0.2692,-2.48,9192.33,False,2025-11
2025-11-08,Sat,2025-11-08 21:00,2025-11-08 22:00,102040.97,102345.41,0.2984,0.1884,1.73,9194.07,False,2025-11
2025-11-09,Sun,2025-11-09 21:00,2025-11-09 22:00,104610.02,104715.95,0.1013,-0.0087,-0.08,9193.98,False,2025-11
2025-11-10,Mon,2025-11-10 21:00,2025-11-10 22:00,105979.45,106027.56,0.0454,-0.0646,-0.59,9193.39,False,2025-11
2025-11-11,Tue,2025-11-11 21:00,2025-11-11 22:00,102771.54,102958.78,0.1822,0.0722,0.66,9194.05,False,2025-11
2025-11-12,Wed,2025-11-12 21:00,2025-11-12 22:00,101523.2,101954.74,0.4251,0.3151,2.9,9196.95,False,2025-11
2025-11-13,Thu,2025-11-13 21:00,2025-11-13 22:00,98085.9,99795.65,1.7431,1.6331,15.02,9211.97,False,2025-11
2025-11-14,Fri,2025-11-14 21:00,2025-11-14 22:00,94294.95,95096.01,0.8495,0.7395,6.81,9218.78,False,2025-11
2025-11-15,Sat,2025-11-15 21:00,2025-11-15 22:00,95211.36,95556.69,0.3627,0.2527,2.33,9221.11,False,2025-11
2025-11-16,Sun,2025-11-16 21:00,2025-11-16 22:00,94035.96,94108.67,0.0773,-0.0327,-0.3,9220.81,False,2025-11
2025-11-17,Mon,2025-11-17 21:00,2025-11-17 22:00,91804.6,92139.99,0.3653,0.2553,2.35,9223.17,False,2025-11
2025-11-18,Tue,2025-11-18 21:00,2025-11-18 22:00,92744.01,93112.95,0.3978,0.2878,2.65,9225.82,False,2025-11
2025-11-19,Wed,2025-11-19 21:00,2025-11-19 22:00,89417.65,90384.83,1.0816,0.9716,8.96,9234.78,False,2025-11
2025-11-20,Thu,2025-11-20 21:00,2025-11-20 22:00,86335.37,87969.55,1.8928,1.7828,16.46,9251.25,False,2025-11
2025-11-21,Fri,2025-11-21 21:00,2025-11-21 22:00,84492.0,84210.0,-0.3338,-0.4438,-4.11,9247.14,False,2025-11
2025-11-22,Sat,2025-11-22 21:00,2025-11-22 22:00,84416.62,85012.54,0.7059,0.5959,5.51,9252.65,False,2025-11
2025-11-23,Sun,2025-11-23 21:00,2025-11-23 22:00,87452.01,87980.49,0.6043,0.4943,4.57,9257.23,False,2025-11
2025-11-24,Mon,2025-11-24 21:00,2025-11-24 22:00,89071.42,88605.46,-0.5231,-0.6331,-5.86,9251.37,False,2025-11
2025-11-25,Tue,2025-11-25 21:00,2025-11-25 22:00,87343.45,87596.32,0.2895,0.1795,1.66,9253.03,False,2025-11
2025-11-26,Wed,2025-11-26 21:00,2025-11-26 22:00,89856.06,90370.0,0.572,0.462,4.27,9257.3,False,2025-11
2025-11-27,Thu,2025-11-27 21:00,2025-11-27 22:00,91426.22,91309.88,-0.1273,-0.2373,-2.2,9255.11,False,2025-11
2025-11-28,Fri,2025-11-28 21:00,2025-11-28 22:00,91222.03,91126.6,-0.1046,-0.2146,-1.99,9253.12,False,2025-11
2025-11-29,Sat,2025-11-29 21:00,2025-11-29 22:00,90986.95,90773.73,-0.2343,-0.3443,-3.19,9249.93,False,2025-11
2025-11-30,Sun,2025-11-30 21:00,2025-11-30 22:00,91319.33,91224.83,-0.1035,-0.2135,-1.97,9247.96,False,2025-11
2025-12-01,Mon,2025-12-01 21:00,2025-12-01 22:00,85515.29,86590.35,1.2572,1.1472,10.61,9258.57,False,2025-12
2025-12-02,Tue,2025-12-02 21:00,2025-12-02 22:00,91063.29,92000.45,1.0291,0.9191,8.51,9267.08,False,2025-12
2025-12-03,Wed,2025-12-03 21:00,2025-12-03 22:00,92988.32,93798.43,0.8712,0.7612,7.05,9274.13,False,2025-12
2025-12-04,Thu,2025-12-04 21:00,2025-12-04 22:00,92517.87,92355.64,-0.1753,-0.2853,-2.65,9271.48,False,2025-12
2025-12-05,Fri,2025-12-05 21:00,2025-12-05 22:00,89334.92,89260.61,-0.0832,-0.1932,-1.79,9269.69,False,2025-12
2025-12-06,Sat,2025-12-06 21:00,2025-12-06 22:00,89565.82,89307.28,-0.2887,-0.3987,-3.7,9266.0,False,2025-12
2025-12-07,Sun,2025-12-07 21:00,2025-12-07 22:00,91454.22,89608.16,-2.0186,-2.1286,-19.72,9246.27,False,2025-12
2025-12-08,Mon,2025-12-08 21:00,2025-12-08 22:00,90813.84,90839.76,0.0285,-0.0815,-0.75,9245.52,False,2025-12
2025-12-09,Tue,2025-12-09 21:00,2025-12-09 22:00,93133.76,92884.35,-0.2678,-0.3778,-3.49,9242.03,False,2025-12
2025-12-10,Wed,2025-12-10 21:00,2025-12-10 22:00,92502.11,92528.07,0.0281,-0.0819,-0.76,9241.27,False,2025-12
2025-12-11,Thu,2025-12-11 21:00,2025-12-11 22:00,91808.02,92381.76,0.6249,0.5149,4.76,9246.03,False,2025-12
2025-12-12,Fri,2025-12-12 21:00,2025-12-12 22:00,90220.0,90361.35,0.1567,0.0467,0.43,9246.46,False,2025-12
2025-12-13,Sat,2025-12-13 21:00,2025-12-13 22:00,90110.05,90153.17,0.0479,-0.0621,-0.57,9245.89,False,2025-12
2025-12-14,Sun,2025-12-14 21:00,2025-12-14 22:00,88573.99,88427.41,-0.1655,-0.2755,-2.55,9243.34,False,2025-12
2025-12-15,Mon,2025-12-15 21:00,2025-12-15 22:00,85760.0,86243.69,0.564,0.454,4.2,9247.54,False,2025-12
2025-12-16,Tue,2025-12-16 21:00,2025-12-16 22:00,87552.02,87784.0,0.265,0.155,1.43,9248.97,False,2025-12
2025-12-17,Wed,2025-12-17 21:00,2025-12-17 22:00,85857.39,86313.99,0.5318,0.4218,3.9,9252.87,False,2025-12
2025-12-18,Thu,2025-12-18 21:00,2025-12-18 22:00,84544.0,85534.0,1.171,1.061,9.82,9262.69,False,2025-12
2025-12-19,Fri,2025-12-19 21:00,2025-12-19 22:00,88035.56,88294.0,0.2936,0.1836,1.7,9264.39,False,2025-12
2025-12-20,Sat,2025-12-20 21:00,2025-12-20 22:00,88252.63,88247.98,-0.0053,-0.1153,-1.07,9263.32,False,2025-12
2025-12-21,Sun,2025-12-21 21:00,2025-12-21 22:00,88210.0,88448.95,0.2709,0.1609,1.49,9264.81,False,2025-12
2025-12-22,Mon,2025-12-22 21:00,2025-12-22 22:00,88292.86,88607.0,0.3558,0.2458,2.28,9267.09,False,2025-12
2025-12-23,Tue,2025-12-23 21:00,2025-12-23 22:00,87613.32,87351.63,-0.2987,-0.4087,-3.79,9263.3,False,2025-12
2025-12-24,Wed,2025-12-24 21:00,2025-12-24 22:00,87495.0,87940.0,0.5086,0.3986,3.69,9266.99,False,2025-12
2025-12-25,Thu,2025-12-25 21:00,2025-12-25 22:00,87832.0,87603.99,-0.2596,-0.3696,-3.43,9263.57,False,2025-12
2025-12-26,Fri,2025-12-26 21:00,2025-12-26 22:00,87494.04,87474.49,-0.0223,-0.1323,-1.23,9262.34,False,2025-12
2025-12-27,Sat,2025-12-27 21:00,2025-12-27 22:00,87500.92,87495.69,-0.006,-0.116,-1.07,9261.27,False,2025-12
2025-12-28,Sun,2025-12-28 21:00,2025-12-28 22:00,87439.54,87831.83,0.4486,0.3386,3.14,9264.4,False,2025-12
2025-12-29,Mon,2025-12-29 21:00,2025-12-29 22:00,87078.52,87227.79,0.1714,0.0614,0.57,9264.97,False,2025-12
2025-12-30,Tue,2025-12-30 21:00,2025-12-30 22:00,87836.94,88335.23,0.5673,0.4573,4.24,9269.21,False,2025-12
2025-12-31,Wed,2025-12-31 21:00,2025-12-31 22:00,87515.28,87591.31,0.0869,-0.0231,-0.21,9269.0,False,2025-12
2026-01-01,Thu,2026-01-01 21:00,2026-01-01 22:00,88144.99,88528.02,0.4345,0.3245,3.01,9272.0,False,2026-01
2026-01-02,Fri,2026-01-02 21:00,2026-01-02 22:00,89692.01,90164.0,0.5262,0.4162,3.86,9275.86,False,2026-01
2026-01-03,Sat,2026-01-03 21:00,2026-01-03 22:00,90319.96,90552.02,0.2569,0.1469,1.36,9277.23,False,2026-01
2026-01-04,Sun,2026-01-04 21:00,2026-01-04 22:00,91285.99,91173.15,-0.1236,-0.2336,-2.17,9275.06,False,2026-01
2026-01-05,Mon,2026-01-05 21:00,2026-01-05 22:00,94196.0,94176.01,-0.0212,-0.1312,-1.22,9273.84,True,2026-01
2026-01-06,Tue,2026-01-06 21:00,2026-01-06 22:00,92442.25,93323.07,0.9528,0.8428,7.82,9281.66,True,2026-01
2026-01-07,Wed,2026-01-07 21:00,2026-01-07 22:00,90930.07,91085.3,0.1707,0.0607,0.56,9282.22,False,2026-01
2026-01-08,Thu,2026-01-08 21:00,2026-01-08 22:00,90848.0,91162.4,0.3461,0.2361,2.19,9284.41,False,2026-01
2026-01-09,Fri,2026-01-09 21:00,2026-01-09 22:00,90188.01,90500.0,0.3459,0.2359,2.19,9286.6,False,2026-01
2026-01-10,Sat,2026-01-10 21:00,2026-01-10 22:00,90447.99,90306.17,-0.1568,-0.2668,-2.48,9284.13,False,2026-01
2026-01-11,Sun,2026-01-11 21:00,2026-01-11 22:00,90567.94,90401.63,-0.1836,-0.2936,-2.73,9281.4,False,2026-01
2026-01-12,Mon,2026-01-12 21:00,2026-01-12 22:00,91404.42,91140.61,-0.2886,-0.3986,-3.7,9277.7,False,2026-01
2026-01-13,Tue,2026-01-13 21:00,2026-01-13 22:00,94415.71,95737.5,1.4,1.29,11.97,9289.67,True,2026-01
2026-01-14,Wed,2026-01-14 21:00,2026-01-14 22:00,97679.98,96888.31,-0.8105,-0.9205,-8.55,9281.12,True,2026-01
2026-01-15,Thu,2026-01-15 21:00,2026-01-15 22:00,95233.91,95542.12,0.3236,0.2136,1.98,9283.1,True,2026-01
2026-01-16,Fri,2026-01-16 21:00,2026-01-16 22:00,95530.02,95473.99,-0.0587,-0.1687,-1.57,9281.53,True,2026-01
2026-01-17,Sat,2026-01-17 21:00,2026-01-17 22:00,95342.11,95124.25,-0.2285,-0.3385,-3.14,9278.39,True,2026-01
2026-01-18,Sun,2026-01-18 21:00,2026-01-18 22:00,95264.04,95444.4,0.1893,0.0793,0.74,9279.13,True,2026-01
2026-01-19,Mon,2026-01-19 21:00,2026-01-19 22:00,93096.0,92495.84,-0.6447,-0.7547,-7.0,9272.13,True,2026-01
2026-01-20,Tue,2026-01-20 21:00,2026-01-20 22:00,89606.0,88372.2,-1.3769,-1.4869,-13.79,9258.34,False,2026-01
2026-01-21,Wed,2026-01-21 21:00,2026-01-21 22:00,90136.0,89690.61,-0.4941,-0.6041,-5.59,9252.75,False,2026-01
2026-01-22,Thu,2026-01-22 21:00,2026-01-22 22:00,89309.97,89261.75,-0.054,-0.164,-1.52,9251.23,False,2026-01
2026-01-23,Fri,2026-01-23 21:00,2026-01-23 22:00,89395.93,89515.84,0.1341,0.0241,0.22,9251.45,False,2026-01
2026-01-24,Sat,2026-01-24 21:00,2026-01-24 22:00,89234.95,89298.33,0.071,-0.039,-0.36,9251.09,False,2026-01
2026-01-25,Sun,2026-01-25 21:00,2026-01-25 22:00,86564.02,86433.63,-0.1506,-0.2606,-2.41,9248.68,False,2026-01
2026-01-26,Mon,2026-01-26 21:00,2026-01-26 22:00,87526.01,88046.62,0.5948,0.4848,4.48,9253.16,False,2026-01
2026-01-27,Tue,2026-01-27 21:00,2026-01-27 22:00,89295.74,89130.02,-0.1856,-0.2956,-2.74,9250.43,False,2026-01
2026-01-28,Wed,2026-01-28 21:00,2026-01-28 22:00,88994.16,89240.62,0.2769,0.1669,1.54,9251.97,False,2026-01
2026-01-29,Thu,2026-01-29 21:00,2026-01-29 22:00,84045.19,84425.46,0.4525,0.3425,3.17,9255.14,False,2026-01
2026-01-30,Fri,2026-01-30 21:00,2026-01-30 22:00,83738.01,84085.64,0.4151,0.3051,2.82,9257.97,False,2026-01
2026-01-31,Sat,2026-01-31 21:00,2026-01-31 22:00,77889.1,78060.69,0.2203,0.1103,1.02,9258.99,False,2026-01
2026-02-01,Sun,2026-02-01 21:00,2026-02-01 22:00,77021.51,77170.0,0.1928,0.0828,0.77,9259.75,False,2026-02
2026-02-02,Mon,2026-02-02 21:00,2026-02-02 22:00,77942.63,78737.98,1.0204,0.9104,8.43,9268.18,False,2026-02
2026-02-03,Tue,2026-02-03 21:00,2026-02-03 22:00,76370.28,75603.31,-1.0043,-1.1143,-10.33,9257.86,False,2026-02
2026-02-04,Wed,2026-02-04 21:00,2026-02-04 22:00,73324.06,72362.15,-1.3119,-1.4219,-13.16,9244.69,False,2026-02
2026-02-05,Thu,2026-02-05 21:00,2026-02-05 22:00,63629.83,63791.98,0.2548,0.1448,1.34,9246.03,False,2026-02
2026-02-06,Fri,2026-02-06 21:00,2026-02-06 22:00,69963.98,71292.0,1.8981,1.7881,16.53,9262.56,False,2026-02
2026-02-07,Sat,2026-02-07 21:00,2026-02-07 22:00,69586.33,69356.79,-0.3299,-0.4399,-4.07,9258.49,False,2026-02
2026-02-08,Sun,2026-02-08 21:00,2026-02-08 22:00,70793.14,71010.37,0.3069,0.1969,1.82,9260.31,False,2026-02
2026-02-09,Mon,2026-02-09 21:00,2026-02-09 22:00,70707.99,70336.78,-0.525,-0.635,-5.88,9254.43,False,2026-02
2026-02-10,Tue,2026-02-10 21:00,2026-02-10 22:00,68711.99,68658.0,-0.0786,-0.1886,-1.75,9252.69,False,2026-02
2026-02-11,Wed,2026-02-11 21:00,2026-02-11 22:00,67516.76,67381.02,-0.201,-0.311,-2.88,9249.81,False,2026-02
2026-02-12,Thu,2026-02-12 21:00,2026-02-12 22:00,65359.22,66219.99,1.317,1.207,11.16,9260.97,False,2026-02
2026-02-13,Fri,2026-02-13 21:00,2026-02-13 22:00,68733.72,68959.97,0.3292,0.2192,2.03,9263.0,False,2026-02
2026-02-14,Sat,2026-02-14 21:00,2026-02-14 22:00,69982.01,69923.78,-0.0832,-0.1932,-1.79,9261.21,False,2026-02
2026-02-15,Sun,2026-02-15 21:00,2026-02-15 22:00,68406.91,68954.99,0.8012,0.6912,6.4,9267.62,False,2026-02
2026-02-16,Mon,2026-02-16 21:00,2026-02-16 22:00,68493.04,68558.98,0.0963,-0.0137,-0.13,9267.49,False,2026-02
2026-02-17,Tue,2026-02-17 21:00,2026-02-17 22:00,67707.23,67491.91,-0.318,-0.428,-3.97,9263.52,False,2026-02
2026-02-18,Wed,2026-02-18 21:00,2026-02-18 22:00,66226.46,66361.5,0.2039,0.0939,0.87,9264.39,False,2026-02
2026-02-19,Thu,2026-02-19 21:00,2026-02-19 22:00,67126.1,66880.59,-0.3657,-0.4757,-4.41,9259.98,False,2026-02
2026-02-20,Fri,2026-02-20 21:00,2026-02-20 22:00,67730.14,68052.28,0.4756,0.3656,3.39,9263.37,False,2026-02
2026-02-21,Sat,2026-02-21 21:00,2026-02-21 22:00,68199.98,67961.79,-0.3493,-0.4593,-4.25,9259.12,False,2026-02
2026-02-22,Sun,2026-02-22 21:00,2026-02-22 22:00,67369.89,67642.45,0.4046,0.2946,2.73,9261.84,False,2026-02
2026-02-23,Mon,2026-02-23 21:00,2026-02-23 22:00,64444.14,64705.99,0.4063,0.2963,2.74,9264.59,False,2026-02
2026-02-24,Tue,2026-02-24 21:00,2026-02-24 22:00,64474.48,64119.84,-0.55,-0.66,-6.12,9258.47,False,2026-02
2026-02-25,Wed,2026-02-25 21:00,2026-02-25 22:00,69175.57,68453.75,-1.0435,-1.1535,-10.68,9247.79,False,2026-02
2026-02-26,Thu,2026-02-26 21:00,2026-02-26 22:00,67434.02,67578.85,0.2148,0.1048,0.97,9248.76,False,2026-02
2026-02-27,Fri,2026-02-27 21:00,2026-02-27 22:00,65589.03,65634.66,0.0696,-0.0404,-0.37,9248.39,False,2026-02
2026-02-28,Sat,2026-02-28 21:00,2026-02-28 22:00,66970.45,67117.73,0.2199,0.1099,1.02,9249.4,False,2026-02
2026-03-01,Sun,2026-03-01 21:00,2026-03-01 22:00,65296.67,65257.47,-0.06,-0.17,-1.57,9247.83,False,2026-03
2026-03-02,Mon,2026-03-02 21:00,2026-03-02 22:00,69124.2,69451.21,0.4731,0.3631,3.36,9251.19,False,2026-03
2026-03-03,Tue,2026-03-03 21:00,2026-03-03 22:00,68267.58,68319.02,0.0754,-0.0346,-0.32,9250.87,False,2026-03
2026-03-04,Wed,2026-03-04 21:00,2026-03-04 22:00,73070.0,72721.88,-0.4764,-0.5864,-5.42,9245.44,False,2026-03
2026-03-05,Thu,2026-03-05 21:00,2026-03-05 22:00,71232.0,71213.53,-0.0259,-0.1359,-1.26,9244.19,False,2026-03
2026-03-06,Fri,2026-03-06 21:00,2026-03-06 22:00,68099.45,68317.08,0.3196,0.2096,1.94,9246.12,False,2026-03
2026-03-07,Sat,2026-03-07 21:00,2026-03-07 22:00,67396.68,67262.01,-0.1998,-0.3098,-2.86,9243.26,False,2026-03
2026-03-08,Sun,2026-03-08 21:00,2026-03-08 22:00,67220.17,66239.95,-1.4582,-1.5682,-14.5,9228.76,False,2026-03
2026-03-09,Mon,2026-03-09 21:00,2026-03-09 22:00,68973.84,68640.11,-0.4839,-0.5939,-5.48,9223.28,False,2026-03
2026-03-10,Tue,2026-03-10 21:00,2026-03-10 22:00,70254.98,69714.43,-0.7694,-0.8794,-8.11,9215.17,False,2026-03
2026-03-11,Wed,2026-03-11 21:00,2026-03-11 22:00,70651.32,70390.94,-0.3685,-0.4785,-4.41,9210.76,False,2026-03
2026-03-12,Thu,2026-03-12 21:00,2026-03-12 22:00,70175.68,70178.55,0.0041,-0.1059,-0.98,9209.79,False,2026-03
2026-03-13,Fri,2026-03-13 21:00,2026-03-13 22:00,71359.88,70825.07,-0.7495,-0.8595,-7.92,9201.87,False,2026-03
2026-03-14,Sat,2026-03-14 21:00,2026-03-14 22:00,70821.57,70731.15,-0.1277,-0.2377,-2.19,9199.69,False,2026-03
2026-03-15,Sun,2026-03-15 21:00,2026-03-15 22:00,71739.41,72763.99,1.4282,1.3182,12.13,9211.81,True,2026-03
2026-03-16,Mon,2026-03-16 21:00,2026-03-16 22:00,74243.11,74764.04,0.7017,0.5917,5.45,9217.26,True,2026-03
2026-03-17,Tue,2026-03-17 21:00,2026-03-17 22:00,74533.46,74334.48,-0.267,-0.377,-3.47,9213.79,True,2026-03
2026-03-18,Wed,2026-03-18 21:00,2026-03-18 22:00,71218.8,71150.0,-0.0966,-0.2066,-1.9,9211.88,False,2026-03
2026-03-19,Thu,2026-03-19 21:00,2026-03-19 22:00,70480.86,70189.25,-0.4137,-0.5237,-4.82,9207.06,False,2026-03
2026-03-20,Fri,2026-03-20 21:00,2026-03-20 22:00,70046.25,70764.38,1.0252,0.9152,8.43,9215.49,False,2026-03
2026-03-21,Sat,2026-03-21 21:00,2026-03-21 22:00,70449.31,70259.15,-0.2699,-0.3799,-3.5,9211.98,False,2026-03
2026-03-22,Sun,2026-03-22 21:00,2026-03-22 22:00,68167.08,68318.21,0.2217,0.1117,1.03,9213.01,False,2026-03
2026-03-23,Mon,2026-03-23 21:00,2026-03-23 22:00,70901.43,70752.28,-0.2104,-0.3204,-2.95,9210.06,False,2026-03
2026-03-24,Tue,2026-03-24 21:00,2026-03-24 22:00,70066.26,70284.96,0.3121,0.2021,1.86,9211.92,False,2026-03
2026-03-25,Wed,2026-03-25 21:00,2026-03-25 22:00,70986.57,71341.92,0.5006,0.3906,3.6,9215.52,False,2026-03
2026-03-26,Thu,2026-03-26 21:00,2026-03-26 22:00,68952.22,68839.49,-0.1635,-0.2735,-2.52,9213.0,False,2026-03
2026-03-27,Fri,2026-03-27 21:00,2026-03-27 22:00,65964.3,65972.46,0.0124,-0.0976,-0.9,9212.1,False,2026-03
2026-03-28,Sat,2026-03-28 21:00,2026-03-28 22:00,66864.36,66700.01,-0.2458,-0.3558,-3.28,9208.82,False,2026-03
2026-03-29,Sun,2026-03-29 21:00,2026-03-29 22:00,66552.93,65805.01,-1.1238,-1.2338,-11.36,9197.46,False,2026-03
2026-03-30,Mon,2026-03-30 21:00,2026-03-30 22:00,66593.82,66724.55,0.1963,0.0863,0.79,9198.26,False,2026-03
2026-03-31,Tue,2026-03-31 21:00,2026-03-31 22:00,68198.49,68117.7,-0.1185,-0.2285,-2.1,9196.16,False,2026-03
2026-04-01,Wed,2026-04-01 21:00,2026-04-01 22:00,68185.48,68116.98,-0.1005,-0.2105,-1.94,9194.22,False,2026-04
2026-04-02,Thu,2026-04-02 21:00,2026-04-02 22:00,66939.26,66986.0,0.0698,-0.0402,-0.37,9193.85,False,2026-04
2026-04-03,Fri,2026-04-03 21:00,2026-04-03 22:00,66827.99,66885.05,0.0854,-0.0246,-0.23,9193.62,False,2026-04
2026-04-04,Sat,2026-04-04 21:00,2026-04-04 22:00,67267.48,67395.98,0.191,0.081,0.74,9194.37,False,2026-04
2026-04-05,Sun,2026-04-05 21:00,2026-04-05 22:00,67644.01,68320.43,1.0,0.89,8.18,9202.55,False,2026-04
2026-04-06,Mon,2026-04-06 21:00,2026-04-06 22:00,69833.04,68812.0,-1.4621,-1.5721,-14.47,9188.08,False,2026-04
2026-04-07,Tue,2026-04-07 21:00,2026-04-07 22:00,69313.92,71506.0,3.1625,3.0525,28.05,9216.13,True,2026-04
2026-04-08,Wed,2026-04-08 21:00,2026-04-08 22:00,71387.32,71068.09,-0.4472,-0.5572,-5.14,9211.0,True,2026-04
2026-04-09,Thu,2026-04-09 21:00,2026-04-09 22:00,72430.0,71953.22,-0.6583,-0.7683,-7.08,9203.92,True,2026-04
2026-04-10,Fri,2026-04-10 21:00,2026-04-10 22:00,73400.0,72907.5,-0.671,-0.781,-7.19,9196.73,True,2026-04
2026-04-11,Sat,2026-04-11 21:00,2026-04-11 22:00,73333.2,73410.49,0.1054,-0.0046,-0.04,9196.69,True,2026-04
2026-04-12,Sun,2026-04-12 21:00,2026-04-12 22:00,71364.9,70912.75,-0.6336,-0.7436,-6.84,9189.85,True,2026-04
2026-04-13,Mon,2026-04-13 21:00,2026-04-13 22:00,73193.0,74660.86,2.0055,1.8955,17.42,9207.27,True,2026-04
2026-04-14,Tue,2026-04-14 21:00,2026-04-14 22:00,74152.37,74067.36,-0.1146,-0.2246,-2.07,9205.2,True,2026-04
2026-04-15,Wed,2026-04-15 21:00,2026-04-15 22:00,74872.15,74992.25,0.1604,0.0504,0.46,9205.67,True,2026-04
2026-04-16,Thu,2026-04-16 21:00,2026-04-16 22:00,75245.99,74888.49,-0.4751,-0.5851,-5.39,9200.28,True,2026-04
2026-04-17,Fri,2026-04-17 21:00,2026-04-17 22:00,77366.97,77321.96,-0.0582,-0.1682,-1.55,9198.73,True,2026-04
2026-04-18,Sat,2026-04-18 21:00,2026-04-18 22:00,75784.94,75849.35,0.085,-0.025,-0.23,9198.5,True,2026-04
2026-04-19,Sun,2026-04-19 21:00,2026-04-19 22:00,74662.56,74072.54,-0.7902,-0.9002,-8.28,9190.22,True,2026-04
2026-04-20,Mon,2026-04-20 21:00,2026-04-20 22:00,76317.28,76004.67,-0.4096,-0.5196,-4.78,9185.45,True,2026-04
2026-04-21,Tue,2026-04-21 21:00,2026-04-21 22:00,75711.24,75662.06,-0.065,-0.175,-1.61,9183.84,True,2026-04
2026-04-22,Wed,2026-04-22 21:00,2026-04-22 22:00,78464.05,78635.61,0.2186,0.1086,1.0,9184.84,True,2026-04
2026-04-23,Thu,2026-04-23 21:00,2026-04-23 22:00,77903.01,78257.14,0.4546,0.3446,3.16,9188.0,True,2026-04
2026-04-24,Fri,2026-04-24 21:00,2026-04-24 22:00,77748.68,77360.78,-0.4989,-0.6089,-5.59,9182.41,True,2026-04
2026-04-25,Sat,2026-04-25 21:00,2026-04-25 22:00,77497.08,77577.96,0.1044,-0.0056,-0.05,9182.35,True,2026-04
2026-04-26,Sun,2026-04-26 21:00,2026-04-26 22:00,78216.01,78333.24,0.1499,0.0399,0.37,9182.72,True,2026-04
2026-04-27,Mon,2026-04-27 21:00,2026-04-27 22:00,76955.36,77064.48,0.1418,0.0318,0.29,9183.01,True,2026-04
2026-04-28,Tue,2026-04-28 21:00,2026-04-28 22:00,76461.99,76229.8,-0.3037,-0.4137,-3.8,9179.21,True,2026-04
2026-04-29,Wed,2026-04-29 21:00,2026-04-29 22:00,75649.92,75893.29,0.3217,0.2117,1.94,9181.16,True,2026-04
2026-04-30,Thu,2026-04-30 21:00,2026-04-30 22:00,76461.5,76205.36,-0.335,-0.445,-4.09,9177.07,True,2026-04
2026-05-01,Fri,2026-05-01 21:00,2026-05-01 22:00,77872.81,78149.36,0.3551,0.2451,2.25,9179.32,True,2026-05
2026-05-02,Sat,2026-05-02 21:00,2026-05-02 22:00,78458.67,78833.98,0.4784,0.3684,3.38,9182.7,True,2026-05
2026-05-03,Sun,2026-05-03 21:00,2026-05-03 22:00,78921.14,79168.26,0.3131,0.2031,1.87,9184.57,True,2026-05
2026-05-04,Mon,2026-05-04 21:00,2026-05-04 22:00,79931.33,80059.69,0.1606,0.0506,0.46,9185.03,True,2026-05
2026-05-05,Tue,2026-05-05 21:00,2026-05-05 22:00,81650.01,81120.56,-0.6484,-0.7584,-6.97,9178.07,True,2026-05
2026-05-06,Wed,2026-05-06 21:00,2026-05-06 22:00,81425.9,81339.66,-0.1059,-0.2159,-1.98,9176.08,True,2026-05
2026-05-07,Thu,2026-05-07 21:00,2026-05-07 22:00,79876.14,79907.4,0.0391,-0.0709,-0.65,9175.43,True,2026-05
2026-05-08,Fri,2026-05-08 21:00,2026-05-08 22:00,80131.16,80270.12,0.1734,0.0634,0.58,9176.02,True,2026-05
2026-05-09,Sat,2026-05-09 21:00,2026-05-09 22:00,80797.43,80756.99,-0.0501,-0.1601,-1.47,9174.55,True,2026-05
2026-05-10,Sun,2026-05-10 21:00,2026-05-10 22:00,80723.5,82042.44,1.6339,1.5239,13.98,9188.53,True,2026-05
2026-05-11,Mon,2026-05-11 21:00,2026-05-11 22:00,81812.21,81813.03,0.001,-0.109,-1.0,9187.53,True,2026-05
2026-05-12,Tue,2026-05-12 21:00,2026-05-12 22:00,80673.03,80639.99,-0.041,-0.151,-1.39,9186.14,True,2026-05
2026-05-13,Wed,2026-05-13 21:00,2026-05-13 22:00,79676.65,79396.64,-0.3514,-0.4614,-4.24,9181.9,True,2026-05
2026-05-14,Thu,2026-05-14 21:00,2026-05-14 22:00,81404.16,81444.0,0.0489,-0.0611,-0.56,9181.34,True,2026-05
2026-05-15,Fri,2026-05-15 21:00,2026-05-15 22:00,79083.35,79060.14,-0.0293,-0.1393,-1.28,9180.06,True,2026-05
2026-05-16,Sat,2026-05-16 21:00,2026-05-16 22:00,78208.03,78148.22,-0.0765,-0.1865,-1.71,9178.35,True,2026-05
2026-05-17,Sun,2026-05-17 21:00,2026-05-17 22:00,78225.99,77953.12,-0.3488,-0.4588,-4.21,9174.14,True,2026-05
2026-05-18,Mon,2026-05-18 21:00,2026-05-18 22:00,76849.26,77021.39,0.224,0.114,1.05,9175.18,True,2026-05
2026-05-19,Tue,2026-05-19 21:00,2026-05-19 22:00,76953.35,76640.46,-0.4066,-0.5166,-4.74,9170.44,True,2026-05
2026-05-20,Wed,2026-05-20 21:00,2026-05-20 22:00,77633.91,77424.19,-0.2701,-0.3801,-3.49,9166.96,True,2026-05
2026-05-21,Thu,2026-05-21 21:00,2026-05-21 22:00,77633.76,77550.18,-0.1077,-0.2177,-2.0,9164.96,True,2026-05
